Brand,Model,Series,RAM,Storage,Cashify Price (INR),Cashify + 3% Price (INR),Cashify Link
"Apple","iPhone 17 Pro Max","iPhone 17 Series","N/A","256 GB",109000,112270,"https://www.cashify.in/sell-old-mobile-phone/used-apple-iphone-17-pro-max-256-gb"
"Apple","iPhone 17 Pro Max","iPhone 17 Series","N/A","512 GB",115500,118965,"https://www.cashify.in/sell-old-mobile-phone/used-apple-iphone-17-pro-max-512-gb"
"Apple","iPhone 17 Pro Max","iPhone 17 Series","N/A","1024 GB",119500,123085,"https://www.cashify.in/sell-old-mobile-phone/used-apple-iphone-17-pro-max-1024-gb"
"Apple","iPhone 17 Pro Max","iPhone 17 Series","N/A","2048 GB",125000,128750,"https://www.cashify.in/sell-old-mobile-phone/used-apple-iphone-17-pro-max-2048-gb"
"Apple","iPhone 17 Pro","iPhone 17 Series","N/A","256 GB",101000,104030,"https://www.cashify.in/sell-old-mobile-phone/used-apple-iphone-17-pro-256-gb"
"Apple","iPhone 17 Pro","iPhone 17 Series","N/A","512 GB",106000,109180,"https://www.cashify.in/sell-old-mobile-phone/used-apple-iphone-17-pro-512-gb"
"Apple","iPhone 17 Pro","iPhone 17 Series","N/A","1024 GB",111000,114330,"https://www.cashify.in/sell-old-mobile-phone/used-apple-iphone-17-pro-1024-gb"
"Apple","iPhone 17 Pro","iPhone 17 Series","N/A","2048 GB",116500,119995,"https://www.cashify.in/sell-old-mobile-phone/used-apple-iphone-17-pro-2048-gb"
"Apple","iPhone 17 Air","iPhone 17 Series","N/A","256 GB",85000,87550,"https://www.cashify.in/sell-old-mobile-phone/used-apple-iphone-17-air-256-gb"
"Apple","iPhone 17 Air","iPhone 17 Series","N/A","512 GB",90000,92700,"https://www.cashify.in/sell-old-mobile-phone/used-apple-iphone-17-air-512-gb"
"Apple","iPhone 17 Air","iPhone 17 Series","N/A","1024 GB",95000,97850,"https://www.cashify.in/sell-old-mobile-phone/used-apple-iphone-17-air-1024-gb"
"Apple","iPhone 17 Air","iPhone 17 Series","N/A","2048 GB",100500,103515,"https://www.cashify.in/sell-old-mobile-phone/used-apple-iphone-17-air-2048-gb"
"Apple","iPhone 17","iPhone 17 Series","N/A","128 GB",53000,54590,"https://www.cashify.in/sell-old-mobile-phone/used-apple-iphone-17-128-gb"
"Apple","iPhone 17","iPhone 17 Series","N/A","256 GB",59000,60770,"https://www.cashify.in/sell-old-mobile-phone/used-apple-iphone-17-256-gb"
"Apple","iPhone 17","iPhone 17 Series","N/A","512 GB",64500,66435,"https://www.cashify.in/sell-old-mobile-phone/used-apple-iphone-17-512-gb"
"Apple","iPhone 17","iPhone 17 Series","N/A","1024 GB",69500,71585,"https://www.cashify.in/sell-old-mobile-phone/used-apple-iphone-17-1024-gb"
"Apple","iPhone 16 Pro Max","iPhone 16 Series","N/A","256 GB",96000,98880,"https://www.cashify.in/sell-old-mobile-phone/used-apple-iphone-16-pro-max-256-gb"
"Apple","iPhone 16 Pro Max","iPhone 16 Series","N/A","512 GB",102500,105575,"https://www.cashify.in/sell-old-mobile-phone/used-apple-iphone-16-pro-max-512-gb"
"Apple","iPhone 16 Pro Max","iPhone 16 Series","N/A","1024 GB",106500,109695,"https://www.cashify.in/sell-old-mobile-phone/used-apple-iphone-16-pro-max-1024-gb"
"Apple","iPhone 16 Pro","iPhone 16 Series","N/A","128 GB",80800,83224,"https://www.cashify.in/sell-old-mobile-phone/used-apple-iphone-16-pro-128-gb"
"Apple","iPhone 16 Pro","iPhone 16 Series","N/A","256 GB",86800,89404,"https://www.cashify.in/sell-old-mobile-phone/used-apple-iphone-16-pro-256-gb"
"Apple","iPhone 16 Pro","iPhone 16 Series","N/A","512 GB",91800,94554,"https://www.cashify.in/sell-old-mobile-phone/used-apple-iphone-16-pro-512-gb"
"Apple","iPhone 16 Pro","iPhone 16 Series","N/A","1024 GB",96800,99704,"https://www.cashify.in/sell-old-mobile-phone/used-apple-iphone-16-pro-1024-gb"
"Apple","iPhone 16 Plus","iPhone 16 Series","N/A","128 GB",46500,47895,"https://www.cashify.in/sell-old-mobile-phone/used-apple-iphone-16-plus-128-gb"
"Apple","iPhone 16 Plus","iPhone 16 Series","N/A","256 GB",52500,54075,"https://www.cashify.in/sell-old-mobile-phone/used-apple-iphone-16-plus-256-gb"
"Apple","iPhone 16 Plus","iPhone 16 Series","N/A","512 GB",58000,59740,"https://www.cashify.in/sell-old-mobile-phone/used-apple-iphone-16-plus-512-gb"
"Apple","iPhone 16 Plus","iPhone 16 Series","N/A","1024 GB",63000,64890,"https://www.cashify.in/sell-old-mobile-phone/used-apple-iphone-16-plus-1024-gb"
"Apple","iPhone 16","iPhone 16 Series","N/A","128 GB",42500,43775,"https://www.cashify.in/sell-old-mobile-phone/used-apple-iphone-16-128-gb"
"Apple","iPhone 16","iPhone 16 Series","N/A","256 GB",48500,49955,"https://www.cashify.in/sell-old-mobile-phone/used-apple-iphone-16-256-gb"
"Apple","iPhone 16","iPhone 16 Series","N/A","512 GB",54000,55620,"https://www.cashify.in/sell-old-mobile-phone/used-apple-iphone-16-512-gb"
"Apple","iPhone 16","iPhone 16 Series","N/A","1024 GB",59000,60770,"https://www.cashify.in/sell-old-mobile-phone/used-apple-iphone-16-1024-gb"
"Apple","iPhone 15 Pro Max","iPhone 15 Series","N/A","256 GB",72000,74160,"https://www.cashify.in/sell-old-mobile-phone/used-apple-iphone-15-pro-max-256-gb"
"Apple","iPhone 15 Pro Max","iPhone 15 Series","N/A","512 GB",78500,80855,"https://www.cashify.in/sell-old-mobile-phone/used-apple-iphone-15-pro-max-512-gb"
"Apple","iPhone 15 Pro Max","iPhone 15 Series","N/A","1024 GB",82500,84975,"https://www.cashify.in/sell-old-mobile-phone/used-apple-iphone-15-pro-max-1024-gb"
"Apple","iPhone 15 Pro","iPhone 15 Series","N/A","128 GB",62000,63860,"https://www.cashify.in/sell-old-mobile-phone/used-apple-iphone-15-pro-128-gb"
"Apple","iPhone 15 Pro","iPhone 15 Series","N/A","256 GB",68000,70040,"https://www.cashify.in/sell-old-mobile-phone/used-apple-iphone-15-pro-256-gb"
"Apple","iPhone 15 Pro","iPhone 15 Series","N/A","512 GB",73000,75190,"https://www.cashify.in/sell-old-mobile-phone/used-apple-iphone-15-pro-512-gb"
"Apple","iPhone 15 Pro","iPhone 15 Series","N/A","1024 GB",78000,80340,"https://www.cashify.in/sell-old-mobile-phone/used-apple-iphone-15-pro-1024-gb"
"Apple","iPhone 15 Plus","iPhone 15 Series","N/A","128 GB",38000,39140,"https://www.cashify.in/sell-old-mobile-phone/used-apple-iphone-15-plus-128-gb"
"Apple","iPhone 15 Plus","iPhone 15 Series","N/A","256 GB",44000,45320,"https://www.cashify.in/sell-old-mobile-phone/used-apple-iphone-15-plus-256-gb"
"Apple","iPhone 15 Plus","iPhone 15 Series","N/A","512 GB",49500,50985,"https://www.cashify.in/sell-old-mobile-phone/used-apple-iphone-15-plus-512-gb"
"Apple","iPhone 15 Plus","iPhone 15 Series","N/A","1024 GB",54500,56135,"https://www.cashify.in/sell-old-mobile-phone/used-apple-iphone-15-plus-1024-gb"
"Apple","iPhone 15","iPhone 15 Series","N/A","128 GB",34000,35020,"https://www.cashify.in/sell-old-mobile-phone/used-apple-iphone-15-128-gb"
"Apple","iPhone 15","iPhone 15 Series","N/A","256 GB",40000,41200,"https://www.cashify.in/sell-old-mobile-phone/used-apple-iphone-15-256-gb"
"Apple","iPhone 15","iPhone 15 Series","N/A","512 GB",45500,46865,"https://www.cashify.in/sell-old-mobile-phone/used-apple-iphone-15-512-gb"
"Apple","iPhone 15","iPhone 15 Series","N/A","1024 GB",50500,52015,"https://www.cashify.in/sell-old-mobile-phone/used-apple-iphone-15-1024-gb"
"Apple","iPhone 14 Pro Max","iPhone 14 Series","N/A","256 GB",55000,56650,"https://www.cashify.in/sell-old-mobile-phone/used-apple-iphone-14-pro-max-256-gb"
"Apple","iPhone 14 Pro Max","iPhone 14 Series","N/A","512 GB",61500,63345,"https://www.cashify.in/sell-old-mobile-phone/used-apple-iphone-14-pro-max-512-gb"
"Apple","iPhone 14 Pro Max","iPhone 14 Series","N/A","1024 GB",65500,67465,"https://www.cashify.in/sell-old-mobile-phone/used-apple-iphone-14-pro-max-1024-gb"
"Apple","iPhone 14 Pro","iPhone 14 Series","N/A","128 GB",45000,46350,"https://www.cashify.in/sell-old-mobile-phone/used-apple-iphone-14-pro-128-gb"
"Apple","iPhone 14 Pro","iPhone 14 Series","N/A","256 GB",51000,52530,"https://www.cashify.in/sell-old-mobile-phone/used-apple-iphone-14-pro-256-gb"
"Apple","iPhone 14 Pro","iPhone 14 Series","N/A","512 GB",56000,57680,"https://www.cashify.in/sell-old-mobile-phone/used-apple-iphone-14-pro-512-gb"
"Apple","iPhone 14 Pro","iPhone 14 Series","N/A","1024 GB",61000,62830,"https://www.cashify.in/sell-old-mobile-phone/used-apple-iphone-14-pro-1024-gb"
"Apple","iPhone 14 Plus","iPhone 14 Series","N/A","128 GB",27000,27810,"https://www.cashify.in/sell-old-mobile-phone/used-apple-iphone-14-plus-128-gb"
"Apple","iPhone 14 Plus","iPhone 14 Series","N/A","256 GB",33000,33990,"https://www.cashify.in/sell-old-mobile-phone/used-apple-iphone-14-plus-256-gb"
"Apple","iPhone 14 Plus","iPhone 14 Series","N/A","512 GB",38500,39655,"https://www.cashify.in/sell-old-mobile-phone/used-apple-iphone-14-plus-512-gb"
"Apple","iPhone 14 Plus","iPhone 14 Series","N/A","1024 GB",43500,44805,"https://www.cashify.in/sell-old-mobile-phone/used-apple-iphone-14-plus-1024-gb"
"Apple","iPhone 14","iPhone 14 Series","N/A","128 GB",23000,23690,"https://www.cashify.in/sell-old-mobile-phone/used-apple-iphone-14-128-gb"
"Apple","iPhone 14","iPhone 14 Series","N/A","256 GB",29000,29870,"https://www.cashify.in/sell-old-mobile-phone/used-apple-iphone-14-256-gb"
"Apple","iPhone 14","iPhone 14 Series","N/A","512 GB",34500,35535,"https://www.cashify.in/sell-old-mobile-phone/used-apple-iphone-14-512-gb"
"Apple","iPhone 14","iPhone 14 Series","N/A","1024 GB",39500,40685,"https://www.cashify.in/sell-old-mobile-phone/used-apple-iphone-14-1024-gb"
"Apple","iPhone 13 Pro Max","iPhone 13 Series","N/A","256 GB",55000,56650,"https://www.cashify.in/sell-old-mobile-phone/used-apple-iphone-13-pro-max-256-gb"
"Apple","iPhone 13 Pro Max","iPhone 13 Series","N/A","512 GB",61500,63345,"https://www.cashify.in/sell-old-mobile-phone/used-apple-iphone-13-pro-max-512-gb"
"Apple","iPhone 13 Pro Max","iPhone 13 Series","N/A","1024 GB",65500,67465,"https://www.cashify.in/sell-old-mobile-phone/used-apple-iphone-13-pro-max-1024-gb"
"Apple","iPhone 13 Pro","iPhone 13 Series","N/A","128 GB",45000,46350,"https://www.cashify.in/sell-old-mobile-phone/used-apple-iphone-13-pro-128-gb"
"Apple","iPhone 13 Pro","iPhone 13 Series","N/A","256 GB",51000,52530,"https://www.cashify.in/sell-old-mobile-phone/used-apple-iphone-13-pro-256-gb"
"Apple","iPhone 13 Pro","iPhone 13 Series","N/A","512 GB",56000,57680,"https://www.cashify.in/sell-old-mobile-phone/used-apple-iphone-13-pro-512-gb"
"Apple","iPhone 13 Pro","iPhone 13 Series","N/A","1024 GB",61000,62830,"https://www.cashify.in/sell-old-mobile-phone/used-apple-iphone-13-pro-1024-gb"
"Apple","iPhone 13","iPhone 13 Series","N/A","128 GB",23000,23690,"https://www.cashify.in/sell-old-mobile-phone/used-apple-iphone-13-128-gb"
"Apple","iPhone 13","iPhone 13 Series","N/A","256 GB",29000,29870,"https://www.cashify.in/sell-old-mobile-phone/used-apple-iphone-13-256-gb"
"Apple","iPhone 13","iPhone 13 Series","N/A","512 GB",34500,35535,"https://www.cashify.in/sell-old-mobile-phone/used-apple-iphone-13-512-gb"
"Apple","iPhone 13","iPhone 13 Series","N/A","1024 GB",39500,40685,"https://www.cashify.in/sell-old-mobile-phone/used-apple-iphone-13-1024-gb"
"Apple","iPhone 13 mini","iPhone 13 Series","N/A","128 GB",10000,10300,"https://www.cashify.in/sell-old-mobile-phone/used-apple-iphone-13-mini-128-gb"
"Apple","iPhone 13 mini","iPhone 13 Series","N/A","256 GB",16000,16480,"https://www.cashify.in/sell-old-mobile-phone/used-apple-iphone-13-mini-256-gb"
"Apple","iPhone 13 mini","iPhone 13 Series","N/A","512 GB",21500,22145,"https://www.cashify.in/sell-old-mobile-phone/used-apple-iphone-13-mini-512-gb"
"Apple","iPhone 12 Pro Max","iPhone 12 & 11 Series","N/A","256 GB",37000,38110,"https://www.cashify.in/sell-old-mobile-phone/used-apple-iphone-12-pro-max-256-gb"
"Apple","iPhone 12 Pro Max","iPhone 12 & 11 Series","N/A","512 GB",43500,44805,"https://www.cashify.in/sell-old-mobile-phone/used-apple-iphone-12-pro-max-512-gb"
"Apple","iPhone 12 Pro Max","iPhone 12 & 11 Series","N/A","1024 GB",47500,48925,"https://www.cashify.in/sell-old-mobile-phone/used-apple-iphone-12-pro-max-1024-gb"
"Apple","iPhone 12 Pro","iPhone 12 & 11 Series","N/A","128 GB",27000,27810,"https://www.cashify.in/sell-old-mobile-phone/used-apple-iphone-12-pro-128-gb"
"Apple","iPhone 12 Pro","iPhone 12 & 11 Series","N/A","256 GB",33000,33990,"https://www.cashify.in/sell-old-mobile-phone/used-apple-iphone-12-pro-256-gb"
"Apple","iPhone 12 Pro","iPhone 12 & 11 Series","N/A","512 GB",38000,39140,"https://www.cashify.in/sell-old-mobile-phone/used-apple-iphone-12-pro-512-gb"
"Apple","iPhone 12 Pro","iPhone 12 & 11 Series","N/A","1024 GB",43000,44290,"https://www.cashify.in/sell-old-mobile-phone/used-apple-iphone-12-pro-1024-gb"
"Apple","iPhone 12","iPhone 12 & 11 Series","N/A","128 GB",8500,8755,"https://www.cashify.in/sell-old-mobile-phone/used-apple-iphone-12-128-gb"
"Apple","iPhone 12","iPhone 12 & 11 Series","N/A","256 GB",14500,14935,"https://www.cashify.in/sell-old-mobile-phone/used-apple-iphone-12-256-gb"
"Apple","iPhone 12","iPhone 12 & 11 Series","N/A","512 GB",20000,20600,"https://www.cashify.in/sell-old-mobile-phone/used-apple-iphone-12-512-gb"
"Apple","iPhone 12 mini","iPhone 12 & 11 Series","N/A","128 GB",10000,10300,"https://www.cashify.in/sell-old-mobile-phone/used-apple-iphone-12-mini-128-gb"
"Apple","iPhone 12 mini","iPhone 12 & 11 Series","N/A","256 GB",16000,16480,"https://www.cashify.in/sell-old-mobile-phone/used-apple-iphone-12-mini-256-gb"
"Apple","iPhone 12 mini","iPhone 12 & 11 Series","N/A","512 GB",21500,22145,"https://www.cashify.in/sell-old-mobile-phone/used-apple-iphone-12-mini-512-gb"
"Apple","iPhone 11 Pro Max","iPhone 12 & 11 Series","N/A","256 GB",37000,38110,"https://www.cashify.in/sell-old-mobile-phone/used-apple-iphone-11-pro-max-256-gb"
"Apple","iPhone 11 Pro Max","iPhone 12 & 11 Series","N/A","512 GB",43500,44805,"https://www.cashify.in/sell-old-mobile-phone/used-apple-iphone-11-pro-max-512-gb"
"Apple","iPhone 11 Pro Max","iPhone 12 & 11 Series","N/A","1024 GB",47500,48925,"https://www.cashify.in/sell-old-mobile-phone/used-apple-iphone-11-pro-max-1024-gb"
"Apple","iPhone 11 Pro","iPhone 12 & 11 Series","N/A","128 GB",27000,27810,"https://www.cashify.in/sell-old-mobile-phone/used-apple-iphone-11-pro-128-gb"
"Apple","iPhone 11 Pro","iPhone 12 & 11 Series","N/A","256 GB",33000,33990,"https://www.cashify.in/sell-old-mobile-phone/used-apple-iphone-11-pro-256-gb"
"Apple","iPhone 11 Pro","iPhone 12 & 11 Series","N/A","512 GB",38000,39140,"https://www.cashify.in/sell-old-mobile-phone/used-apple-iphone-11-pro-512-gb"
"Apple","iPhone 11 Pro","iPhone 12 & 11 Series","N/A","1024 GB",43000,44290,"https://www.cashify.in/sell-old-mobile-phone/used-apple-iphone-11-pro-1024-gb"
"Apple","iPhone 11","iPhone 12 & 11 Series","N/A","128 GB",8500,8755,"https://www.cashify.in/sell-old-mobile-phone/used-apple-iphone-11-128-gb"
"Apple","iPhone 11","iPhone 12 & 11 Series","N/A","256 GB",14500,14935,"https://www.cashify.in/sell-old-mobile-phone/used-apple-iphone-11-256-gb"
"Apple","iPhone 11","iPhone 12 & 11 Series","N/A","512 GB",20000,20600,"https://www.cashify.in/sell-old-mobile-phone/used-apple-iphone-11-512-gb"
"Apple","iPhone SE3","iPhone SE & Legacy","N/A","32 GB",8000,8240,"https://www.cashify.in/sell-old-mobile-phone/used-apple-iphone-se3-32-gb"
"Apple","iPhone SE3","iPhone SE & Legacy","N/A","64 GB",8000,8240,"https://www.cashify.in/sell-old-mobile-phone/used-apple-iphone-se3-64-gb"
"Apple","iPhone SE3","iPhone SE & Legacy","N/A","128 GB",3500,3605,"https://www.cashify.in/sell-old-mobile-phone/used-apple-iphone-se3-128-gb"
"Apple","iPhone SE3","iPhone SE & Legacy","N/A","256 GB",8000,8240,"https://www.cashify.in/sell-old-mobile-phone/used-apple-iphone-se3-256-gb"
"Apple","iPhone SE2","iPhone SE & Legacy","N/A","32 GB",8000,8240,"https://www.cashify.in/sell-old-mobile-phone/used-apple-iphone-se2-32-gb"
"Apple","iPhone SE2","iPhone SE & Legacy","N/A","64 GB",8000,8240,"https://www.cashify.in/sell-old-mobile-phone/used-apple-iphone-se2-64-gb"
"Apple","iPhone SE2","iPhone SE & Legacy","N/A","128 GB",3500,3605,"https://www.cashify.in/sell-old-mobile-phone/used-apple-iphone-se2-128-gb"
"Apple","iPhone SE2","iPhone SE & Legacy","N/A","256 GB",8000,8240,"https://www.cashify.in/sell-old-mobile-phone/used-apple-iphone-se2-256-gb"
"Apple","iPhone 16e","iPhone 16 Series","N/A","128 GB",18500,19055,"https://www.cashify.in/sell-old-mobile-phone/used-apple-iphone-16e-128-gb"
"Apple","iPhone 16e","iPhone 16 Series","N/A","256 GB",24500,25235,"https://www.cashify.in/sell-old-mobile-phone/used-apple-iphone-16e-256-gb"
"Apple","iPhone 16e","iPhone 16 Series","N/A","512 GB",30000,30900,"https://www.cashify.in/sell-old-mobile-phone/used-apple-iphone-16e-512-gb"
"Apple","iPhone XR","iPhone SE & Legacy","N/A","32 GB",8000,8240,"https://www.cashify.in/sell-old-mobile-phone/used-apple-iphone-xr-32-gb"
"Apple","iPhone XR","iPhone SE & Legacy","N/A","64 GB",8000,8240,"https://www.cashify.in/sell-old-mobile-phone/used-apple-iphone-xr-64-gb"
"Apple","iPhone XR","iPhone SE & Legacy","N/A","128 GB",3500,3605,"https://www.cashify.in/sell-old-mobile-phone/used-apple-iphone-xr-128-gb"
"Apple","iPhone XR","iPhone SE & Legacy","N/A","256 GB",8000,8240,"https://www.cashify.in/sell-old-mobile-phone/used-apple-iphone-xr-256-gb"
"Apple","iPhone XS","iPhone SE & Legacy","N/A","32 GB",8000,8240,"https://www.cashify.in/sell-old-mobile-phone/used-apple-iphone-xs-32-gb"
"Apple","iPhone XS","iPhone SE & Legacy","N/A","64 GB",8000,8240,"https://www.cashify.in/sell-old-mobile-phone/used-apple-iphone-xs-64-gb"
"Apple","iPhone XS","iPhone SE & Legacy","N/A","128 GB",3500,3605,"https://www.cashify.in/sell-old-mobile-phone/used-apple-iphone-xs-128-gb"
"Apple","iPhone XS","iPhone SE & Legacy","N/A","256 GB",8000,8240,"https://www.cashify.in/sell-old-mobile-phone/used-apple-iphone-xs-256-gb"
"Apple","iPhone XS Max","iPhone SE & Legacy","N/A","32 GB",8000,8240,"https://www.cashify.in/sell-old-mobile-phone/used-apple-iphone-xs-max-32-gb"
"Apple","iPhone XS Max","iPhone SE & Legacy","N/A","64 GB",8000,8240,"https://www.cashify.in/sell-old-mobile-phone/used-apple-iphone-xs-max-64-gb"
"Apple","iPhone XS Max","iPhone SE & Legacy","N/A","128 GB",3500,3605,"https://www.cashify.in/sell-old-mobile-phone/used-apple-iphone-xs-max-128-gb"
"Apple","iPhone XS Max","iPhone SE & Legacy","N/A","256 GB",8000,8240,"https://www.cashify.in/sell-old-mobile-phone/used-apple-iphone-xs-max-256-gb"
"Apple","iPhone X","iPhone SE & Legacy","N/A","32 GB",8000,8240,"https://www.cashify.in/sell-old-mobile-phone/used-apple-iphone-x-32-gb"
"Apple","iPhone X","iPhone SE & Legacy","N/A","64 GB",8000,8240,"https://www.cashify.in/sell-old-mobile-phone/used-apple-iphone-x-64-gb"
"Apple","iPhone X","iPhone SE & Legacy","N/A","128 GB",3500,3605,"https://www.cashify.in/sell-old-mobile-phone/used-apple-iphone-x-128-gb"
"Apple","iPhone X","iPhone SE & Legacy","N/A","256 GB",8000,8240,"https://www.cashify.in/sell-old-mobile-phone/used-apple-iphone-x-256-gb"
"Samsung","Galaxy S20 Ultra","S Series","8 GB","256 GB",33000,33990,"https://www.cashify.in/sell-old-mobile-phone/used-samsung-galaxy-s20-ultra-8-gb-256-gb"
"Samsung","Galaxy S20 Ultra","S Series","8 GB","512 GB",38500,39655,"https://www.cashify.in/sell-old-mobile-phone/used-samsung-galaxy-s20-ultra-8-gb-512-gb"
"Samsung","Galaxy S20 Ultra","S Series","8 GB","1024 GB",43500,44805,"https://www.cashify.in/sell-old-mobile-phone/used-samsung-galaxy-s20-ultra-8-gb-1024-gb"
"Samsung","Galaxy S20 Ultra","S Series","12 GB","256 GB",35400,36462,"https://www.cashify.in/sell-old-mobile-phone/used-samsung-galaxy-s20-ultra-12-gb-256-gb"
"Samsung","Galaxy S20 Ultra","S Series","12 GB","512 GB",40900,42127,"https://www.cashify.in/sell-old-mobile-phone/used-samsung-galaxy-s20-ultra-12-gb-512-gb"
"Samsung","Galaxy S20 Ultra","S Series","12 GB","1024 GB",45900,47277,"https://www.cashify.in/sell-old-mobile-phone/used-samsung-galaxy-s20-ultra-12-gb-1024-gb"
"Samsung","Galaxy S21 Ultra","S Series","8 GB","256 GB",33000,33990,"https://www.cashify.in/sell-old-mobile-phone/used-samsung-galaxy-s21-ultra-8-gb-256-gb"
"Samsung","Galaxy S21 Ultra","S Series","8 GB","512 GB",38500,39655,"https://www.cashify.in/sell-old-mobile-phone/used-samsung-galaxy-s21-ultra-8-gb-512-gb"
"Samsung","Galaxy S21 Ultra","S Series","8 GB","1024 GB",43500,44805,"https://www.cashify.in/sell-old-mobile-phone/used-samsung-galaxy-s21-ultra-8-gb-1024-gb"
"Samsung","Galaxy S21 Ultra","S Series","12 GB","256 GB",35400,36462,"https://www.cashify.in/sell-old-mobile-phone/used-samsung-galaxy-s21-ultra-12-gb-256-gb"
"Samsung","Galaxy S21 Ultra","S Series","12 GB","512 GB",40900,42127,"https://www.cashify.in/sell-old-mobile-phone/used-samsung-galaxy-s21-ultra-12-gb-512-gb"
"Samsung","Galaxy S21 Ultra","S Series","12 GB","1024 GB",45900,47277,"https://www.cashify.in/sell-old-mobile-phone/used-samsung-galaxy-s21-ultra-12-gb-1024-gb"
"Samsung","Galaxy S22 Ultra","S Series","8 GB","256 GB",33000,33990,"https://www.cashify.in/sell-old-mobile-phone/used-samsung-galaxy-s22-ultra-8-gb-256-gb"
"Samsung","Galaxy S22 Ultra","S Series","8 GB","512 GB",38500,39655,"https://www.cashify.in/sell-old-mobile-phone/used-samsung-galaxy-s22-ultra-8-gb-512-gb"
"Samsung","Galaxy S22 Ultra","S Series","8 GB","1024 GB",43500,44805,"https://www.cashify.in/sell-old-mobile-phone/used-samsung-galaxy-s22-ultra-8-gb-1024-gb"
"Samsung","Galaxy S22 Ultra","S Series","12 GB","256 GB",35400,36462,"https://www.cashify.in/sell-old-mobile-phone/used-samsung-galaxy-s22-ultra-12-gb-256-gb"
"Samsung","Galaxy S22 Ultra","S Series","12 GB","512 GB",40900,42127,"https://www.cashify.in/sell-old-mobile-phone/used-samsung-galaxy-s22-ultra-12-gb-512-gb"
"Samsung","Galaxy S22 Ultra","S Series","12 GB","1024 GB",45900,47277,"https://www.cashify.in/sell-old-mobile-phone/used-samsung-galaxy-s22-ultra-12-gb-1024-gb"
"Samsung","Galaxy S23 Ultra","S Series","8 GB","256 GB",62500,64375,"https://www.cashify.in/sell-old-mobile-phone/used-samsung-galaxy-s23-ultra-8-gb-256-gb"
"Samsung","Galaxy S23 Ultra","S Series","8 GB","512 GB",68000,70040,"https://www.cashify.in/sell-old-mobile-phone/used-samsung-galaxy-s23-ultra-8-gb-512-gb"
"Samsung","Galaxy S23 Ultra","S Series","8 GB","1024 GB",73000,75190,"https://www.cashify.in/sell-old-mobile-phone/used-samsung-galaxy-s23-ultra-8-gb-1024-gb"
"Samsung","Galaxy S23 Ultra","S Series","12 GB","256 GB",64900,66847,"https://www.cashify.in/sell-old-mobile-phone/used-samsung-galaxy-s23-ultra-12-gb-256-gb"
"Samsung","Galaxy S23 Ultra","S Series","12 GB","512 GB",70400,72512,"https://www.cashify.in/sell-old-mobile-phone/used-samsung-galaxy-s23-ultra-12-gb-512-gb"
"Samsung","Galaxy S23 Ultra","S Series","12 GB","1024 GB",75400,77662,"https://www.cashify.in/sell-old-mobile-phone/used-samsung-galaxy-s23-ultra-12-gb-1024-gb"
"Samsung","Galaxy S23 Ultra","S Series","16 GB","256 GB",67300,69319,"https://www.cashify.in/sell-old-mobile-phone/used-samsung-galaxy-s23-ultra-16-gb-256-gb"
"Samsung","Galaxy S23 Ultra","S Series","16 GB","512 GB",72800,74984,"https://www.cashify.in/sell-old-mobile-phone/used-samsung-galaxy-s23-ultra-16-gb-512-gb"
"Samsung","Galaxy S23 Ultra","S Series","16 GB","1024 GB",77800,80134,"https://www.cashify.in/sell-old-mobile-phone/used-samsung-galaxy-s23-ultra-16-gb-1024-gb"
"Samsung","Galaxy S24 Ultra","S Series","8 GB","256 GB",74500,76735,"https://www.cashify.in/sell-old-mobile-phone/used-samsung-galaxy-s24-ultra-8-gb-256-gb"
"Samsung","Galaxy S24 Ultra","S Series","8 GB","512 GB",80000,82400,"https://www.cashify.in/sell-old-mobile-phone/used-samsung-galaxy-s24-ultra-8-gb-512-gb"
"Samsung","Galaxy S24 Ultra","S Series","8 GB","1024 GB",85000,87550,"https://www.cashify.in/sell-old-mobile-phone/used-samsung-galaxy-s24-ultra-8-gb-1024-gb"
"Samsung","Galaxy S24 Ultra","S Series","12 GB","256 GB",76900,79207,"https://www.cashify.in/sell-old-mobile-phone/used-samsung-galaxy-s24-ultra-12-gb-256-gb"
"Samsung","Galaxy S24 Ultra","S Series","12 GB","512 GB",82400,84872,"https://www.cashify.in/sell-old-mobile-phone/used-samsung-galaxy-s24-ultra-12-gb-512-gb"
"Samsung","Galaxy S24 Ultra","S Series","12 GB","1024 GB",87400,90022,"https://www.cashify.in/sell-old-mobile-phone/used-samsung-galaxy-s24-ultra-12-gb-1024-gb"
"Samsung","Galaxy S24 Ultra","S Series","16 GB","256 GB",79300,81679,"https://www.cashify.in/sell-old-mobile-phone/used-samsung-galaxy-s24-ultra-16-gb-256-gb"
"Samsung","Galaxy S24 Ultra","S Series","16 GB","512 GB",84800,87344,"https://www.cashify.in/sell-old-mobile-phone/used-samsung-galaxy-s24-ultra-16-gb-512-gb"
"Samsung","Galaxy S24 Ultra","S Series","16 GB","1024 GB",89800,92494,"https://www.cashify.in/sell-old-mobile-phone/used-samsung-galaxy-s24-ultra-16-gb-1024-gb"
"Samsung","Galaxy S25 Ultra","S Series","8 GB","256 GB",84500,87035,"https://www.cashify.in/sell-old-mobile-phone/used-samsung-galaxy-s25-ultra-8-gb-256-gb"
"Samsung","Galaxy S25 Ultra","S Series","8 GB","512 GB",90000,92700,"https://www.cashify.in/sell-old-mobile-phone/used-samsung-galaxy-s25-ultra-8-gb-512-gb"
"Samsung","Galaxy S25 Ultra","S Series","8 GB","1024 GB",95000,97850,"https://www.cashify.in/sell-old-mobile-phone/used-samsung-galaxy-s25-ultra-8-gb-1024-gb"
"Samsung","Galaxy S25 Ultra","S Series","12 GB","256 GB",86900,89507,"https://www.cashify.in/sell-old-mobile-phone/used-samsung-galaxy-s25-ultra-12-gb-256-gb"
"Samsung","Galaxy S25 Ultra","S Series","12 GB","512 GB",92400,95172,"https://www.cashify.in/sell-old-mobile-phone/used-samsung-galaxy-s25-ultra-12-gb-512-gb"
"Samsung","Galaxy S25 Ultra","S Series","12 GB","1024 GB",97400,100322,"https://www.cashify.in/sell-old-mobile-phone/used-samsung-galaxy-s25-ultra-12-gb-1024-gb"
"Samsung","Galaxy S25 Ultra","S Series","16 GB","256 GB",89300,91979,"https://www.cashify.in/sell-old-mobile-phone/used-samsung-galaxy-s25-ultra-16-gb-256-gb"
"Samsung","Galaxy S25 Ultra","S Series","16 GB","512 GB",94800,97644,"https://www.cashify.in/sell-old-mobile-phone/used-samsung-galaxy-s25-ultra-16-gb-512-gb"
"Samsung","Galaxy S25 Ultra","S Series","16 GB","1024 GB",99800,102794,"https://www.cashify.in/sell-old-mobile-phone/used-samsung-galaxy-s25-ultra-16-gb-1024-gb"
"Samsung","Galaxy S21","S Series","6 GB","128 GB",6500,6695,"https://www.cashify.in/sell-old-mobile-phone/used-samsung-galaxy-s21-6-gb-128-gb"
"Samsung","Galaxy S21","S Series","6 GB","256 GB",12500,12875,"https://www.cashify.in/sell-old-mobile-phone/used-samsung-galaxy-s21-6-gb-256-gb"
"Samsung","Galaxy S21","S Series","6 GB","512 GB",18000,18540,"https://www.cashify.in/sell-old-mobile-phone/used-samsung-galaxy-s21-6-gb-512-gb"
"Samsung","Galaxy S21","S Series","8 GB","128 GB",7700,7931,"https://www.cashify.in/sell-old-mobile-phone/used-samsung-galaxy-s21-8-gb-128-gb"
"Samsung","Galaxy S21","S Series","8 GB","256 GB",13700,14111,"https://www.cashify.in/sell-old-mobile-phone/used-samsung-galaxy-s21-8-gb-256-gb"
"Samsung","Galaxy S21","S Series","8 GB","512 GB",19200,19776,"https://www.cashify.in/sell-old-mobile-phone/used-samsung-galaxy-s21-8-gb-512-gb"
"Samsung","Galaxy S21","S Series","12 GB","128 GB",10100,10403,"https://www.cashify.in/sell-old-mobile-phone/used-samsung-galaxy-s21-12-gb-128-gb"
"Samsung","Galaxy S21","S Series","12 GB","256 GB",16100,16583,"https://www.cashify.in/sell-old-mobile-phone/used-samsung-galaxy-s21-12-gb-256-gb"
"Samsung","Galaxy S21","S Series","12 GB","512 GB",21600,22248,"https://www.cashify.in/sell-old-mobile-phone/used-samsung-galaxy-s21-12-gb-512-gb"
"Samsung","Galaxy S22","S Series","6 GB","128 GB",6500,6695,"https://www.cashify.in/sell-old-mobile-phone/used-samsung-galaxy-s22-6-gb-128-gb"
"Samsung","Galaxy S22","S Series","6 GB","256 GB",12500,12875,"https://www.cashify.in/sell-old-mobile-phone/used-samsung-galaxy-s22-6-gb-256-gb"
"Samsung","Galaxy S22","S Series","6 GB","512 GB",18000,18540,"https://www.cashify.in/sell-old-mobile-phone/used-samsung-galaxy-s22-6-gb-512-gb"
"Samsung","Galaxy S22","S Series","8 GB","128 GB",7700,7931,"https://www.cashify.in/sell-old-mobile-phone/used-samsung-galaxy-s22-8-gb-128-gb"
"Samsung","Galaxy S22","S Series","8 GB","256 GB",13700,14111,"https://www.cashify.in/sell-old-mobile-phone/used-samsung-galaxy-s22-8-gb-256-gb"
"Samsung","Galaxy S22","S Series","8 GB","512 GB",19200,19776,"https://www.cashify.in/sell-old-mobile-phone/used-samsung-galaxy-s22-8-gb-512-gb"
"Samsung","Galaxy S22","S Series","12 GB","128 GB",10100,10403,"https://www.cashify.in/sell-old-mobile-phone/used-samsung-galaxy-s22-12-gb-128-gb"
"Samsung","Galaxy S22","S Series","12 GB","256 GB",16100,16583,"https://www.cashify.in/sell-old-mobile-phone/used-samsung-galaxy-s22-12-gb-256-gb"
"Samsung","Galaxy S22","S Series","12 GB","512 GB",21600,22248,"https://www.cashify.in/sell-old-mobile-phone/used-samsung-galaxy-s22-12-gb-512-gb"
"Samsung","Galaxy S23","S Series","8 GB","128 GB",28000,28840,"https://www.cashify.in/sell-old-mobile-phone/used-samsung-galaxy-s23-8-gb-128-gb"
"Samsung","Galaxy S23","S Series","8 GB","256 GB",34000,35020,"https://www.cashify.in/sell-old-mobile-phone/used-samsung-galaxy-s23-8-gb-256-gb"
"Samsung","Galaxy S23","S Series","8 GB","512 GB",39500,40685,"https://www.cashify.in/sell-old-mobile-phone/used-samsung-galaxy-s23-8-gb-512-gb"
"Samsung","Galaxy S23","S Series","8 GB","1024 GB",44500,45835,"https://www.cashify.in/sell-old-mobile-phone/used-samsung-galaxy-s23-8-gb-1024-gb"
"Samsung","Galaxy S23","S Series","12 GB","128 GB",30400,31312,"https://www.cashify.in/sell-old-mobile-phone/used-samsung-galaxy-s23-12-gb-128-gb"
"Samsung","Galaxy S23","S Series","12 GB","256 GB",36400,37492,"https://www.cashify.in/sell-old-mobile-phone/used-samsung-galaxy-s23-12-gb-256-gb"
"Samsung","Galaxy S23","S Series","12 GB","512 GB",41900,43157,"https://www.cashify.in/sell-old-mobile-phone/used-samsung-galaxy-s23-12-gb-512-gb"
"Samsung","Galaxy S23","S Series","12 GB","1024 GB",46900,48307,"https://www.cashify.in/sell-old-mobile-phone/used-samsung-galaxy-s23-12-gb-1024-gb"
"Samsung","Galaxy S24","S Series","8 GB","128 GB",35500,36565,"https://www.cashify.in/sell-old-mobile-phone/used-samsung-galaxy-s24-8-gb-128-gb"
"Samsung","Galaxy S24","S Series","8 GB","256 GB",41500,42745,"https://www.cashify.in/sell-old-mobile-phone/used-samsung-galaxy-s24-8-gb-256-gb"
"Samsung","Galaxy S24","S Series","8 GB","512 GB",47000,48410,"https://www.cashify.in/sell-old-mobile-phone/used-samsung-galaxy-s24-8-gb-512-gb"
"Samsung","Galaxy S24","S Series","8 GB","1024 GB",52000,53560,"https://www.cashify.in/sell-old-mobile-phone/used-samsung-galaxy-s24-8-gb-1024-gb"
"Samsung","Galaxy S24","S Series","12 GB","128 GB",37900,39037,"https://www.cashify.in/sell-old-mobile-phone/used-samsung-galaxy-s24-12-gb-128-gb"
"Samsung","Galaxy S24","S Series","12 GB","256 GB",43900,45217,"https://www.cashify.in/sell-old-mobile-phone/used-samsung-galaxy-s24-12-gb-256-gb"
"Samsung","Galaxy S24","S Series","12 GB","512 GB",49400,50882,"https://www.cashify.in/sell-old-mobile-phone/used-samsung-galaxy-s24-12-gb-512-gb"
"Samsung","Galaxy S24","S Series","12 GB","1024 GB",54400,56032,"https://www.cashify.in/sell-old-mobile-phone/used-samsung-galaxy-s24-12-gb-1024-gb"
"Samsung","Galaxy S25","S Series","8 GB","128 GB",41500,42745,"https://www.cashify.in/sell-old-mobile-phone/used-samsung-galaxy-s25-8-gb-128-gb"
"Samsung","Galaxy S25","S Series","8 GB","256 GB",47500,48925,"https://www.cashify.in/sell-old-mobile-phone/used-samsung-galaxy-s25-8-gb-256-gb"
"Samsung","Galaxy S25","S Series","8 GB","512 GB",53000,54590,"https://www.cashify.in/sell-old-mobile-phone/used-samsung-galaxy-s25-8-gb-512-gb"
"Samsung","Galaxy S25","S Series","8 GB","1024 GB",58000,59740,"https://www.cashify.in/sell-old-mobile-phone/used-samsung-galaxy-s25-8-gb-1024-gb"
"Samsung","Galaxy S25","S Series","12 GB","128 GB",43900,45217,"https://www.cashify.in/sell-old-mobile-phone/used-samsung-galaxy-s25-12-gb-128-gb"
"Samsung","Galaxy S25","S Series","12 GB","256 GB",49900,51397,"https://www.cashify.in/sell-old-mobile-phone/used-samsung-galaxy-s25-12-gb-256-gb"
"Samsung","Galaxy S25","S Series","12 GB","512 GB",55400,57062,"https://www.cashify.in/sell-old-mobile-phone/used-samsung-galaxy-s25-12-gb-512-gb"
"Samsung","Galaxy S25","S Series","12 GB","1024 GB",60400,62212,"https://www.cashify.in/sell-old-mobile-phone/used-samsung-galaxy-s25-12-gb-1024-gb"
"Samsung","Galaxy S21 Plus","S Series","6 GB","128 GB",10500,10815,"https://www.cashify.in/sell-old-mobile-phone/used-samsung-galaxy-s21-plus-6-gb-128-gb"
"Samsung","Galaxy S21 Plus","S Series","6 GB","256 GB",16500,16995,"https://www.cashify.in/sell-old-mobile-phone/used-samsung-galaxy-s21-plus-6-gb-256-gb"
"Samsung","Galaxy S21 Plus","S Series","6 GB","512 GB",22000,22660,"https://www.cashify.in/sell-old-mobile-phone/used-samsung-galaxy-s21-plus-6-gb-512-gb"
"Samsung","Galaxy S21 Plus","S Series","8 GB","128 GB",11700,12051,"https://www.cashify.in/sell-old-mobile-phone/used-samsung-galaxy-s21-plus-8-gb-128-gb"
"Samsung","Galaxy S21 Plus","S Series","8 GB","256 GB",17700,18231,"https://www.cashify.in/sell-old-mobile-phone/used-samsung-galaxy-s21-plus-8-gb-256-gb"
"Samsung","Galaxy S21 Plus","S Series","8 GB","512 GB",23200,23896,"https://www.cashify.in/sell-old-mobile-phone/used-samsung-galaxy-s21-plus-8-gb-512-gb"
"Samsung","Galaxy S21 Plus","S Series","12 GB","128 GB",14100,14523,"https://www.cashify.in/sell-old-mobile-phone/used-samsung-galaxy-s21-plus-12-gb-128-gb"
"Samsung","Galaxy S21 Plus","S Series","12 GB","256 GB",20100,20703,"https://www.cashify.in/sell-old-mobile-phone/used-samsung-galaxy-s21-plus-12-gb-256-gb"
"Samsung","Galaxy S21 Plus","S Series","12 GB","512 GB",25600,26368,"https://www.cashify.in/sell-old-mobile-phone/used-samsung-galaxy-s21-plus-12-gb-512-gb"
"Samsung","Galaxy S22 Plus","S Series","8 GB","128 GB",23000,23690,"https://www.cashify.in/sell-old-mobile-phone/used-samsung-galaxy-s22-plus-8-gb-128-gb"
"Samsung","Galaxy S22 Plus","S Series","8 GB","256 GB",29000,29870,"https://www.cashify.in/sell-old-mobile-phone/used-samsung-galaxy-s22-plus-8-gb-256-gb"
"Samsung","Galaxy S22 Plus","S Series","8 GB","512 GB",34500,35535,"https://www.cashify.in/sell-old-mobile-phone/used-samsung-galaxy-s22-plus-8-gb-512-gb"
"Samsung","Galaxy S22 Plus","S Series","8 GB","1024 GB",39500,40685,"https://www.cashify.in/sell-old-mobile-phone/used-samsung-galaxy-s22-plus-8-gb-1024-gb"
"Samsung","Galaxy S22 Plus","S Series","12 GB","128 GB",25400,26162,"https://www.cashify.in/sell-old-mobile-phone/used-samsung-galaxy-s22-plus-12-gb-128-gb"
"Samsung","Galaxy S22 Plus","S Series","12 GB","256 GB",31400,32342,"https://www.cashify.in/sell-old-mobile-phone/used-samsung-galaxy-s22-plus-12-gb-256-gb"
"Samsung","Galaxy S22 Plus","S Series","12 GB","512 GB",36900,38007,"https://www.cashify.in/sell-old-mobile-phone/used-samsung-galaxy-s22-plus-12-gb-512-gb"
"Samsung","Galaxy S22 Plus","S Series","12 GB","1024 GB",41900,43157,"https://www.cashify.in/sell-old-mobile-phone/used-samsung-galaxy-s22-plus-12-gb-1024-gb"
"Samsung","Galaxy S23 Plus","S Series","8 GB","128 GB",32000,32960,"https://www.cashify.in/sell-old-mobile-phone/used-samsung-galaxy-s23-plus-8-gb-128-gb"
"Samsung","Galaxy S23 Plus","S Series","8 GB","256 GB",38000,39140,"https://www.cashify.in/sell-old-mobile-phone/used-samsung-galaxy-s23-plus-8-gb-256-gb"
"Samsung","Galaxy S23 Plus","S Series","8 GB","512 GB",43500,44805,"https://www.cashify.in/sell-old-mobile-phone/used-samsung-galaxy-s23-plus-8-gb-512-gb"
"Samsung","Galaxy S23 Plus","S Series","8 GB","1024 GB",48500,49955,"https://www.cashify.in/sell-old-mobile-phone/used-samsung-galaxy-s23-plus-8-gb-1024-gb"
"Samsung","Galaxy S23 Plus","S Series","12 GB","128 GB",34400,35432,"https://www.cashify.in/sell-old-mobile-phone/used-samsung-galaxy-s23-plus-12-gb-128-gb"
"Samsung","Galaxy S23 Plus","S Series","12 GB","256 GB",40400,41612,"https://www.cashify.in/sell-old-mobile-phone/used-samsung-galaxy-s23-plus-12-gb-256-gb"
"Samsung","Galaxy S23 Plus","S Series","12 GB","512 GB",45900,47277,"https://www.cashify.in/sell-old-mobile-phone/used-samsung-galaxy-s23-plus-12-gb-512-gb"
"Samsung","Galaxy S23 Plus","S Series","12 GB","1024 GB",50900,52427,"https://www.cashify.in/sell-old-mobile-phone/used-samsung-galaxy-s23-plus-12-gb-1024-gb"
"Samsung","Galaxy S24 Plus","S Series","8 GB","128 GB",39500,40685,"https://www.cashify.in/sell-old-mobile-phone/used-samsung-galaxy-s24-plus-8-gb-128-gb"
"Samsung","Galaxy S24 Plus","S Series","8 GB","256 GB",45500,46865,"https://www.cashify.in/sell-old-mobile-phone/used-samsung-galaxy-s24-plus-8-gb-256-gb"
"Samsung","Galaxy S24 Plus","S Series","8 GB","512 GB",51000,52530,"https://www.cashify.in/sell-old-mobile-phone/used-samsung-galaxy-s24-plus-8-gb-512-gb"
"Samsung","Galaxy S24 Plus","S Series","8 GB","1024 GB",56000,57680,"https://www.cashify.in/sell-old-mobile-phone/used-samsung-galaxy-s24-plus-8-gb-1024-gb"
"Samsung","Galaxy S24 Plus","S Series","12 GB","128 GB",41900,43157,"https://www.cashify.in/sell-old-mobile-phone/used-samsung-galaxy-s24-plus-12-gb-128-gb"
"Samsung","Galaxy S24 Plus","S Series","12 GB","256 GB",47900,49337,"https://www.cashify.in/sell-old-mobile-phone/used-samsung-galaxy-s24-plus-12-gb-256-gb"
"Samsung","Galaxy S24 Plus","S Series","12 GB","512 GB",53400,55002,"https://www.cashify.in/sell-old-mobile-phone/used-samsung-galaxy-s24-plus-12-gb-512-gb"
"Samsung","Galaxy S24 Plus","S Series","12 GB","1024 GB",58400,60152,"https://www.cashify.in/sell-old-mobile-phone/used-samsung-galaxy-s24-plus-12-gb-1024-gb"
"Samsung","Galaxy S25 Plus","S Series","8 GB","128 GB",74500,76735,"https://www.cashify.in/sell-old-mobile-phone/used-samsung-galaxy-s25-plus-8-gb-128-gb"
"Samsung","Galaxy S25 Plus","S Series","8 GB","256 GB",80500,82915,"https://www.cashify.in/sell-old-mobile-phone/used-samsung-galaxy-s25-plus-8-gb-256-gb"
"Samsung","Galaxy S25 Plus","S Series","8 GB","512 GB",86000,88580,"https://www.cashify.in/sell-old-mobile-phone/used-samsung-galaxy-s25-plus-8-gb-512-gb"
"Samsung","Galaxy S25 Plus","S Series","8 GB","1024 GB",91000,93730,"https://www.cashify.in/sell-old-mobile-phone/used-samsung-galaxy-s25-plus-8-gb-1024-gb"
"Samsung","Galaxy S25 Plus","S Series","12 GB","128 GB",76900,79207,"https://www.cashify.in/sell-old-mobile-phone/used-samsung-galaxy-s25-plus-12-gb-128-gb"
"Samsung","Galaxy S25 Plus","S Series","12 GB","256 GB",82900,85387,"https://www.cashify.in/sell-old-mobile-phone/used-samsung-galaxy-s25-plus-12-gb-256-gb"
"Samsung","Galaxy S25 Plus","S Series","12 GB","512 GB",88400,91052,"https://www.cashify.in/sell-old-mobile-phone/used-samsung-galaxy-s25-plus-12-gb-512-gb"
"Samsung","Galaxy S25 Plus","S Series","12 GB","1024 GB",93400,96202,"https://www.cashify.in/sell-old-mobile-phone/used-samsung-galaxy-s25-plus-12-gb-1024-gb"
"Samsung","Galaxy S25 Plus","S Series","16 GB","128 GB",79300,81679,"https://www.cashify.in/sell-old-mobile-phone/used-samsung-galaxy-s25-plus-16-gb-128-gb"
"Samsung","Galaxy S25 Plus","S Series","16 GB","256 GB",85300,87859,"https://www.cashify.in/sell-old-mobile-phone/used-samsung-galaxy-s25-plus-16-gb-256-gb"
"Samsung","Galaxy S25 Plus","S Series","16 GB","512 GB",90800,93524,"https://www.cashify.in/sell-old-mobile-phone/used-samsung-galaxy-s25-plus-16-gb-512-gb"
"Samsung","Galaxy S25 Plus","S Series","16 GB","1024 GB",95800,98674,"https://www.cashify.in/sell-old-mobile-phone/used-samsung-galaxy-s25-plus-16-gb-1024-gb"
"Samsung","Galaxy S21 FE","S Series","6 GB","128 GB",6500,6695,"https://www.cashify.in/sell-old-mobile-phone/used-samsung-galaxy-s21-fe-6-gb-128-gb"
"Samsung","Galaxy S21 FE","S Series","6 GB","256 GB",12500,12875,"https://www.cashify.in/sell-old-mobile-phone/used-samsung-galaxy-s21-fe-6-gb-256-gb"
"Samsung","Galaxy S21 FE","S Series","6 GB","512 GB",18000,18540,"https://www.cashify.in/sell-old-mobile-phone/used-samsung-galaxy-s21-fe-6-gb-512-gb"
"Samsung","Galaxy S21 FE","S Series","8 GB","128 GB",7700,7931,"https://www.cashify.in/sell-old-mobile-phone/used-samsung-galaxy-s21-fe-8-gb-128-gb"
"Samsung","Galaxy S21 FE","S Series","8 GB","256 GB",13700,14111,"https://www.cashify.in/sell-old-mobile-phone/used-samsung-galaxy-s21-fe-8-gb-256-gb"
"Samsung","Galaxy S21 FE","S Series","8 GB","512 GB",19200,19776,"https://www.cashify.in/sell-old-mobile-phone/used-samsung-galaxy-s21-fe-8-gb-512-gb"
"Samsung","Galaxy S21 FE","S Series","12 GB","128 GB",10100,10403,"https://www.cashify.in/sell-old-mobile-phone/used-samsung-galaxy-s21-fe-12-gb-128-gb"
"Samsung","Galaxy S21 FE","S Series","12 GB","256 GB",16100,16583,"https://www.cashify.in/sell-old-mobile-phone/used-samsung-galaxy-s21-fe-12-gb-256-gb"
"Samsung","Galaxy S21 FE","S Series","12 GB","512 GB",21600,22248,"https://www.cashify.in/sell-old-mobile-phone/used-samsung-galaxy-s21-fe-12-gb-512-gb"
"Samsung","Galaxy S23 FE","S Series","6 GB","128 GB",11000,11330,"https://www.cashify.in/sell-old-mobile-phone/used-samsung-galaxy-s23-fe-6-gb-128-gb"
"Samsung","Galaxy S23 FE","S Series","6 GB","256 GB",17000,17510,"https://www.cashify.in/sell-old-mobile-phone/used-samsung-galaxy-s23-fe-6-gb-256-gb"
"Samsung","Galaxy S23 FE","S Series","6 GB","512 GB",22500,23175,"https://www.cashify.in/sell-old-mobile-phone/used-samsung-galaxy-s23-fe-6-gb-512-gb"
"Samsung","Galaxy S23 FE","S Series","8 GB","128 GB",12200,12566,"https://www.cashify.in/sell-old-mobile-phone/used-samsung-galaxy-s23-fe-8-gb-128-gb"
"Samsung","Galaxy S23 FE","S Series","8 GB","256 GB",18200,18746,"https://www.cashify.in/sell-old-mobile-phone/used-samsung-galaxy-s23-fe-8-gb-256-gb"
"Samsung","Galaxy S23 FE","S Series","8 GB","512 GB",23700,24411,"https://www.cashify.in/sell-old-mobile-phone/used-samsung-galaxy-s23-fe-8-gb-512-gb"
"Samsung","Galaxy S23 FE","S Series","12 GB","128 GB",14600,15038,"https://www.cashify.in/sell-old-mobile-phone/used-samsung-galaxy-s23-fe-12-gb-128-gb"
"Samsung","Galaxy S23 FE","S Series","12 GB","256 GB",20600,21218,"https://www.cashify.in/sell-old-mobile-phone/used-samsung-galaxy-s23-fe-12-gb-256-gb"
"Samsung","Galaxy S23 FE","S Series","12 GB","512 GB",26100,26883,"https://www.cashify.in/sell-old-mobile-phone/used-samsung-galaxy-s23-fe-12-gb-512-gb"
"Samsung","Galaxy S24 FE","S Series","6 GB","128 GB",14500,14935,"https://www.cashify.in/sell-old-mobile-phone/used-samsung-galaxy-s24-fe-6-gb-128-gb"
"Samsung","Galaxy S24 FE","S Series","6 GB","256 GB",20500,21115,"https://www.cashify.in/sell-old-mobile-phone/used-samsung-galaxy-s24-fe-6-gb-256-gb"
"Samsung","Galaxy S24 FE","S Series","6 GB","512 GB",26000,26780,"https://www.cashify.in/sell-old-mobile-phone/used-samsung-galaxy-s24-fe-6-gb-512-gb"
"Samsung","Galaxy S24 FE","S Series","8 GB","128 GB",15700,16171,"https://www.cashify.in/sell-old-mobile-phone/used-samsung-galaxy-s24-fe-8-gb-128-gb"
"Samsung","Galaxy S24 FE","S Series","8 GB","256 GB",21700,22351,"https://www.cashify.in/sell-old-mobile-phone/used-samsung-galaxy-s24-fe-8-gb-256-gb"
"Samsung","Galaxy S24 FE","S Series","8 GB","512 GB",27200,28016,"https://www.cashify.in/sell-old-mobile-phone/used-samsung-galaxy-s24-fe-8-gb-512-gb"
"Samsung","Galaxy S24 FE","S Series","12 GB","128 GB",18100,18643,"https://www.cashify.in/sell-old-mobile-phone/used-samsung-galaxy-s24-fe-12-gb-128-gb"
"Samsung","Galaxy S24 FE","S Series","12 GB","256 GB",24100,24823,"https://www.cashify.in/sell-old-mobile-phone/used-samsung-galaxy-s24-fe-12-gb-256-gb"
"Samsung","Galaxy S24 FE","S Series","12 GB","512 GB",29600,30488,"https://www.cashify.in/sell-old-mobile-phone/used-samsung-galaxy-s24-fe-12-gb-512-gb"
"Samsung","Galaxy Z Flip 3","Z Fold & Z Flip","8 GB","128 GB",23000,23690,"https://www.cashify.in/sell-old-mobile-phone/used-samsung-galaxy-z-flip-3-8-gb-128-gb"
"Samsung","Galaxy Z Flip 3","Z Fold & Z Flip","8 GB","256 GB",29000,29870,"https://www.cashify.in/sell-old-mobile-phone/used-samsung-galaxy-z-flip-3-8-gb-256-gb"
"Samsung","Galaxy Z Flip 3","Z Fold & Z Flip","8 GB","512 GB",34500,35535,"https://www.cashify.in/sell-old-mobile-phone/used-samsung-galaxy-z-flip-3-8-gb-512-gb"
"Samsung","Galaxy Z Flip 3","Z Fold & Z Flip","8 GB","1024 GB",39500,40685,"https://www.cashify.in/sell-old-mobile-phone/used-samsung-galaxy-z-flip-3-8-gb-1024-gb"
"Samsung","Galaxy Z Flip 3","Z Fold & Z Flip","12 GB","128 GB",25400,26162,"https://www.cashify.in/sell-old-mobile-phone/used-samsung-galaxy-z-flip-3-12-gb-128-gb"
"Samsung","Galaxy Z Flip 3","Z Fold & Z Flip","12 GB","256 GB",31400,32342,"https://www.cashify.in/sell-old-mobile-phone/used-samsung-galaxy-z-flip-3-12-gb-256-gb"
"Samsung","Galaxy Z Flip 3","Z Fold & Z Flip","12 GB","512 GB",36900,38007,"https://www.cashify.in/sell-old-mobile-phone/used-samsung-galaxy-z-flip-3-12-gb-512-gb"
"Samsung","Galaxy Z Flip 3","Z Fold & Z Flip","12 GB","1024 GB",41900,43157,"https://www.cashify.in/sell-old-mobile-phone/used-samsung-galaxy-z-flip-3-12-gb-1024-gb"
"Samsung","Galaxy Z Flip 4","Z Fold & Z Flip","8 GB","128 GB",23000,23690,"https://www.cashify.in/sell-old-mobile-phone/used-samsung-galaxy-z-flip-4-8-gb-128-gb"
"Samsung","Galaxy Z Flip 4","Z Fold & Z Flip","8 GB","256 GB",29000,29870,"https://www.cashify.in/sell-old-mobile-phone/used-samsung-galaxy-z-flip-4-8-gb-256-gb"
"Samsung","Galaxy Z Flip 4","Z Fold & Z Flip","8 GB","512 GB",34500,35535,"https://www.cashify.in/sell-old-mobile-phone/used-samsung-galaxy-z-flip-4-8-gb-512-gb"
"Samsung","Galaxy Z Flip 4","Z Fold & Z Flip","8 GB","1024 GB",39500,40685,"https://www.cashify.in/sell-old-mobile-phone/used-samsung-galaxy-z-flip-4-8-gb-1024-gb"
"Samsung","Galaxy Z Flip 4","Z Fold & Z Flip","12 GB","128 GB",25400,26162,"https://www.cashify.in/sell-old-mobile-phone/used-samsung-galaxy-z-flip-4-12-gb-128-gb"
"Samsung","Galaxy Z Flip 4","Z Fold & Z Flip","12 GB","256 GB",31400,32342,"https://www.cashify.in/sell-old-mobile-phone/used-samsung-galaxy-z-flip-4-12-gb-256-gb"
"Samsung","Galaxy Z Flip 4","Z Fold & Z Flip","12 GB","512 GB",36900,38007,"https://www.cashify.in/sell-old-mobile-phone/used-samsung-galaxy-z-flip-4-12-gb-512-gb"
"Samsung","Galaxy Z Flip 4","Z Fold & Z Flip","12 GB","1024 GB",41900,43157,"https://www.cashify.in/sell-old-mobile-phone/used-samsung-galaxy-z-flip-4-12-gb-1024-gb"
"Samsung","Galaxy Z Flip 5","Z Fold & Z Flip","8 GB","128 GB",52500,54075,"https://www.cashify.in/sell-old-mobile-phone/used-samsung-galaxy-z-flip-5-8-gb-128-gb"
"Samsung","Galaxy Z Flip 5","Z Fold & Z Flip","8 GB","256 GB",58500,60255,"https://www.cashify.in/sell-old-mobile-phone/used-samsung-galaxy-z-flip-5-8-gb-256-gb"
"Samsung","Galaxy Z Flip 5","Z Fold & Z Flip","8 GB","512 GB",64000,65920,"https://www.cashify.in/sell-old-mobile-phone/used-samsung-galaxy-z-flip-5-8-gb-512-gb"
"Samsung","Galaxy Z Flip 5","Z Fold & Z Flip","8 GB","1024 GB",69000,71070,"https://www.cashify.in/sell-old-mobile-phone/used-samsung-galaxy-z-flip-5-8-gb-1024-gb"
"Samsung","Galaxy Z Flip 5","Z Fold & Z Flip","12 GB","128 GB",54900,56547,"https://www.cashify.in/sell-old-mobile-phone/used-samsung-galaxy-z-flip-5-12-gb-128-gb"
"Samsung","Galaxy Z Flip 5","Z Fold & Z Flip","12 GB","256 GB",60900,62727,"https://www.cashify.in/sell-old-mobile-phone/used-samsung-galaxy-z-flip-5-12-gb-256-gb"
"Samsung","Galaxy Z Flip 5","Z Fold & Z Flip","12 GB","512 GB",66400,68392,"https://www.cashify.in/sell-old-mobile-phone/used-samsung-galaxy-z-flip-5-12-gb-512-gb"
"Samsung","Galaxy Z Flip 5","Z Fold & Z Flip","12 GB","1024 GB",71400,73542,"https://www.cashify.in/sell-old-mobile-phone/used-samsung-galaxy-z-flip-5-12-gb-1024-gb"
"Samsung","Galaxy Z Flip 5","Z Fold & Z Flip","16 GB","128 GB",57300,59019,"https://www.cashify.in/sell-old-mobile-phone/used-samsung-galaxy-z-flip-5-16-gb-128-gb"
"Samsung","Galaxy Z Flip 5","Z Fold & Z Flip","16 GB","256 GB",63300,65199,"https://www.cashify.in/sell-old-mobile-phone/used-samsung-galaxy-z-flip-5-16-gb-256-gb"
"Samsung","Galaxy Z Flip 5","Z Fold & Z Flip","16 GB","512 GB",68800,70864,"https://www.cashify.in/sell-old-mobile-phone/used-samsung-galaxy-z-flip-5-16-gb-512-gb"
"Samsung","Galaxy Z Flip 5","Z Fold & Z Flip","16 GB","1024 GB",73800,76014,"https://www.cashify.in/sell-old-mobile-phone/used-samsung-galaxy-z-flip-5-16-gb-1024-gb"
"Samsung","Galaxy Z Flip 6","Z Fold & Z Flip","8 GB","128 GB",64500,66435,"https://www.cashify.in/sell-old-mobile-phone/used-samsung-galaxy-z-flip-6-8-gb-128-gb"
"Samsung","Galaxy Z Flip 6","Z Fold & Z Flip","8 GB","256 GB",70500,72615,"https://www.cashify.in/sell-old-mobile-phone/used-samsung-galaxy-z-flip-6-8-gb-256-gb"
"Samsung","Galaxy Z Flip 6","Z Fold & Z Flip","8 GB","512 GB",76000,78280,"https://www.cashify.in/sell-old-mobile-phone/used-samsung-galaxy-z-flip-6-8-gb-512-gb"
"Samsung","Galaxy Z Flip 6","Z Fold & Z Flip","8 GB","1024 GB",81000,83430,"https://www.cashify.in/sell-old-mobile-phone/used-samsung-galaxy-z-flip-6-8-gb-1024-gb"
"Samsung","Galaxy Z Flip 6","Z Fold & Z Flip","12 GB","128 GB",66900,68907,"https://www.cashify.in/sell-old-mobile-phone/used-samsung-galaxy-z-flip-6-12-gb-128-gb"
"Samsung","Galaxy Z Flip 6","Z Fold & Z Flip","12 GB","256 GB",72900,75087,"https://www.cashify.in/sell-old-mobile-phone/used-samsung-galaxy-z-flip-6-12-gb-256-gb"
"Samsung","Galaxy Z Flip 6","Z Fold & Z Flip","12 GB","512 GB",78400,80752,"https://www.cashify.in/sell-old-mobile-phone/used-samsung-galaxy-z-flip-6-12-gb-512-gb"
"Samsung","Galaxy Z Flip 6","Z Fold & Z Flip","12 GB","1024 GB",83400,85902,"https://www.cashify.in/sell-old-mobile-phone/used-samsung-galaxy-z-flip-6-12-gb-1024-gb"
"Samsung","Galaxy Z Flip 6","Z Fold & Z Flip","16 GB","128 GB",69300,71379,"https://www.cashify.in/sell-old-mobile-phone/used-samsung-galaxy-z-flip-6-16-gb-128-gb"
"Samsung","Galaxy Z Flip 6","Z Fold & Z Flip","16 GB","256 GB",75300,77559,"https://www.cashify.in/sell-old-mobile-phone/used-samsung-galaxy-z-flip-6-16-gb-256-gb"
"Samsung","Galaxy Z Flip 6","Z Fold & Z Flip","16 GB","512 GB",80800,83224,"https://www.cashify.in/sell-old-mobile-phone/used-samsung-galaxy-z-flip-6-16-gb-512-gb"
"Samsung","Galaxy Z Flip 6","Z Fold & Z Flip","16 GB","1024 GB",85800,88374,"https://www.cashify.in/sell-old-mobile-phone/used-samsung-galaxy-z-flip-6-16-gb-1024-gb"
"Samsung","Galaxy Z Fold 2","Z Fold & Z Flip","8 GB","256 GB",33000,33990,"https://www.cashify.in/sell-old-mobile-phone/used-samsung-galaxy-z-fold-2-8-gb-256-gb"
"Samsung","Galaxy Z Fold 2","Z Fold & Z Flip","8 GB","512 GB",38500,39655,"https://www.cashify.in/sell-old-mobile-phone/used-samsung-galaxy-z-fold-2-8-gb-512-gb"
"Samsung","Galaxy Z Fold 2","Z Fold & Z Flip","8 GB","1024 GB",43500,44805,"https://www.cashify.in/sell-old-mobile-phone/used-samsung-galaxy-z-fold-2-8-gb-1024-gb"
"Samsung","Galaxy Z Fold 2","Z Fold & Z Flip","12 GB","256 GB",35400,36462,"https://www.cashify.in/sell-old-mobile-phone/used-samsung-galaxy-z-fold-2-12-gb-256-gb"
"Samsung","Galaxy Z Fold 2","Z Fold & Z Flip","12 GB","512 GB",40900,42127,"https://www.cashify.in/sell-old-mobile-phone/used-samsung-galaxy-z-fold-2-12-gb-512-gb"
"Samsung","Galaxy Z Fold 2","Z Fold & Z Flip","12 GB","1024 GB",45900,47277,"https://www.cashify.in/sell-old-mobile-phone/used-samsung-galaxy-z-fold-2-12-gb-1024-gb"
"Samsung","Galaxy Z Fold 3","Z Fold & Z Flip","8 GB","256 GB",33000,33990,"https://www.cashify.in/sell-old-mobile-phone/used-samsung-galaxy-z-fold-3-8-gb-256-gb"
"Samsung","Galaxy Z Fold 3","Z Fold & Z Flip","8 GB","512 GB",38500,39655,"https://www.cashify.in/sell-old-mobile-phone/used-samsung-galaxy-z-fold-3-8-gb-512-gb"
"Samsung","Galaxy Z Fold 3","Z Fold & Z Flip","8 GB","1024 GB",43500,44805,"https://www.cashify.in/sell-old-mobile-phone/used-samsung-galaxy-z-fold-3-8-gb-1024-gb"
"Samsung","Galaxy Z Fold 3","Z Fold & Z Flip","12 GB","256 GB",35400,36462,"https://www.cashify.in/sell-old-mobile-phone/used-samsung-galaxy-z-fold-3-12-gb-256-gb"
"Samsung","Galaxy Z Fold 3","Z Fold & Z Flip","12 GB","512 GB",40900,42127,"https://www.cashify.in/sell-old-mobile-phone/used-samsung-galaxy-z-fold-3-12-gb-512-gb"
"Samsung","Galaxy Z Fold 3","Z Fold & Z Flip","12 GB","1024 GB",45900,47277,"https://www.cashify.in/sell-old-mobile-phone/used-samsung-galaxy-z-fold-3-12-gb-1024-gb"
"Samsung","Galaxy Z Fold 4","Z Fold & Z Flip","8 GB","256 GB",48000,49440,"https://www.cashify.in/sell-old-mobile-phone/used-samsung-galaxy-z-fold-4-8-gb-256-gb"
"Samsung","Galaxy Z Fold 4","Z Fold & Z Flip","8 GB","512 GB",53500,55105,"https://www.cashify.in/sell-old-mobile-phone/used-samsung-galaxy-z-fold-4-8-gb-512-gb"
"Samsung","Galaxy Z Fold 4","Z Fold & Z Flip","8 GB","1024 GB",58500,60255,"https://www.cashify.in/sell-old-mobile-phone/used-samsung-galaxy-z-fold-4-8-gb-1024-gb"
"Samsung","Galaxy Z Fold 4","Z Fold & Z Flip","12 GB","256 GB",50400,51912,"https://www.cashify.in/sell-old-mobile-phone/used-samsung-galaxy-z-fold-4-12-gb-256-gb"
"Samsung","Galaxy Z Fold 4","Z Fold & Z Flip","12 GB","512 GB",55900,57577,"https://www.cashify.in/sell-old-mobile-phone/used-samsung-galaxy-z-fold-4-12-gb-512-gb"
"Samsung","Galaxy Z Fold 4","Z Fold & Z Flip","12 GB","1024 GB",60900,62727,"https://www.cashify.in/sell-old-mobile-phone/used-samsung-galaxy-z-fold-4-12-gb-1024-gb"
"Samsung","Galaxy Z Fold 4","Z Fold & Z Flip","16 GB","256 GB",52800,54384,"https://www.cashify.in/sell-old-mobile-phone/used-samsung-galaxy-z-fold-4-16-gb-256-gb"
"Samsung","Galaxy Z Fold 4","Z Fold & Z Flip","16 GB","512 GB",58300,60049,"https://www.cashify.in/sell-old-mobile-phone/used-samsung-galaxy-z-fold-4-16-gb-512-gb"
"Samsung","Galaxy Z Fold 4","Z Fold & Z Flip","16 GB","1024 GB",63300,65199,"https://www.cashify.in/sell-old-mobile-phone/used-samsung-galaxy-z-fold-4-16-gb-1024-gb"
"Samsung","Galaxy Z Fold 5","Z Fold & Z Flip","8 GB","256 GB",62500,64375,"https://www.cashify.in/sell-old-mobile-phone/used-samsung-galaxy-z-fold-5-8-gb-256-gb"
"Samsung","Galaxy Z Fold 5","Z Fold & Z Flip","8 GB","512 GB",68000,70040,"https://www.cashify.in/sell-old-mobile-phone/used-samsung-galaxy-z-fold-5-8-gb-512-gb"
"Samsung","Galaxy Z Fold 5","Z Fold & Z Flip","8 GB","1024 GB",73000,75190,"https://www.cashify.in/sell-old-mobile-phone/used-samsung-galaxy-z-fold-5-8-gb-1024-gb"
"Samsung","Galaxy Z Fold 5","Z Fold & Z Flip","12 GB","256 GB",64900,66847,"https://www.cashify.in/sell-old-mobile-phone/used-samsung-galaxy-z-fold-5-12-gb-256-gb"
"Samsung","Galaxy Z Fold 5","Z Fold & Z Flip","12 GB","512 GB",70400,72512,"https://www.cashify.in/sell-old-mobile-phone/used-samsung-galaxy-z-fold-5-12-gb-512-gb"
"Samsung","Galaxy Z Fold 5","Z Fold & Z Flip","12 GB","1024 GB",75400,77662,"https://www.cashify.in/sell-old-mobile-phone/used-samsung-galaxy-z-fold-5-12-gb-1024-gb"
"Samsung","Galaxy Z Fold 5","Z Fold & Z Flip","16 GB","256 GB",67300,69319,"https://www.cashify.in/sell-old-mobile-phone/used-samsung-galaxy-z-fold-5-16-gb-256-gb"
"Samsung","Galaxy Z Fold 5","Z Fold & Z Flip","16 GB","512 GB",72800,74984,"https://www.cashify.in/sell-old-mobile-phone/used-samsung-galaxy-z-fold-5-16-gb-512-gb"
"Samsung","Galaxy Z Fold 5","Z Fold & Z Flip","16 GB","1024 GB",77800,80134,"https://www.cashify.in/sell-old-mobile-phone/used-samsung-galaxy-z-fold-5-16-gb-1024-gb"
"Samsung","Galaxy Z Fold 6","Z Fold & Z Flip","8 GB","256 GB",74500,76735,"https://www.cashify.in/sell-old-mobile-phone/used-samsung-galaxy-z-fold-6-8-gb-256-gb"
"Samsung","Galaxy Z Fold 6","Z Fold & Z Flip","8 GB","512 GB",80000,82400,"https://www.cashify.in/sell-old-mobile-phone/used-samsung-galaxy-z-fold-6-8-gb-512-gb"
"Samsung","Galaxy Z Fold 6","Z Fold & Z Flip","8 GB","1024 GB",85000,87550,"https://www.cashify.in/sell-old-mobile-phone/used-samsung-galaxy-z-fold-6-8-gb-1024-gb"
"Samsung","Galaxy Z Fold 6","Z Fold & Z Flip","12 GB","256 GB",76900,79207,"https://www.cashify.in/sell-old-mobile-phone/used-samsung-galaxy-z-fold-6-12-gb-256-gb"
"Samsung","Galaxy Z Fold 6","Z Fold & Z Flip","12 GB","512 GB",82400,84872,"https://www.cashify.in/sell-old-mobile-phone/used-samsung-galaxy-z-fold-6-12-gb-512-gb"
"Samsung","Galaxy Z Fold 6","Z Fold & Z Flip","12 GB","1024 GB",87400,90022,"https://www.cashify.in/sell-old-mobile-phone/used-samsung-galaxy-z-fold-6-12-gb-1024-gb"
"Samsung","Galaxy Z Fold 6","Z Fold & Z Flip","16 GB","256 GB",79300,81679,"https://www.cashify.in/sell-old-mobile-phone/used-samsung-galaxy-z-fold-6-16-gb-256-gb"
"Samsung","Galaxy Z Fold 6","Z Fold & Z Flip","16 GB","512 GB",84800,87344,"https://www.cashify.in/sell-old-mobile-phone/used-samsung-galaxy-z-fold-6-16-gb-512-gb"
"Samsung","Galaxy Z Fold 6","Z Fold & Z Flip","16 GB","1024 GB",89800,92494,"https://www.cashify.in/sell-old-mobile-phone/used-samsung-galaxy-z-fold-6-16-gb-1024-gb"
"Samsung","Galaxy A13","A Series","2 GB","32 GB",5500,5665,"https://www.cashify.in/sell-old-mobile-phone/used-samsung-galaxy-a13-2-gb-32-gb"
"Samsung","Galaxy A13","A Series","2 GB","64 GB",5500,5665,"https://www.cashify.in/sell-old-mobile-phone/used-samsung-galaxy-a13-2-gb-64-gb"
"Samsung","Galaxy A13","A Series","2 GB","128 GB",3500,3605,"https://www.cashify.in/sell-old-mobile-phone/used-samsung-galaxy-a13-2-gb-128-gb"
"Samsung","Galaxy A13","A Series","2 GB","256 GB",5500,5665,"https://www.cashify.in/sell-old-mobile-phone/used-samsung-galaxy-a13-2-gb-256-gb"
"Samsung","Galaxy A13","A Series","4 GB","32 GB",6700,6901,"https://www.cashify.in/sell-old-mobile-phone/used-samsung-galaxy-a13-4-gb-32-gb"
"Samsung","Galaxy A13","A Series","4 GB","64 GB",6700,6901,"https://www.cashify.in/sell-old-mobile-phone/used-samsung-galaxy-a13-4-gb-64-gb"
"Samsung","Galaxy A13","A Series","4 GB","128 GB",4700,4841,"https://www.cashify.in/sell-old-mobile-phone/used-samsung-galaxy-a13-4-gb-128-gb"
"Samsung","Galaxy A13","A Series","4 GB","256 GB",6700,6901,"https://www.cashify.in/sell-old-mobile-phone/used-samsung-galaxy-a13-4-gb-256-gb"
"Samsung","Galaxy A13","A Series","6 GB","32 GB",7900,8137,"https://www.cashify.in/sell-old-mobile-phone/used-samsung-galaxy-a13-6-gb-32-gb"
"Samsung","Galaxy A13","A Series","6 GB","64 GB",7900,8137,"https://www.cashify.in/sell-old-mobile-phone/used-samsung-galaxy-a13-6-gb-64-gb"
"Samsung","Galaxy A13","A Series","6 GB","128 GB",5900,6077,"https://www.cashify.in/sell-old-mobile-phone/used-samsung-galaxy-a13-6-gb-128-gb"
"Samsung","Galaxy A13","A Series","6 GB","256 GB",7900,8137,"https://www.cashify.in/sell-old-mobile-phone/used-samsung-galaxy-a13-6-gb-256-gb"
"Samsung","Galaxy A13","A Series","8 GB","32 GB",9100,9373,"https://www.cashify.in/sell-old-mobile-phone/used-samsung-galaxy-a13-8-gb-32-gb"
"Samsung","Galaxy A13","A Series","8 GB","64 GB",9100,9373,"https://www.cashify.in/sell-old-mobile-phone/used-samsung-galaxy-a13-8-gb-64-gb"
"Samsung","Galaxy A13","A Series","8 GB","128 GB",7100,7313,"https://www.cashify.in/sell-old-mobile-phone/used-samsung-galaxy-a13-8-gb-128-gb"
"Samsung","Galaxy A13","A Series","8 GB","256 GB",9100,9373,"https://www.cashify.in/sell-old-mobile-phone/used-samsung-galaxy-a13-8-gb-256-gb"
"Samsung","Galaxy A23 4G","A Series","2 GB","32 GB",5500,5665,"https://www.cashify.in/sell-old-mobile-phone/used-samsung-galaxy-a23-4g-2-gb-32-gb"
"Samsung","Galaxy A23 4G","A Series","2 GB","64 GB",5500,5665,"https://www.cashify.in/sell-old-mobile-phone/used-samsung-galaxy-a23-4g-2-gb-64-gb"
"Samsung","Galaxy A23 4G","A Series","2 GB","128 GB",3500,3605,"https://www.cashify.in/sell-old-mobile-phone/used-samsung-galaxy-a23-4g-2-gb-128-gb"
"Samsung","Galaxy A23 4G","A Series","2 GB","256 GB",5500,5665,"https://www.cashify.in/sell-old-mobile-phone/used-samsung-galaxy-a23-4g-2-gb-256-gb"
"Samsung","Galaxy A23 4G","A Series","4 GB","32 GB",6700,6901,"https://www.cashify.in/sell-old-mobile-phone/used-samsung-galaxy-a23-4g-4-gb-32-gb"
"Samsung","Galaxy A23 4G","A Series","4 GB","64 GB",6700,6901,"https://www.cashify.in/sell-old-mobile-phone/used-samsung-galaxy-a23-4g-4-gb-64-gb"
"Samsung","Galaxy A23 4G","A Series","4 GB","128 GB",4700,4841,"https://www.cashify.in/sell-old-mobile-phone/used-samsung-galaxy-a23-4g-4-gb-128-gb"
"Samsung","Galaxy A23 4G","A Series","4 GB","256 GB",6700,6901,"https://www.cashify.in/sell-old-mobile-phone/used-samsung-galaxy-a23-4g-4-gb-256-gb"
"Samsung","Galaxy A23 4G","A Series","6 GB","32 GB",7900,8137,"https://www.cashify.in/sell-old-mobile-phone/used-samsung-galaxy-a23-4g-6-gb-32-gb"
"Samsung","Galaxy A23 4G","A Series","6 GB","64 GB",7900,8137,"https://www.cashify.in/sell-old-mobile-phone/used-samsung-galaxy-a23-4g-6-gb-64-gb"
"Samsung","Galaxy A23 4G","A Series","6 GB","128 GB",5900,6077,"https://www.cashify.in/sell-old-mobile-phone/used-samsung-galaxy-a23-4g-6-gb-128-gb"
"Samsung","Galaxy A23 4G","A Series","6 GB","256 GB",7900,8137,"https://www.cashify.in/sell-old-mobile-phone/used-samsung-galaxy-a23-4g-6-gb-256-gb"
"Samsung","Galaxy A23 4G","A Series","8 GB","32 GB",9100,9373,"https://www.cashify.in/sell-old-mobile-phone/used-samsung-galaxy-a23-4g-8-gb-32-gb"
"Samsung","Galaxy A23 4G","A Series","8 GB","64 GB",9100,9373,"https://www.cashify.in/sell-old-mobile-phone/used-samsung-galaxy-a23-4g-8-gb-64-gb"
"Samsung","Galaxy A23 4G","A Series","8 GB","128 GB",7100,7313,"https://www.cashify.in/sell-old-mobile-phone/used-samsung-galaxy-a23-4g-8-gb-128-gb"
"Samsung","Galaxy A23 4G","A Series","8 GB","256 GB",9100,9373,"https://www.cashify.in/sell-old-mobile-phone/used-samsung-galaxy-a23-4g-8-gb-256-gb"
"Samsung","Galaxy A23 5G","A Series","2 GB","32 GB",5500,5665,"https://www.cashify.in/sell-old-mobile-phone/used-samsung-galaxy-a23-5g-2-gb-32-gb"
"Samsung","Galaxy A23 5G","A Series","2 GB","64 GB",5500,5665,"https://www.cashify.in/sell-old-mobile-phone/used-samsung-galaxy-a23-5g-2-gb-64-gb"
"Samsung","Galaxy A23 5G","A Series","2 GB","128 GB",3500,3605,"https://www.cashify.in/sell-old-mobile-phone/used-samsung-galaxy-a23-5g-2-gb-128-gb"
"Samsung","Galaxy A23 5G","A Series","2 GB","256 GB",5500,5665,"https://www.cashify.in/sell-old-mobile-phone/used-samsung-galaxy-a23-5g-2-gb-256-gb"
"Samsung","Galaxy A23 5G","A Series","4 GB","32 GB",6700,6901,"https://www.cashify.in/sell-old-mobile-phone/used-samsung-galaxy-a23-5g-4-gb-32-gb"
"Samsung","Galaxy A23 5G","A Series","4 GB","64 GB",6700,6901,"https://www.cashify.in/sell-old-mobile-phone/used-samsung-galaxy-a23-5g-4-gb-64-gb"
"Samsung","Galaxy A23 5G","A Series","4 GB","128 GB",4700,4841,"https://www.cashify.in/sell-old-mobile-phone/used-samsung-galaxy-a23-5g-4-gb-128-gb"
"Samsung","Galaxy A23 5G","A Series","4 GB","256 GB",6700,6901,"https://www.cashify.in/sell-old-mobile-phone/used-samsung-galaxy-a23-5g-4-gb-256-gb"
"Samsung","Galaxy A23 5G","A Series","6 GB","32 GB",7900,8137,"https://www.cashify.in/sell-old-mobile-phone/used-samsung-galaxy-a23-5g-6-gb-32-gb"
"Samsung","Galaxy A23 5G","A Series","6 GB","64 GB",7900,8137,"https://www.cashify.in/sell-old-mobile-phone/used-samsung-galaxy-a23-5g-6-gb-64-gb"
"Samsung","Galaxy A23 5G","A Series","6 GB","128 GB",5900,6077,"https://www.cashify.in/sell-old-mobile-phone/used-samsung-galaxy-a23-5g-6-gb-128-gb"
"Samsung","Galaxy A23 5G","A Series","6 GB","256 GB",7900,8137,"https://www.cashify.in/sell-old-mobile-phone/used-samsung-galaxy-a23-5g-6-gb-256-gb"
"Samsung","Galaxy A23 5G","A Series","8 GB","32 GB",9100,9373,"https://www.cashify.in/sell-old-mobile-phone/used-samsung-galaxy-a23-5g-8-gb-32-gb"
"Samsung","Galaxy A23 5G","A Series","8 GB","64 GB",9100,9373,"https://www.cashify.in/sell-old-mobile-phone/used-samsung-galaxy-a23-5g-8-gb-64-gb"
"Samsung","Galaxy A23 5G","A Series","8 GB","128 GB",7100,7313,"https://www.cashify.in/sell-old-mobile-phone/used-samsung-galaxy-a23-5g-8-gb-128-gb"
"Samsung","Galaxy A23 5G","A Series","8 GB","256 GB",9100,9373,"https://www.cashify.in/sell-old-mobile-phone/used-samsung-galaxy-a23-5g-8-gb-256-gb"
"Samsung","Galaxy A33","A Series","6 GB","128 GB",3500,3605,"https://www.cashify.in/sell-old-mobile-phone/used-samsung-galaxy-a33-6-gb-128-gb"
"Samsung","Galaxy A33","A Series","6 GB","256 GB",9500,9785,"https://www.cashify.in/sell-old-mobile-phone/used-samsung-galaxy-a33-6-gb-256-gb"
"Samsung","Galaxy A33","A Series","6 GB","512 GB",15000,15450,"https://www.cashify.in/sell-old-mobile-phone/used-samsung-galaxy-a33-6-gb-512-gb"
"Samsung","Galaxy A33","A Series","8 GB","128 GB",4700,4841,"https://www.cashify.in/sell-old-mobile-phone/used-samsung-galaxy-a33-8-gb-128-gb"
"Samsung","Galaxy A33","A Series","8 GB","256 GB",10700,11021,"https://www.cashify.in/sell-old-mobile-phone/used-samsung-galaxy-a33-8-gb-256-gb"
"Samsung","Galaxy A33","A Series","8 GB","512 GB",16200,16686,"https://www.cashify.in/sell-old-mobile-phone/used-samsung-galaxy-a33-8-gb-512-gb"
"Samsung","Galaxy A33","A Series","12 GB","128 GB",7100,7313,"https://www.cashify.in/sell-old-mobile-phone/used-samsung-galaxy-a33-12-gb-128-gb"
"Samsung","Galaxy A33","A Series","12 GB","256 GB",13100,13493,"https://www.cashify.in/sell-old-mobile-phone/used-samsung-galaxy-a33-12-gb-256-gb"
"Samsung","Galaxy A33","A Series","12 GB","512 GB",18600,19158,"https://www.cashify.in/sell-old-mobile-phone/used-samsung-galaxy-a33-12-gb-512-gb"
"Samsung","Galaxy A53","A Series","6 GB","128 GB",3500,3605,"https://www.cashify.in/sell-old-mobile-phone/used-samsung-galaxy-a53-6-gb-128-gb"
"Samsung","Galaxy A53","A Series","6 GB","256 GB",9500,9785,"https://www.cashify.in/sell-old-mobile-phone/used-samsung-galaxy-a53-6-gb-256-gb"
"Samsung","Galaxy A53","A Series","6 GB","512 GB",15000,15450,"https://www.cashify.in/sell-old-mobile-phone/used-samsung-galaxy-a53-6-gb-512-gb"
"Samsung","Galaxy A53","A Series","8 GB","128 GB",4700,4841,"https://www.cashify.in/sell-old-mobile-phone/used-samsung-galaxy-a53-8-gb-128-gb"
"Samsung","Galaxy A53","A Series","8 GB","256 GB",10700,11021,"https://www.cashify.in/sell-old-mobile-phone/used-samsung-galaxy-a53-8-gb-256-gb"
"Samsung","Galaxy A53","A Series","8 GB","512 GB",16200,16686,"https://www.cashify.in/sell-old-mobile-phone/used-samsung-galaxy-a53-8-gb-512-gb"
"Samsung","Galaxy A53","A Series","12 GB","128 GB",7100,7313,"https://www.cashify.in/sell-old-mobile-phone/used-samsung-galaxy-a53-12-gb-128-gb"
"Samsung","Galaxy A53","A Series","12 GB","256 GB",13100,13493,"https://www.cashify.in/sell-old-mobile-phone/used-samsung-galaxy-a53-12-gb-256-gb"
"Samsung","Galaxy A53","A Series","12 GB","512 GB",18600,19158,"https://www.cashify.in/sell-old-mobile-phone/used-samsung-galaxy-a53-12-gb-512-gb"
"Samsung","Galaxy A73","A Series","6 GB","128 GB",3500,3605,"https://www.cashify.in/sell-old-mobile-phone/used-samsung-galaxy-a73-6-gb-128-gb"
"Samsung","Galaxy A73","A Series","6 GB","256 GB",9500,9785,"https://www.cashify.in/sell-old-mobile-phone/used-samsung-galaxy-a73-6-gb-256-gb"
"Samsung","Galaxy A73","A Series","6 GB","512 GB",15000,15450,"https://www.cashify.in/sell-old-mobile-phone/used-samsung-galaxy-a73-6-gb-512-gb"
"Samsung","Galaxy A73","A Series","8 GB","128 GB",4700,4841,"https://www.cashify.in/sell-old-mobile-phone/used-samsung-galaxy-a73-8-gb-128-gb"
"Samsung","Galaxy A73","A Series","8 GB","256 GB",10700,11021,"https://www.cashify.in/sell-old-mobile-phone/used-samsung-galaxy-a73-8-gb-256-gb"
"Samsung","Galaxy A73","A Series","8 GB","512 GB",16200,16686,"https://www.cashify.in/sell-old-mobile-phone/used-samsung-galaxy-a73-8-gb-512-gb"
"Samsung","Galaxy A73","A Series","12 GB","128 GB",7100,7313,"https://www.cashify.in/sell-old-mobile-phone/used-samsung-galaxy-a73-12-gb-128-gb"
"Samsung","Galaxy A73","A Series","12 GB","256 GB",13100,13493,"https://www.cashify.in/sell-old-mobile-phone/used-samsung-galaxy-a73-12-gb-256-gb"
"Samsung","Galaxy A73","A Series","12 GB","512 GB",18600,19158,"https://www.cashify.in/sell-old-mobile-phone/used-samsung-galaxy-a73-12-gb-512-gb"
"Samsung","Galaxy A14 4G","A Series","2 GB","32 GB",7500,7725,"https://www.cashify.in/sell-old-mobile-phone/used-samsung-galaxy-a14-4g-2-gb-32-gb"
"Samsung","Galaxy A14 4G","A Series","2 GB","64 GB",7500,7725,"https://www.cashify.in/sell-old-mobile-phone/used-samsung-galaxy-a14-4g-2-gb-64-gb"
"Samsung","Galaxy A14 4G","A Series","2 GB","128 GB",3500,3605,"https://www.cashify.in/sell-old-mobile-phone/used-samsung-galaxy-a14-4g-2-gb-128-gb"
"Samsung","Galaxy A14 4G","A Series","2 GB","256 GB",7500,7725,"https://www.cashify.in/sell-old-mobile-phone/used-samsung-galaxy-a14-4g-2-gb-256-gb"
"Samsung","Galaxy A14 4G","A Series","4 GB","32 GB",8700,8961,"https://www.cashify.in/sell-old-mobile-phone/used-samsung-galaxy-a14-4g-4-gb-32-gb"
"Samsung","Galaxy A14 4G","A Series","4 GB","64 GB",8700,8961,"https://www.cashify.in/sell-old-mobile-phone/used-samsung-galaxy-a14-4g-4-gb-64-gb"
"Samsung","Galaxy A14 4G","A Series","4 GB","128 GB",4700,4841,"https://www.cashify.in/sell-old-mobile-phone/used-samsung-galaxy-a14-4g-4-gb-128-gb"
"Samsung","Galaxy A14 4G","A Series","4 GB","256 GB",8700,8961,"https://www.cashify.in/sell-old-mobile-phone/used-samsung-galaxy-a14-4g-4-gb-256-gb"
"Samsung","Galaxy A14 4G","A Series","6 GB","32 GB",9900,10197,"https://www.cashify.in/sell-old-mobile-phone/used-samsung-galaxy-a14-4g-6-gb-32-gb"
"Samsung","Galaxy A14 4G","A Series","6 GB","64 GB",9900,10197,"https://www.cashify.in/sell-old-mobile-phone/used-samsung-galaxy-a14-4g-6-gb-64-gb"
"Samsung","Galaxy A14 4G","A Series","6 GB","128 GB",5900,6077,"https://www.cashify.in/sell-old-mobile-phone/used-samsung-galaxy-a14-4g-6-gb-128-gb"
"Samsung","Galaxy A14 4G","A Series","6 GB","256 GB",9900,10197,"https://www.cashify.in/sell-old-mobile-phone/used-samsung-galaxy-a14-4g-6-gb-256-gb"
"Samsung","Galaxy A14 4G","A Series","8 GB","32 GB",11100,11433,"https://www.cashify.in/sell-old-mobile-phone/used-samsung-galaxy-a14-4g-8-gb-32-gb"
"Samsung","Galaxy A14 4G","A Series","8 GB","64 GB",11100,11433,"https://www.cashify.in/sell-old-mobile-phone/used-samsung-galaxy-a14-4g-8-gb-64-gb"
"Samsung","Galaxy A14 4G","A Series","8 GB","128 GB",7100,7313,"https://www.cashify.in/sell-old-mobile-phone/used-samsung-galaxy-a14-4g-8-gb-128-gb"
"Samsung","Galaxy A14 4G","A Series","8 GB","256 GB",11100,11433,"https://www.cashify.in/sell-old-mobile-phone/used-samsung-galaxy-a14-4g-8-gb-256-gb"
"Samsung","Galaxy A14 5G","A Series","2 GB","32 GB",7500,7725,"https://www.cashify.in/sell-old-mobile-phone/used-samsung-galaxy-a14-5g-2-gb-32-gb"
"Samsung","Galaxy A14 5G","A Series","2 GB","64 GB",7500,7725,"https://www.cashify.in/sell-old-mobile-phone/used-samsung-galaxy-a14-5g-2-gb-64-gb"
"Samsung","Galaxy A14 5G","A Series","2 GB","128 GB",3500,3605,"https://www.cashify.in/sell-old-mobile-phone/used-samsung-galaxy-a14-5g-2-gb-128-gb"
"Samsung","Galaxy A14 5G","A Series","2 GB","256 GB",7500,7725,"https://www.cashify.in/sell-old-mobile-phone/used-samsung-galaxy-a14-5g-2-gb-256-gb"
"Samsung","Galaxy A14 5G","A Series","4 GB","32 GB",8700,8961,"https://www.cashify.in/sell-old-mobile-phone/used-samsung-galaxy-a14-5g-4-gb-32-gb"
"Samsung","Galaxy A14 5G","A Series","4 GB","64 GB",8700,8961,"https://www.cashify.in/sell-old-mobile-phone/used-samsung-galaxy-a14-5g-4-gb-64-gb"
"Samsung","Galaxy A14 5G","A Series","4 GB","128 GB",4700,4841,"https://www.cashify.in/sell-old-mobile-phone/used-samsung-galaxy-a14-5g-4-gb-128-gb"
"Samsung","Galaxy A14 5G","A Series","4 GB","256 GB",8700,8961,"https://www.cashify.in/sell-old-mobile-phone/used-samsung-galaxy-a14-5g-4-gb-256-gb"
"Samsung","Galaxy A14 5G","A Series","6 GB","32 GB",9900,10197,"https://www.cashify.in/sell-old-mobile-phone/used-samsung-galaxy-a14-5g-6-gb-32-gb"
"Samsung","Galaxy A14 5G","A Series","6 GB","64 GB",9900,10197,"https://www.cashify.in/sell-old-mobile-phone/used-samsung-galaxy-a14-5g-6-gb-64-gb"
"Samsung","Galaxy A14 5G","A Series","6 GB","128 GB",5900,6077,"https://www.cashify.in/sell-old-mobile-phone/used-samsung-galaxy-a14-5g-6-gb-128-gb"
"Samsung","Galaxy A14 5G","A Series","6 GB","256 GB",9900,10197,"https://www.cashify.in/sell-old-mobile-phone/used-samsung-galaxy-a14-5g-6-gb-256-gb"
"Samsung","Galaxy A14 5G","A Series","8 GB","32 GB",11100,11433,"https://www.cashify.in/sell-old-mobile-phone/used-samsung-galaxy-a14-5g-8-gb-32-gb"
"Samsung","Galaxy A14 5G","A Series","8 GB","64 GB",11100,11433,"https://www.cashify.in/sell-old-mobile-phone/used-samsung-galaxy-a14-5g-8-gb-64-gb"
"Samsung","Galaxy A14 5G","A Series","8 GB","128 GB",7100,7313,"https://www.cashify.in/sell-old-mobile-phone/used-samsung-galaxy-a14-5g-8-gb-128-gb"
"Samsung","Galaxy A14 5G","A Series","8 GB","256 GB",11100,11433,"https://www.cashify.in/sell-old-mobile-phone/used-samsung-galaxy-a14-5g-8-gb-256-gb"
"Samsung","Galaxy A24","A Series","2 GB","32 GB",7500,7725,"https://www.cashify.in/sell-old-mobile-phone/used-samsung-galaxy-a24-2-gb-32-gb"
"Samsung","Galaxy A24","A Series","2 GB","64 GB",7500,7725,"https://www.cashify.in/sell-old-mobile-phone/used-samsung-galaxy-a24-2-gb-64-gb"
"Samsung","Galaxy A24","A Series","2 GB","128 GB",3500,3605,"https://www.cashify.in/sell-old-mobile-phone/used-samsung-galaxy-a24-2-gb-128-gb"
"Samsung","Galaxy A24","A Series","2 GB","256 GB",7500,7725,"https://www.cashify.in/sell-old-mobile-phone/used-samsung-galaxy-a24-2-gb-256-gb"
"Samsung","Galaxy A24","A Series","4 GB","32 GB",8700,8961,"https://www.cashify.in/sell-old-mobile-phone/used-samsung-galaxy-a24-4-gb-32-gb"
"Samsung","Galaxy A24","A Series","4 GB","64 GB",8700,8961,"https://www.cashify.in/sell-old-mobile-phone/used-samsung-galaxy-a24-4-gb-64-gb"
"Samsung","Galaxy A24","A Series","4 GB","128 GB",4700,4841,"https://www.cashify.in/sell-old-mobile-phone/used-samsung-galaxy-a24-4-gb-128-gb"
"Samsung","Galaxy A24","A Series","4 GB","256 GB",8700,8961,"https://www.cashify.in/sell-old-mobile-phone/used-samsung-galaxy-a24-4-gb-256-gb"
"Samsung","Galaxy A24","A Series","6 GB","32 GB",9900,10197,"https://www.cashify.in/sell-old-mobile-phone/used-samsung-galaxy-a24-6-gb-32-gb"
"Samsung","Galaxy A24","A Series","6 GB","64 GB",9900,10197,"https://www.cashify.in/sell-old-mobile-phone/used-samsung-galaxy-a24-6-gb-64-gb"
"Samsung","Galaxy A24","A Series","6 GB","128 GB",5900,6077,"https://www.cashify.in/sell-old-mobile-phone/used-samsung-galaxy-a24-6-gb-128-gb"
"Samsung","Galaxy A24","A Series","6 GB","256 GB",9900,10197,"https://www.cashify.in/sell-old-mobile-phone/used-samsung-galaxy-a24-6-gb-256-gb"
"Samsung","Galaxy A24","A Series","8 GB","32 GB",11100,11433,"https://www.cashify.in/sell-old-mobile-phone/used-samsung-galaxy-a24-8-gb-32-gb"
"Samsung","Galaxy A24","A Series","8 GB","64 GB",11100,11433,"https://www.cashify.in/sell-old-mobile-phone/used-samsung-galaxy-a24-8-gb-64-gb"
"Samsung","Galaxy A24","A Series","8 GB","128 GB",7100,7313,"https://www.cashify.in/sell-old-mobile-phone/used-samsung-galaxy-a24-8-gb-128-gb"
"Samsung","Galaxy A24","A Series","8 GB","256 GB",11100,11433,"https://www.cashify.in/sell-old-mobile-phone/used-samsung-galaxy-a24-8-gb-256-gb"
"Samsung","Galaxy A34","A Series","6 GB","128 GB",7500,7725,"https://www.cashify.in/sell-old-mobile-phone/used-samsung-galaxy-a34-6-gb-128-gb"
"Samsung","Galaxy A34","A Series","6 GB","256 GB",13500,13905,"https://www.cashify.in/sell-old-mobile-phone/used-samsung-galaxy-a34-6-gb-256-gb"
"Samsung","Galaxy A34","A Series","6 GB","512 GB",19000,19570,"https://www.cashify.in/sell-old-mobile-phone/used-samsung-galaxy-a34-6-gb-512-gb"
"Samsung","Galaxy A34","A Series","8 GB","128 GB",8700,8961,"https://www.cashify.in/sell-old-mobile-phone/used-samsung-galaxy-a34-8-gb-128-gb"
"Samsung","Galaxy A34","A Series","8 GB","256 GB",14700,15141,"https://www.cashify.in/sell-old-mobile-phone/used-samsung-galaxy-a34-8-gb-256-gb"
"Samsung","Galaxy A34","A Series","8 GB","512 GB",20200,20806,"https://www.cashify.in/sell-old-mobile-phone/used-samsung-galaxy-a34-8-gb-512-gb"
"Samsung","Galaxy A34","A Series","12 GB","128 GB",11100,11433,"https://www.cashify.in/sell-old-mobile-phone/used-samsung-galaxy-a34-12-gb-128-gb"
"Samsung","Galaxy A34","A Series","12 GB","256 GB",17100,17613,"https://www.cashify.in/sell-old-mobile-phone/used-samsung-galaxy-a34-12-gb-256-gb"
"Samsung","Galaxy A34","A Series","12 GB","512 GB",22600,23278,"https://www.cashify.in/sell-old-mobile-phone/used-samsung-galaxy-a34-12-gb-512-gb"
"Samsung","Galaxy A54","A Series","6 GB","128 GB",7500,7725,"https://www.cashify.in/sell-old-mobile-phone/used-samsung-galaxy-a54-6-gb-128-gb"
"Samsung","Galaxy A54","A Series","6 GB","256 GB",13500,13905,"https://www.cashify.in/sell-old-mobile-phone/used-samsung-galaxy-a54-6-gb-256-gb"
"Samsung","Galaxy A54","A Series","6 GB","512 GB",19000,19570,"https://www.cashify.in/sell-old-mobile-phone/used-samsung-galaxy-a54-6-gb-512-gb"
"Samsung","Galaxy A54","A Series","8 GB","128 GB",8700,8961,"https://www.cashify.in/sell-old-mobile-phone/used-samsung-galaxy-a54-8-gb-128-gb"
"Samsung","Galaxy A54","A Series","8 GB","256 GB",14700,15141,"https://www.cashify.in/sell-old-mobile-phone/used-samsung-galaxy-a54-8-gb-256-gb"
"Samsung","Galaxy A54","A Series","8 GB","512 GB",20200,20806,"https://www.cashify.in/sell-old-mobile-phone/used-samsung-galaxy-a54-8-gb-512-gb"
"Samsung","Galaxy A54","A Series","12 GB","128 GB",11100,11433,"https://www.cashify.in/sell-old-mobile-phone/used-samsung-galaxy-a54-12-gb-128-gb"
"Samsung","Galaxy A54","A Series","12 GB","256 GB",17100,17613,"https://www.cashify.in/sell-old-mobile-phone/used-samsung-galaxy-a54-12-gb-256-gb"
"Samsung","Galaxy A54","A Series","12 GB","512 GB",22600,23278,"https://www.cashify.in/sell-old-mobile-phone/used-samsung-galaxy-a54-12-gb-512-gb"
"Samsung","Galaxy A15 4G","A Series","2 GB","32 GB",9000,9270,"https://www.cashify.in/sell-old-mobile-phone/used-samsung-galaxy-a15-4g-2-gb-32-gb"
"Samsung","Galaxy A15 4G","A Series","2 GB","64 GB",9000,9270,"https://www.cashify.in/sell-old-mobile-phone/used-samsung-galaxy-a15-4g-2-gb-64-gb"
"Samsung","Galaxy A15 4G","A Series","2 GB","128 GB",3500,3605,"https://www.cashify.in/sell-old-mobile-phone/used-samsung-galaxy-a15-4g-2-gb-128-gb"
"Samsung","Galaxy A15 4G","A Series","2 GB","256 GB",9000,9270,"https://www.cashify.in/sell-old-mobile-phone/used-samsung-galaxy-a15-4g-2-gb-256-gb"
"Samsung","Galaxy A15 4G","A Series","4 GB","32 GB",10200,10506,"https://www.cashify.in/sell-old-mobile-phone/used-samsung-galaxy-a15-4g-4-gb-32-gb"
"Samsung","Galaxy A15 4G","A Series","4 GB","64 GB",10200,10506,"https://www.cashify.in/sell-old-mobile-phone/used-samsung-galaxy-a15-4g-4-gb-64-gb"
"Samsung","Galaxy A15 4G","A Series","4 GB","128 GB",4700,4841,"https://www.cashify.in/sell-old-mobile-phone/used-samsung-galaxy-a15-4g-4-gb-128-gb"
"Samsung","Galaxy A15 4G","A Series","4 GB","256 GB",10200,10506,"https://www.cashify.in/sell-old-mobile-phone/used-samsung-galaxy-a15-4g-4-gb-256-gb"
"Samsung","Galaxy A15 4G","A Series","6 GB","32 GB",11400,11742,"https://www.cashify.in/sell-old-mobile-phone/used-samsung-galaxy-a15-4g-6-gb-32-gb"
"Samsung","Galaxy A15 4G","A Series","6 GB","64 GB",11400,11742,"https://www.cashify.in/sell-old-mobile-phone/used-samsung-galaxy-a15-4g-6-gb-64-gb"
"Samsung","Galaxy A15 4G","A Series","6 GB","128 GB",5900,6077,"https://www.cashify.in/sell-old-mobile-phone/used-samsung-galaxy-a15-4g-6-gb-128-gb"
"Samsung","Galaxy A15 4G","A Series","6 GB","256 GB",11400,11742,"https://www.cashify.in/sell-old-mobile-phone/used-samsung-galaxy-a15-4g-6-gb-256-gb"
"Samsung","Galaxy A15 4G","A Series","8 GB","32 GB",12600,12978,"https://www.cashify.in/sell-old-mobile-phone/used-samsung-galaxy-a15-4g-8-gb-32-gb"
"Samsung","Galaxy A15 4G","A Series","8 GB","64 GB",12600,12978,"https://www.cashify.in/sell-old-mobile-phone/used-samsung-galaxy-a15-4g-8-gb-64-gb"
"Samsung","Galaxy A15 4G","A Series","8 GB","128 GB",7100,7313,"https://www.cashify.in/sell-old-mobile-phone/used-samsung-galaxy-a15-4g-8-gb-128-gb"
"Samsung","Galaxy A15 4G","A Series","8 GB","256 GB",12600,12978,"https://www.cashify.in/sell-old-mobile-phone/used-samsung-galaxy-a15-4g-8-gb-256-gb"
"Samsung","Galaxy A15 5G","A Series","2 GB","32 GB",9000,9270,"https://www.cashify.in/sell-old-mobile-phone/used-samsung-galaxy-a15-5g-2-gb-32-gb"
"Samsung","Galaxy A15 5G","A Series","2 GB","64 GB",9000,9270,"https://www.cashify.in/sell-old-mobile-phone/used-samsung-galaxy-a15-5g-2-gb-64-gb"
"Samsung","Galaxy A15 5G","A Series","2 GB","128 GB",3500,3605,"https://www.cashify.in/sell-old-mobile-phone/used-samsung-galaxy-a15-5g-2-gb-128-gb"
"Samsung","Galaxy A15 5G","A Series","2 GB","256 GB",9000,9270,"https://www.cashify.in/sell-old-mobile-phone/used-samsung-galaxy-a15-5g-2-gb-256-gb"
"Samsung","Galaxy A15 5G","A Series","4 GB","32 GB",10200,10506,"https://www.cashify.in/sell-old-mobile-phone/used-samsung-galaxy-a15-5g-4-gb-32-gb"
"Samsung","Galaxy A15 5G","A Series","4 GB","64 GB",10200,10506,"https://www.cashify.in/sell-old-mobile-phone/used-samsung-galaxy-a15-5g-4-gb-64-gb"
"Samsung","Galaxy A15 5G","A Series","4 GB","128 GB",4700,4841,"https://www.cashify.in/sell-old-mobile-phone/used-samsung-galaxy-a15-5g-4-gb-128-gb"
"Samsung","Galaxy A15 5G","A Series","4 GB","256 GB",10200,10506,"https://www.cashify.in/sell-old-mobile-phone/used-samsung-galaxy-a15-5g-4-gb-256-gb"
"Samsung","Galaxy A15 5G","A Series","6 GB","32 GB",11400,11742,"https://www.cashify.in/sell-old-mobile-phone/used-samsung-galaxy-a15-5g-6-gb-32-gb"
"Samsung","Galaxy A15 5G","A Series","6 GB","64 GB",11400,11742,"https://www.cashify.in/sell-old-mobile-phone/used-samsung-galaxy-a15-5g-6-gb-64-gb"
"Samsung","Galaxy A15 5G","A Series","6 GB","128 GB",5900,6077,"https://www.cashify.in/sell-old-mobile-phone/used-samsung-galaxy-a15-5g-6-gb-128-gb"
"Samsung","Galaxy A15 5G","A Series","6 GB","256 GB",11400,11742,"https://www.cashify.in/sell-old-mobile-phone/used-samsung-galaxy-a15-5g-6-gb-256-gb"
"Samsung","Galaxy A15 5G","A Series","8 GB","32 GB",12600,12978,"https://www.cashify.in/sell-old-mobile-phone/used-samsung-galaxy-a15-5g-8-gb-32-gb"
"Samsung","Galaxy A15 5G","A Series","8 GB","64 GB",12600,12978,"https://www.cashify.in/sell-old-mobile-phone/used-samsung-galaxy-a15-5g-8-gb-64-gb"
"Samsung","Galaxy A15 5G","A Series","8 GB","128 GB",7100,7313,"https://www.cashify.in/sell-old-mobile-phone/used-samsung-galaxy-a15-5g-8-gb-128-gb"
"Samsung","Galaxy A15 5G","A Series","8 GB","256 GB",12600,12978,"https://www.cashify.in/sell-old-mobile-phone/used-samsung-galaxy-a15-5g-8-gb-256-gb"
"Samsung","Galaxy A25","A Series","6 GB","128 GB",10000,10300,"https://www.cashify.in/sell-old-mobile-phone/used-samsung-galaxy-a25-6-gb-128-gb"
"Samsung","Galaxy A25","A Series","6 GB","256 GB",16000,16480,"https://www.cashify.in/sell-old-mobile-phone/used-samsung-galaxy-a25-6-gb-256-gb"
"Samsung","Galaxy A25","A Series","6 GB","512 GB",21500,22145,"https://www.cashify.in/sell-old-mobile-phone/used-samsung-galaxy-a25-6-gb-512-gb"
"Samsung","Galaxy A25","A Series","8 GB","128 GB",11200,11536,"https://www.cashify.in/sell-old-mobile-phone/used-samsung-galaxy-a25-8-gb-128-gb"
"Samsung","Galaxy A25","A Series","8 GB","256 GB",17200,17716,"https://www.cashify.in/sell-old-mobile-phone/used-samsung-galaxy-a25-8-gb-256-gb"
"Samsung","Galaxy A25","A Series","8 GB","512 GB",22700,23381,"https://www.cashify.in/sell-old-mobile-phone/used-samsung-galaxy-a25-8-gb-512-gb"
"Samsung","Galaxy A25","A Series","12 GB","128 GB",13600,14008,"https://www.cashify.in/sell-old-mobile-phone/used-samsung-galaxy-a25-12-gb-128-gb"
"Samsung","Galaxy A25","A Series","12 GB","256 GB",19600,20188,"https://www.cashify.in/sell-old-mobile-phone/used-samsung-galaxy-a25-12-gb-256-gb"
"Samsung","Galaxy A25","A Series","12 GB","512 GB",25100,25853,"https://www.cashify.in/sell-old-mobile-phone/used-samsung-galaxy-a25-12-gb-512-gb"
"Samsung","Galaxy A35","A Series","6 GB","128 GB",10000,10300,"https://www.cashify.in/sell-old-mobile-phone/used-samsung-galaxy-a35-6-gb-128-gb"
"Samsung","Galaxy A35","A Series","6 GB","256 GB",16000,16480,"https://www.cashify.in/sell-old-mobile-phone/used-samsung-galaxy-a35-6-gb-256-gb"
"Samsung","Galaxy A35","A Series","6 GB","512 GB",21500,22145,"https://www.cashify.in/sell-old-mobile-phone/used-samsung-galaxy-a35-6-gb-512-gb"
"Samsung","Galaxy A35","A Series","8 GB","128 GB",11200,11536,"https://www.cashify.in/sell-old-mobile-phone/used-samsung-galaxy-a35-8-gb-128-gb"
"Samsung","Galaxy A35","A Series","8 GB","256 GB",17200,17716,"https://www.cashify.in/sell-old-mobile-phone/used-samsung-galaxy-a35-8-gb-256-gb"
"Samsung","Galaxy A35","A Series","8 GB","512 GB",22700,23381,"https://www.cashify.in/sell-old-mobile-phone/used-samsung-galaxy-a35-8-gb-512-gb"
"Samsung","Galaxy A35","A Series","12 GB","128 GB",13600,14008,"https://www.cashify.in/sell-old-mobile-phone/used-samsung-galaxy-a35-12-gb-128-gb"
"Samsung","Galaxy A35","A Series","12 GB","256 GB",19600,20188,"https://www.cashify.in/sell-old-mobile-phone/used-samsung-galaxy-a35-12-gb-256-gb"
"Samsung","Galaxy A35","A Series","12 GB","512 GB",25100,25853,"https://www.cashify.in/sell-old-mobile-phone/used-samsung-galaxy-a35-12-gb-512-gb"
"Samsung","Galaxy A55","A Series","6 GB","128 GB",10000,10300,"https://www.cashify.in/sell-old-mobile-phone/used-samsung-galaxy-a55-6-gb-128-gb"
"Samsung","Galaxy A55","A Series","6 GB","256 GB",16000,16480,"https://www.cashify.in/sell-old-mobile-phone/used-samsung-galaxy-a55-6-gb-256-gb"
"Samsung","Galaxy A55","A Series","6 GB","512 GB",21500,22145,"https://www.cashify.in/sell-old-mobile-phone/used-samsung-galaxy-a55-6-gb-512-gb"
"Samsung","Galaxy A55","A Series","8 GB","128 GB",11200,11536,"https://www.cashify.in/sell-old-mobile-phone/used-samsung-galaxy-a55-8-gb-128-gb"
"Samsung","Galaxy A55","A Series","8 GB","256 GB",17200,17716,"https://www.cashify.in/sell-old-mobile-phone/used-samsung-galaxy-a55-8-gb-256-gb"
"Samsung","Galaxy A55","A Series","8 GB","512 GB",22700,23381,"https://www.cashify.in/sell-old-mobile-phone/used-samsung-galaxy-a55-8-gb-512-gb"
"Samsung","Galaxy A55","A Series","12 GB","128 GB",13600,14008,"https://www.cashify.in/sell-old-mobile-phone/used-samsung-galaxy-a55-12-gb-128-gb"
"Samsung","Galaxy A55","A Series","12 GB","256 GB",19600,20188,"https://www.cashify.in/sell-old-mobile-phone/used-samsung-galaxy-a55-12-gb-256-gb"
"Samsung","Galaxy A55","A Series","12 GB","512 GB",25100,25853,"https://www.cashify.in/sell-old-mobile-phone/used-samsung-galaxy-a55-12-gb-512-gb"
"Samsung","Galaxy A16","A Series","2 GB","32 GB",10500,10815,"https://www.cashify.in/sell-old-mobile-phone/used-samsung-galaxy-a16-2-gb-32-gb"
"Samsung","Galaxy A16","A Series","2 GB","64 GB",10500,10815,"https://www.cashify.in/sell-old-mobile-phone/used-samsung-galaxy-a16-2-gb-64-gb"
"Samsung","Galaxy A16","A Series","2 GB","128 GB",4500,4635,"https://www.cashify.in/sell-old-mobile-phone/used-samsung-galaxy-a16-2-gb-128-gb"
"Samsung","Galaxy A16","A Series","2 GB","256 GB",10500,10815,"https://www.cashify.in/sell-old-mobile-phone/used-samsung-galaxy-a16-2-gb-256-gb"
"Samsung","Galaxy A16","A Series","4 GB","32 GB",11700,12051,"https://www.cashify.in/sell-old-mobile-phone/used-samsung-galaxy-a16-4-gb-32-gb"
"Samsung","Galaxy A16","A Series","4 GB","64 GB",11700,12051,"https://www.cashify.in/sell-old-mobile-phone/used-samsung-galaxy-a16-4-gb-64-gb"
"Samsung","Galaxy A16","A Series","4 GB","128 GB",5700,5871,"https://www.cashify.in/sell-old-mobile-phone/used-samsung-galaxy-a16-4-gb-128-gb"
"Samsung","Galaxy A16","A Series","4 GB","256 GB",11700,12051,"https://www.cashify.in/sell-old-mobile-phone/used-samsung-galaxy-a16-4-gb-256-gb"
"Samsung","Galaxy A16","A Series","6 GB","32 GB",12900,13287,"https://www.cashify.in/sell-old-mobile-phone/used-samsung-galaxy-a16-6-gb-32-gb"
"Samsung","Galaxy A16","A Series","6 GB","64 GB",12900,13287,"https://www.cashify.in/sell-old-mobile-phone/used-samsung-galaxy-a16-6-gb-64-gb"
"Samsung","Galaxy A16","A Series","6 GB","128 GB",6900,7107,"https://www.cashify.in/sell-old-mobile-phone/used-samsung-galaxy-a16-6-gb-128-gb"
"Samsung","Galaxy A16","A Series","6 GB","256 GB",12900,13287,"https://www.cashify.in/sell-old-mobile-phone/used-samsung-galaxy-a16-6-gb-256-gb"
"Samsung","Galaxy A16","A Series","8 GB","32 GB",14100,14523,"https://www.cashify.in/sell-old-mobile-phone/used-samsung-galaxy-a16-8-gb-32-gb"
"Samsung","Galaxy A16","A Series","8 GB","64 GB",14100,14523,"https://www.cashify.in/sell-old-mobile-phone/used-samsung-galaxy-a16-8-gb-64-gb"
"Samsung","Galaxy A16","A Series","8 GB","128 GB",8100,8343,"https://www.cashify.in/sell-old-mobile-phone/used-samsung-galaxy-a16-8-gb-128-gb"
"Samsung","Galaxy A16","A Series","8 GB","256 GB",14100,14523,"https://www.cashify.in/sell-old-mobile-phone/used-samsung-galaxy-a16-8-gb-256-gb"
"Samsung","Galaxy A26","A Series","6 GB","128 GB",12500,12875,"https://www.cashify.in/sell-old-mobile-phone/used-samsung-galaxy-a26-6-gb-128-gb"
"Samsung","Galaxy A26","A Series","6 GB","256 GB",18500,19055,"https://www.cashify.in/sell-old-mobile-phone/used-samsung-galaxy-a26-6-gb-256-gb"
"Samsung","Galaxy A26","A Series","6 GB","512 GB",24000,24720,"https://www.cashify.in/sell-old-mobile-phone/used-samsung-galaxy-a26-6-gb-512-gb"
"Samsung","Galaxy A26","A Series","8 GB","128 GB",13700,14111,"https://www.cashify.in/sell-old-mobile-phone/used-samsung-galaxy-a26-8-gb-128-gb"
"Samsung","Galaxy A26","A Series","8 GB","256 GB",19700,20291,"https://www.cashify.in/sell-old-mobile-phone/used-samsung-galaxy-a26-8-gb-256-gb"
"Samsung","Galaxy A26","A Series","8 GB","512 GB",25200,25956,"https://www.cashify.in/sell-old-mobile-phone/used-samsung-galaxy-a26-8-gb-512-gb"
"Samsung","Galaxy A26","A Series","12 GB","128 GB",16100,16583,"https://www.cashify.in/sell-old-mobile-phone/used-samsung-galaxy-a26-12-gb-128-gb"
"Samsung","Galaxy A26","A Series","12 GB","256 GB",22100,22763,"https://www.cashify.in/sell-old-mobile-phone/used-samsung-galaxy-a26-12-gb-256-gb"
"Samsung","Galaxy A26","A Series","12 GB","512 GB",27600,28428,"https://www.cashify.in/sell-old-mobile-phone/used-samsung-galaxy-a26-12-gb-512-gb"
"Samsung","Galaxy A36","A Series","6 GB","128 GB",12500,12875,"https://www.cashify.in/sell-old-mobile-phone/used-samsung-galaxy-a36-6-gb-128-gb"
"Samsung","Galaxy A36","A Series","6 GB","256 GB",18500,19055,"https://www.cashify.in/sell-old-mobile-phone/used-samsung-galaxy-a36-6-gb-256-gb"
"Samsung","Galaxy A36","A Series","6 GB","512 GB",24000,24720,"https://www.cashify.in/sell-old-mobile-phone/used-samsung-galaxy-a36-6-gb-512-gb"
"Samsung","Galaxy A36","A Series","8 GB","128 GB",13700,14111,"https://www.cashify.in/sell-old-mobile-phone/used-samsung-galaxy-a36-8-gb-128-gb"
"Samsung","Galaxy A36","A Series","8 GB","256 GB",19700,20291,"https://www.cashify.in/sell-old-mobile-phone/used-samsung-galaxy-a36-8-gb-256-gb"
"Samsung","Galaxy A36","A Series","8 GB","512 GB",25200,25956,"https://www.cashify.in/sell-old-mobile-phone/used-samsung-galaxy-a36-8-gb-512-gb"
"Samsung","Galaxy A36","A Series","12 GB","128 GB",16100,16583,"https://www.cashify.in/sell-old-mobile-phone/used-samsung-galaxy-a36-12-gb-128-gb"
"Samsung","Galaxy A36","A Series","12 GB","256 GB",22100,22763,"https://www.cashify.in/sell-old-mobile-phone/used-samsung-galaxy-a36-12-gb-256-gb"
"Samsung","Galaxy A36","A Series","12 GB","512 GB",27600,28428,"https://www.cashify.in/sell-old-mobile-phone/used-samsung-galaxy-a36-12-gb-512-gb"
"Samsung","Galaxy A56","A Series","6 GB","128 GB",12500,12875,"https://www.cashify.in/sell-old-mobile-phone/used-samsung-galaxy-a56-6-gb-128-gb"
"Samsung","Galaxy A56","A Series","6 GB","256 GB",18500,19055,"https://www.cashify.in/sell-old-mobile-phone/used-samsung-galaxy-a56-6-gb-256-gb"
"Samsung","Galaxy A56","A Series","6 GB","512 GB",24000,24720,"https://www.cashify.in/sell-old-mobile-phone/used-samsung-galaxy-a56-6-gb-512-gb"
"Samsung","Galaxy A56","A Series","8 GB","128 GB",13700,14111,"https://www.cashify.in/sell-old-mobile-phone/used-samsung-galaxy-a56-8-gb-128-gb"
"Samsung","Galaxy A56","A Series","8 GB","256 GB",19700,20291,"https://www.cashify.in/sell-old-mobile-phone/used-samsung-galaxy-a56-8-gb-256-gb"
"Samsung","Galaxy A56","A Series","8 GB","512 GB",25200,25956,"https://www.cashify.in/sell-old-mobile-phone/used-samsung-galaxy-a56-8-gb-512-gb"
"Samsung","Galaxy A56","A Series","12 GB","128 GB",16100,16583,"https://www.cashify.in/sell-old-mobile-phone/used-samsung-galaxy-a56-12-gb-128-gb"
"Samsung","Galaxy A56","A Series","12 GB","256 GB",22100,22763,"https://www.cashify.in/sell-old-mobile-phone/used-samsung-galaxy-a56-12-gb-256-gb"
"Samsung","Galaxy A56","A Series","12 GB","512 GB",27600,28428,"https://www.cashify.in/sell-old-mobile-phone/used-samsung-galaxy-a56-12-gb-512-gb"
"Samsung","Galaxy F06","F Series","2 GB","32 GB",9000,9270,"https://www.cashify.in/sell-old-mobile-phone/used-samsung-galaxy-f06-2-gb-32-gb"
"Samsung","Galaxy F06","F Series","2 GB","64 GB",9000,9270,"https://www.cashify.in/sell-old-mobile-phone/used-samsung-galaxy-f06-2-gb-64-gb"
"Samsung","Galaxy F06","F Series","2 GB","128 GB",3500,3605,"https://www.cashify.in/sell-old-mobile-phone/used-samsung-galaxy-f06-2-gb-128-gb"
"Samsung","Galaxy F06","F Series","2 GB","256 GB",9000,9270,"https://www.cashify.in/sell-old-mobile-phone/used-samsung-galaxy-f06-2-gb-256-gb"
"Samsung","Galaxy F06","F Series","4 GB","32 GB",10200,10506,"https://www.cashify.in/sell-old-mobile-phone/used-samsung-galaxy-f06-4-gb-32-gb"
"Samsung","Galaxy F06","F Series","4 GB","64 GB",10200,10506,"https://www.cashify.in/sell-old-mobile-phone/used-samsung-galaxy-f06-4-gb-64-gb"
"Samsung","Galaxy F06","F Series","4 GB","128 GB",4700,4841,"https://www.cashify.in/sell-old-mobile-phone/used-samsung-galaxy-f06-4-gb-128-gb"
"Samsung","Galaxy F06","F Series","4 GB","256 GB",10200,10506,"https://www.cashify.in/sell-old-mobile-phone/used-samsung-galaxy-f06-4-gb-256-gb"
"Samsung","Galaxy F06","F Series","6 GB","32 GB",11400,11742,"https://www.cashify.in/sell-old-mobile-phone/used-samsung-galaxy-f06-6-gb-32-gb"
"Samsung","Galaxy F06","F Series","6 GB","64 GB",11400,11742,"https://www.cashify.in/sell-old-mobile-phone/used-samsung-galaxy-f06-6-gb-64-gb"
"Samsung","Galaxy F06","F Series","6 GB","128 GB",5900,6077,"https://www.cashify.in/sell-old-mobile-phone/used-samsung-galaxy-f06-6-gb-128-gb"
"Samsung","Galaxy F06","F Series","6 GB","256 GB",11400,11742,"https://www.cashify.in/sell-old-mobile-phone/used-samsung-galaxy-f06-6-gb-256-gb"
"Samsung","Galaxy F06","F Series","8 GB","32 GB",12600,12978,"https://www.cashify.in/sell-old-mobile-phone/used-samsung-galaxy-f06-8-gb-32-gb"
"Samsung","Galaxy F06","F Series","8 GB","64 GB",12600,12978,"https://www.cashify.in/sell-old-mobile-phone/used-samsung-galaxy-f06-8-gb-64-gb"
"Samsung","Galaxy F06","F Series","8 GB","128 GB",7100,7313,"https://www.cashify.in/sell-old-mobile-phone/used-samsung-galaxy-f06-8-gb-128-gb"
"Samsung","Galaxy F06","F Series","8 GB","256 GB",12600,12978,"https://www.cashify.in/sell-old-mobile-phone/used-samsung-galaxy-f06-8-gb-256-gb"
"Samsung","Galaxy F16","F Series","2 GB","32 GB",9000,9270,"https://www.cashify.in/sell-old-mobile-phone/used-samsung-galaxy-f16-2-gb-32-gb"
"Samsung","Galaxy F16","F Series","2 GB","64 GB",9000,9270,"https://www.cashify.in/sell-old-mobile-phone/used-samsung-galaxy-f16-2-gb-64-gb"
"Samsung","Galaxy F16","F Series","2 GB","128 GB",3500,3605,"https://www.cashify.in/sell-old-mobile-phone/used-samsung-galaxy-f16-2-gb-128-gb"
"Samsung","Galaxy F16","F Series","2 GB","256 GB",9000,9270,"https://www.cashify.in/sell-old-mobile-phone/used-samsung-galaxy-f16-2-gb-256-gb"
"Samsung","Galaxy F16","F Series","4 GB","32 GB",10200,10506,"https://www.cashify.in/sell-old-mobile-phone/used-samsung-galaxy-f16-4-gb-32-gb"
"Samsung","Galaxy F16","F Series","4 GB","64 GB",10200,10506,"https://www.cashify.in/sell-old-mobile-phone/used-samsung-galaxy-f16-4-gb-64-gb"
"Samsung","Galaxy F16","F Series","4 GB","128 GB",4700,4841,"https://www.cashify.in/sell-old-mobile-phone/used-samsung-galaxy-f16-4-gb-128-gb"
"Samsung","Galaxy F16","F Series","4 GB","256 GB",10200,10506,"https://www.cashify.in/sell-old-mobile-phone/used-samsung-galaxy-f16-4-gb-256-gb"
"Samsung","Galaxy F16","F Series","6 GB","32 GB",11400,11742,"https://www.cashify.in/sell-old-mobile-phone/used-samsung-galaxy-f16-6-gb-32-gb"
"Samsung","Galaxy F16","F Series","6 GB","64 GB",11400,11742,"https://www.cashify.in/sell-old-mobile-phone/used-samsung-galaxy-f16-6-gb-64-gb"
"Samsung","Galaxy F16","F Series","6 GB","128 GB",5900,6077,"https://www.cashify.in/sell-old-mobile-phone/used-samsung-galaxy-f16-6-gb-128-gb"
"Samsung","Galaxy F16","F Series","6 GB","256 GB",11400,11742,"https://www.cashify.in/sell-old-mobile-phone/used-samsung-galaxy-f16-6-gb-256-gb"
"Samsung","Galaxy F16","F Series","8 GB","32 GB",12600,12978,"https://www.cashify.in/sell-old-mobile-phone/used-samsung-galaxy-f16-8-gb-32-gb"
"Samsung","Galaxy F16","F Series","8 GB","64 GB",12600,12978,"https://www.cashify.in/sell-old-mobile-phone/used-samsung-galaxy-f16-8-gb-64-gb"
"Samsung","Galaxy F16","F Series","8 GB","128 GB",7100,7313,"https://www.cashify.in/sell-old-mobile-phone/used-samsung-galaxy-f16-8-gb-128-gb"
"Samsung","Galaxy F16","F Series","8 GB","256 GB",12600,12978,"https://www.cashify.in/sell-old-mobile-phone/used-samsung-galaxy-f16-8-gb-256-gb"
"Samsung","Galaxy F36","F Series","2 GB","32 GB",9000,9270,"https://www.cashify.in/sell-old-mobile-phone/used-samsung-galaxy-f36-2-gb-32-gb"
"Samsung","Galaxy F36","F Series","2 GB","64 GB",9000,9270,"https://www.cashify.in/sell-old-mobile-phone/used-samsung-galaxy-f36-2-gb-64-gb"
"Samsung","Galaxy F36","F Series","2 GB","128 GB",3500,3605,"https://www.cashify.in/sell-old-mobile-phone/used-samsung-galaxy-f36-2-gb-128-gb"
"Samsung","Galaxy F36","F Series","2 GB","256 GB",9000,9270,"https://www.cashify.in/sell-old-mobile-phone/used-samsung-galaxy-f36-2-gb-256-gb"
"Samsung","Galaxy F36","F Series","4 GB","32 GB",10200,10506,"https://www.cashify.in/sell-old-mobile-phone/used-samsung-galaxy-f36-4-gb-32-gb"
"Samsung","Galaxy F36","F Series","4 GB","64 GB",10200,10506,"https://www.cashify.in/sell-old-mobile-phone/used-samsung-galaxy-f36-4-gb-64-gb"
"Samsung","Galaxy F36","F Series","4 GB","128 GB",4700,4841,"https://www.cashify.in/sell-old-mobile-phone/used-samsung-galaxy-f36-4-gb-128-gb"
"Samsung","Galaxy F36","F Series","4 GB","256 GB",10200,10506,"https://www.cashify.in/sell-old-mobile-phone/used-samsung-galaxy-f36-4-gb-256-gb"
"Samsung","Galaxy F36","F Series","6 GB","32 GB",11400,11742,"https://www.cashify.in/sell-old-mobile-phone/used-samsung-galaxy-f36-6-gb-32-gb"
"Samsung","Galaxy F36","F Series","6 GB","64 GB",11400,11742,"https://www.cashify.in/sell-old-mobile-phone/used-samsung-galaxy-f36-6-gb-64-gb"
"Samsung","Galaxy F36","F Series","6 GB","128 GB",5900,6077,"https://www.cashify.in/sell-old-mobile-phone/used-samsung-galaxy-f36-6-gb-128-gb"
"Samsung","Galaxy F36","F Series","6 GB","256 GB",11400,11742,"https://www.cashify.in/sell-old-mobile-phone/used-samsung-galaxy-f36-6-gb-256-gb"
"Samsung","Galaxy F36","F Series","8 GB","32 GB",12600,12978,"https://www.cashify.in/sell-old-mobile-phone/used-samsung-galaxy-f36-8-gb-32-gb"
"Samsung","Galaxy F36","F Series","8 GB","64 GB",12600,12978,"https://www.cashify.in/sell-old-mobile-phone/used-samsung-galaxy-f36-8-gb-64-gb"
"Samsung","Galaxy F36","F Series","8 GB","128 GB",7100,7313,"https://www.cashify.in/sell-old-mobile-phone/used-samsung-galaxy-f36-8-gb-128-gb"
"Samsung","Galaxy F36","F Series","8 GB","256 GB",12600,12978,"https://www.cashify.in/sell-old-mobile-phone/used-samsung-galaxy-f36-8-gb-256-gb"
"Samsung","Galaxy F56","F Series","6 GB","128 GB",10000,10300,"https://www.cashify.in/sell-old-mobile-phone/used-samsung-galaxy-f56-6-gb-128-gb"
"Samsung","Galaxy F56","F Series","6 GB","256 GB",16000,16480,"https://www.cashify.in/sell-old-mobile-phone/used-samsung-galaxy-f56-6-gb-256-gb"
"Samsung","Galaxy F56","F Series","6 GB","512 GB",21500,22145,"https://www.cashify.in/sell-old-mobile-phone/used-samsung-galaxy-f56-6-gb-512-gb"
"Samsung","Galaxy F56","F Series","8 GB","128 GB",11200,11536,"https://www.cashify.in/sell-old-mobile-phone/used-samsung-galaxy-f56-8-gb-128-gb"
"Samsung","Galaxy F56","F Series","8 GB","256 GB",17200,17716,"https://www.cashify.in/sell-old-mobile-phone/used-samsung-galaxy-f56-8-gb-256-gb"
"Samsung","Galaxy F56","F Series","8 GB","512 GB",22700,23381,"https://www.cashify.in/sell-old-mobile-phone/used-samsung-galaxy-f56-8-gb-512-gb"
"Samsung","Galaxy F56","F Series","12 GB","128 GB",13600,14008,"https://www.cashify.in/sell-old-mobile-phone/used-samsung-galaxy-f56-12-gb-128-gb"
"Samsung","Galaxy F56","F Series","12 GB","256 GB",19600,20188,"https://www.cashify.in/sell-old-mobile-phone/used-samsung-galaxy-f56-12-gb-256-gb"
"Samsung","Galaxy F56","F Series","12 GB","512 GB",25100,25853,"https://www.cashify.in/sell-old-mobile-phone/used-samsung-galaxy-f56-12-gb-512-gb"
"Samsung","Galaxy M06","M Series","2 GB","32 GB",9000,9270,"https://www.cashify.in/sell-old-mobile-phone/used-samsung-galaxy-m06-2-gb-32-gb"
"Samsung","Galaxy M06","M Series","2 GB","64 GB",9000,9270,"https://www.cashify.in/sell-old-mobile-phone/used-samsung-galaxy-m06-2-gb-64-gb"
"Samsung","Galaxy M06","M Series","2 GB","128 GB",3500,3605,"https://www.cashify.in/sell-old-mobile-phone/used-samsung-galaxy-m06-2-gb-128-gb"
"Samsung","Galaxy M06","M Series","2 GB","256 GB",9000,9270,"https://www.cashify.in/sell-old-mobile-phone/used-samsung-galaxy-m06-2-gb-256-gb"
"Samsung","Galaxy M06","M Series","4 GB","32 GB",10200,10506,"https://www.cashify.in/sell-old-mobile-phone/used-samsung-galaxy-m06-4-gb-32-gb"
"Samsung","Galaxy M06","M Series","4 GB","64 GB",10200,10506,"https://www.cashify.in/sell-old-mobile-phone/used-samsung-galaxy-m06-4-gb-64-gb"
"Samsung","Galaxy M06","M Series","4 GB","128 GB",4700,4841,"https://www.cashify.in/sell-old-mobile-phone/used-samsung-galaxy-m06-4-gb-128-gb"
"Samsung","Galaxy M06","M Series","4 GB","256 GB",10200,10506,"https://www.cashify.in/sell-old-mobile-phone/used-samsung-galaxy-m06-4-gb-256-gb"
"Samsung","Galaxy M06","M Series","6 GB","32 GB",11400,11742,"https://www.cashify.in/sell-old-mobile-phone/used-samsung-galaxy-m06-6-gb-32-gb"
"Samsung","Galaxy M06","M Series","6 GB","64 GB",11400,11742,"https://www.cashify.in/sell-old-mobile-phone/used-samsung-galaxy-m06-6-gb-64-gb"
"Samsung","Galaxy M06","M Series","6 GB","128 GB",5900,6077,"https://www.cashify.in/sell-old-mobile-phone/used-samsung-galaxy-m06-6-gb-128-gb"
"Samsung","Galaxy M06","M Series","6 GB","256 GB",11400,11742,"https://www.cashify.in/sell-old-mobile-phone/used-samsung-galaxy-m06-6-gb-256-gb"
"Samsung","Galaxy M06","M Series","8 GB","32 GB",12600,12978,"https://www.cashify.in/sell-old-mobile-phone/used-samsung-galaxy-m06-8-gb-32-gb"
"Samsung","Galaxy M06","M Series","8 GB","64 GB",12600,12978,"https://www.cashify.in/sell-old-mobile-phone/used-samsung-galaxy-m06-8-gb-64-gb"
"Samsung","Galaxy M06","M Series","8 GB","128 GB",7100,7313,"https://www.cashify.in/sell-old-mobile-phone/used-samsung-galaxy-m06-8-gb-128-gb"
"Samsung","Galaxy M06","M Series","8 GB","256 GB",12600,12978,"https://www.cashify.in/sell-old-mobile-phone/used-samsung-galaxy-m06-8-gb-256-gb"
"Samsung","Galaxy M16","M Series","2 GB","32 GB",9000,9270,"https://www.cashify.in/sell-old-mobile-phone/used-samsung-galaxy-m16-2-gb-32-gb"
"Samsung","Galaxy M16","M Series","2 GB","64 GB",9000,9270,"https://www.cashify.in/sell-old-mobile-phone/used-samsung-galaxy-m16-2-gb-64-gb"
"Samsung","Galaxy M16","M Series","2 GB","128 GB",3500,3605,"https://www.cashify.in/sell-old-mobile-phone/used-samsung-galaxy-m16-2-gb-128-gb"
"Samsung","Galaxy M16","M Series","2 GB","256 GB",9000,9270,"https://www.cashify.in/sell-old-mobile-phone/used-samsung-galaxy-m16-2-gb-256-gb"
"Samsung","Galaxy M16","M Series","4 GB","32 GB",10200,10506,"https://www.cashify.in/sell-old-mobile-phone/used-samsung-galaxy-m16-4-gb-32-gb"
"Samsung","Galaxy M16","M Series","4 GB","64 GB",10200,10506,"https://www.cashify.in/sell-old-mobile-phone/used-samsung-galaxy-m16-4-gb-64-gb"
"Samsung","Galaxy M16","M Series","4 GB","128 GB",4700,4841,"https://www.cashify.in/sell-old-mobile-phone/used-samsung-galaxy-m16-4-gb-128-gb"
"Samsung","Galaxy M16","M Series","4 GB","256 GB",10200,10506,"https://www.cashify.in/sell-old-mobile-phone/used-samsung-galaxy-m16-4-gb-256-gb"
"Samsung","Galaxy M16","M Series","6 GB","32 GB",11400,11742,"https://www.cashify.in/sell-old-mobile-phone/used-samsung-galaxy-m16-6-gb-32-gb"
"Samsung","Galaxy M16","M Series","6 GB","64 GB",11400,11742,"https://www.cashify.in/sell-old-mobile-phone/used-samsung-galaxy-m16-6-gb-64-gb"
"Samsung","Galaxy M16","M Series","6 GB","128 GB",5900,6077,"https://www.cashify.in/sell-old-mobile-phone/used-samsung-galaxy-m16-6-gb-128-gb"
"Samsung","Galaxy M16","M Series","6 GB","256 GB",11400,11742,"https://www.cashify.in/sell-old-mobile-phone/used-samsung-galaxy-m16-6-gb-256-gb"
"Samsung","Galaxy M16","M Series","8 GB","32 GB",12600,12978,"https://www.cashify.in/sell-old-mobile-phone/used-samsung-galaxy-m16-8-gb-32-gb"
"Samsung","Galaxy M16","M Series","8 GB","64 GB",12600,12978,"https://www.cashify.in/sell-old-mobile-phone/used-samsung-galaxy-m16-8-gb-64-gb"
"Samsung","Galaxy M16","M Series","8 GB","128 GB",7100,7313,"https://www.cashify.in/sell-old-mobile-phone/used-samsung-galaxy-m16-8-gb-128-gb"
"Samsung","Galaxy M16","M Series","8 GB","256 GB",12600,12978,"https://www.cashify.in/sell-old-mobile-phone/used-samsung-galaxy-m16-8-gb-256-gb"
"Samsung","Galaxy M36","M Series","2 GB","32 GB",9000,9270,"https://www.cashify.in/sell-old-mobile-phone/used-samsung-galaxy-m36-2-gb-32-gb"
"Samsung","Galaxy M36","M Series","2 GB","64 GB",9000,9270,"https://www.cashify.in/sell-old-mobile-phone/used-samsung-galaxy-m36-2-gb-64-gb"
"Samsung","Galaxy M36","M Series","2 GB","128 GB",3500,3605,"https://www.cashify.in/sell-old-mobile-phone/used-samsung-galaxy-m36-2-gb-128-gb"
"Samsung","Galaxy M36","M Series","2 GB","256 GB",9000,9270,"https://www.cashify.in/sell-old-mobile-phone/used-samsung-galaxy-m36-2-gb-256-gb"
"Samsung","Galaxy M36","M Series","4 GB","32 GB",10200,10506,"https://www.cashify.in/sell-old-mobile-phone/used-samsung-galaxy-m36-4-gb-32-gb"
"Samsung","Galaxy M36","M Series","4 GB","64 GB",10200,10506,"https://www.cashify.in/sell-old-mobile-phone/used-samsung-galaxy-m36-4-gb-64-gb"
"Samsung","Galaxy M36","M Series","4 GB","128 GB",4700,4841,"https://www.cashify.in/sell-old-mobile-phone/used-samsung-galaxy-m36-4-gb-128-gb"
"Samsung","Galaxy M36","M Series","4 GB","256 GB",10200,10506,"https://www.cashify.in/sell-old-mobile-phone/used-samsung-galaxy-m36-4-gb-256-gb"
"Samsung","Galaxy M36","M Series","6 GB","32 GB",11400,11742,"https://www.cashify.in/sell-old-mobile-phone/used-samsung-galaxy-m36-6-gb-32-gb"
"Samsung","Galaxy M36","M Series","6 GB","64 GB",11400,11742,"https://www.cashify.in/sell-old-mobile-phone/used-samsung-galaxy-m36-6-gb-64-gb"
"Samsung","Galaxy M36","M Series","6 GB","128 GB",5900,6077,"https://www.cashify.in/sell-old-mobile-phone/used-samsung-galaxy-m36-6-gb-128-gb"
"Samsung","Galaxy M36","M Series","6 GB","256 GB",11400,11742,"https://www.cashify.in/sell-old-mobile-phone/used-samsung-galaxy-m36-6-gb-256-gb"
"Samsung","Galaxy M36","M Series","8 GB","32 GB",12600,12978,"https://www.cashify.in/sell-old-mobile-phone/used-samsung-galaxy-m36-8-gb-32-gb"
"Samsung","Galaxy M36","M Series","8 GB","64 GB",12600,12978,"https://www.cashify.in/sell-old-mobile-phone/used-samsung-galaxy-m36-8-gb-64-gb"
"Samsung","Galaxy M36","M Series","8 GB","128 GB",7100,7313,"https://www.cashify.in/sell-old-mobile-phone/used-samsung-galaxy-m36-8-gb-128-gb"
"Samsung","Galaxy M36","M Series","8 GB","256 GB",12600,12978,"https://www.cashify.in/sell-old-mobile-phone/used-samsung-galaxy-m36-8-gb-256-gb"
"Samsung","Galaxy M56","M Series","6 GB","128 GB",10000,10300,"https://www.cashify.in/sell-old-mobile-phone/used-samsung-galaxy-m56-6-gb-128-gb"
"Samsung","Galaxy M56","M Series","6 GB","256 GB",16000,16480,"https://www.cashify.in/sell-old-mobile-phone/used-samsung-galaxy-m56-6-gb-256-gb"
"Samsung","Galaxy M56","M Series","6 GB","512 GB",21500,22145,"https://www.cashify.in/sell-old-mobile-phone/used-samsung-galaxy-m56-6-gb-512-gb"
"Samsung","Galaxy M56","M Series","8 GB","128 GB",11200,11536,"https://www.cashify.in/sell-old-mobile-phone/used-samsung-galaxy-m56-8-gb-128-gb"
"Samsung","Galaxy M56","M Series","8 GB","256 GB",17200,17716,"https://www.cashify.in/sell-old-mobile-phone/used-samsung-galaxy-m56-8-gb-256-gb"
"Samsung","Galaxy M56","M Series","8 GB","512 GB",22700,23381,"https://www.cashify.in/sell-old-mobile-phone/used-samsung-galaxy-m56-8-gb-512-gb"
"Samsung","Galaxy M56","M Series","12 GB","128 GB",13600,14008,"https://www.cashify.in/sell-old-mobile-phone/used-samsung-galaxy-m56-12-gb-128-gb"
"Samsung","Galaxy M56","M Series","12 GB","256 GB",19600,20188,"https://www.cashify.in/sell-old-mobile-phone/used-samsung-galaxy-m56-12-gb-256-gb"
"Samsung","Galaxy M56","M Series","12 GB","512 GB",25100,25853,"https://www.cashify.in/sell-old-mobile-phone/used-samsung-galaxy-m56-12-gb-512-gb"
"Samsung","Galaxy M55","M Series","6 GB","128 GB",10000,10300,"https://www.cashify.in/sell-old-mobile-phone/used-samsung-galaxy-m55-6-gb-128-gb"
"Samsung","Galaxy M55","M Series","6 GB","256 GB",16000,16480,"https://www.cashify.in/sell-old-mobile-phone/used-samsung-galaxy-m55-6-gb-256-gb"
"Samsung","Galaxy M55","M Series","6 GB","512 GB",21500,22145,"https://www.cashify.in/sell-old-mobile-phone/used-samsung-galaxy-m55-6-gb-512-gb"
"Samsung","Galaxy M55","M Series","8 GB","128 GB",11200,11536,"https://www.cashify.in/sell-old-mobile-phone/used-samsung-galaxy-m55-8-gb-128-gb"
"Samsung","Galaxy M55","M Series","8 GB","256 GB",17200,17716,"https://www.cashify.in/sell-old-mobile-phone/used-samsung-galaxy-m55-8-gb-256-gb"
"Samsung","Galaxy M55","M Series","8 GB","512 GB",22700,23381,"https://www.cashify.in/sell-old-mobile-phone/used-samsung-galaxy-m55-8-gb-512-gb"
"Samsung","Galaxy M55","M Series","12 GB","128 GB",13600,14008,"https://www.cashify.in/sell-old-mobile-phone/used-samsung-galaxy-m55-12-gb-128-gb"
"Samsung","Galaxy M55","M Series","12 GB","256 GB",19600,20188,"https://www.cashify.in/sell-old-mobile-phone/used-samsung-galaxy-m55-12-gb-256-gb"
"Samsung","Galaxy M55","M Series","12 GB","512 GB",25100,25853,"https://www.cashify.in/sell-old-mobile-phone/used-samsung-galaxy-m55-12-gb-512-gb"
"Samsung","Galaxy M35","M Series","2 GB","32 GB",9000,9270,"https://www.cashify.in/sell-old-mobile-phone/used-samsung-galaxy-m35-2-gb-32-gb"
"Samsung","Galaxy M35","M Series","2 GB","64 GB",9000,9270,"https://www.cashify.in/sell-old-mobile-phone/used-samsung-galaxy-m35-2-gb-64-gb"
"Samsung","Galaxy M35","M Series","2 GB","128 GB",3500,3605,"https://www.cashify.in/sell-old-mobile-phone/used-samsung-galaxy-m35-2-gb-128-gb"
"Samsung","Galaxy M35","M Series","2 GB","256 GB",9000,9270,"https://www.cashify.in/sell-old-mobile-phone/used-samsung-galaxy-m35-2-gb-256-gb"
"Samsung","Galaxy M35","M Series","4 GB","32 GB",10200,10506,"https://www.cashify.in/sell-old-mobile-phone/used-samsung-galaxy-m35-4-gb-32-gb"
"Samsung","Galaxy M35","M Series","4 GB","64 GB",10200,10506,"https://www.cashify.in/sell-old-mobile-phone/used-samsung-galaxy-m35-4-gb-64-gb"
"Samsung","Galaxy M35","M Series","4 GB","128 GB",4700,4841,"https://www.cashify.in/sell-old-mobile-phone/used-samsung-galaxy-m35-4-gb-128-gb"
"Samsung","Galaxy M35","M Series","4 GB","256 GB",10200,10506,"https://www.cashify.in/sell-old-mobile-phone/used-samsung-galaxy-m35-4-gb-256-gb"
"Samsung","Galaxy M35","M Series","6 GB","32 GB",11400,11742,"https://www.cashify.in/sell-old-mobile-phone/used-samsung-galaxy-m35-6-gb-32-gb"
"Samsung","Galaxy M35","M Series","6 GB","64 GB",11400,11742,"https://www.cashify.in/sell-old-mobile-phone/used-samsung-galaxy-m35-6-gb-64-gb"
"Samsung","Galaxy M35","M Series","6 GB","128 GB",5900,6077,"https://www.cashify.in/sell-old-mobile-phone/used-samsung-galaxy-m35-6-gb-128-gb"
"Samsung","Galaxy M35","M Series","6 GB","256 GB",11400,11742,"https://www.cashify.in/sell-old-mobile-phone/used-samsung-galaxy-m35-6-gb-256-gb"
"Samsung","Galaxy M35","M Series","8 GB","32 GB",12600,12978,"https://www.cashify.in/sell-old-mobile-phone/used-samsung-galaxy-m35-8-gb-32-gb"
"Samsung","Galaxy M35","M Series","8 GB","64 GB",12600,12978,"https://www.cashify.in/sell-old-mobile-phone/used-samsung-galaxy-m35-8-gb-64-gb"
"Samsung","Galaxy M35","M Series","8 GB","128 GB",7100,7313,"https://www.cashify.in/sell-old-mobile-phone/used-samsung-galaxy-m35-8-gb-128-gb"
"Samsung","Galaxy M35","M Series","8 GB","256 GB",12600,12978,"https://www.cashify.in/sell-old-mobile-phone/used-samsung-galaxy-m35-8-gb-256-gb"
"Samsung","Galaxy M33","M Series","2 GB","32 GB",5500,5665,"https://www.cashify.in/sell-old-mobile-phone/used-samsung-galaxy-m33-2-gb-32-gb"
"Samsung","Galaxy M33","M Series","2 GB","64 GB",5500,5665,"https://www.cashify.in/sell-old-mobile-phone/used-samsung-galaxy-m33-2-gb-64-gb"
"Samsung","Galaxy M33","M Series","2 GB","128 GB",3500,3605,"https://www.cashify.in/sell-old-mobile-phone/used-samsung-galaxy-m33-2-gb-128-gb"
"Samsung","Galaxy M33","M Series","2 GB","256 GB",5500,5665,"https://www.cashify.in/sell-old-mobile-phone/used-samsung-galaxy-m33-2-gb-256-gb"
"Samsung","Galaxy M33","M Series","4 GB","32 GB",6700,6901,"https://www.cashify.in/sell-old-mobile-phone/used-samsung-galaxy-m33-4-gb-32-gb"
"Samsung","Galaxy M33","M Series","4 GB","64 GB",6700,6901,"https://www.cashify.in/sell-old-mobile-phone/used-samsung-galaxy-m33-4-gb-64-gb"
"Samsung","Galaxy M33","M Series","4 GB","128 GB",4700,4841,"https://www.cashify.in/sell-old-mobile-phone/used-samsung-galaxy-m33-4-gb-128-gb"
"Samsung","Galaxy M33","M Series","4 GB","256 GB",6700,6901,"https://www.cashify.in/sell-old-mobile-phone/used-samsung-galaxy-m33-4-gb-256-gb"
"Samsung","Galaxy M33","M Series","6 GB","32 GB",7900,8137,"https://www.cashify.in/sell-old-mobile-phone/used-samsung-galaxy-m33-6-gb-32-gb"
"Samsung","Galaxy M33","M Series","6 GB","64 GB",7900,8137,"https://www.cashify.in/sell-old-mobile-phone/used-samsung-galaxy-m33-6-gb-64-gb"
"Samsung","Galaxy M33","M Series","6 GB","128 GB",5900,6077,"https://www.cashify.in/sell-old-mobile-phone/used-samsung-galaxy-m33-6-gb-128-gb"
"Samsung","Galaxy M33","M Series","6 GB","256 GB",7900,8137,"https://www.cashify.in/sell-old-mobile-phone/used-samsung-galaxy-m33-6-gb-256-gb"
"Samsung","Galaxy M33","M Series","8 GB","32 GB",9100,9373,"https://www.cashify.in/sell-old-mobile-phone/used-samsung-galaxy-m33-8-gb-32-gb"
"Samsung","Galaxy M33","M Series","8 GB","64 GB",9100,9373,"https://www.cashify.in/sell-old-mobile-phone/used-samsung-galaxy-m33-8-gb-64-gb"
"Samsung","Galaxy M33","M Series","8 GB","128 GB",7100,7313,"https://www.cashify.in/sell-old-mobile-phone/used-samsung-galaxy-m33-8-gb-128-gb"
"Samsung","Galaxy M33","M Series","8 GB","256 GB",9100,9373,"https://www.cashify.in/sell-old-mobile-phone/used-samsung-galaxy-m33-8-gb-256-gb"
"Xiaomi","Xiaomi 14 Ultra","Xiaomi Series","8 GB","256 GB",66000,67980,"https://www.cashify.in/sell-old-mobile-phone/used-xiaomi-14-ultra-8-gb-256-gb"
"Xiaomi","Xiaomi 14 Ultra","Xiaomi Series","8 GB","512 GB",71500,73645,"https://www.cashify.in/sell-old-mobile-phone/used-xiaomi-14-ultra-8-gb-512-gb"
"Xiaomi","Xiaomi 14 Ultra","Xiaomi Series","8 GB","1024 GB",76500,78795,"https://www.cashify.in/sell-old-mobile-phone/used-xiaomi-14-ultra-8-gb-1024-gb"
"Xiaomi","Xiaomi 14 Ultra","Xiaomi Series","12 GB","256 GB",68400,70452,"https://www.cashify.in/sell-old-mobile-phone/used-xiaomi-14-ultra-12-gb-256-gb"
"Xiaomi","Xiaomi 14 Ultra","Xiaomi Series","12 GB","512 GB",73900,76117,"https://www.cashify.in/sell-old-mobile-phone/used-xiaomi-14-ultra-12-gb-512-gb"
"Xiaomi","Xiaomi 14 Ultra","Xiaomi Series","12 GB","1024 GB",78900,81267,"https://www.cashify.in/sell-old-mobile-phone/used-xiaomi-14-ultra-12-gb-1024-gb"
"Xiaomi","Xiaomi 14 Ultra","Xiaomi Series","16 GB","256 GB",70800,72924,"https://www.cashify.in/sell-old-mobile-phone/used-xiaomi-14-ultra-16-gb-256-gb"
"Xiaomi","Xiaomi 14 Ultra","Xiaomi Series","16 GB","512 GB",76300,78589,"https://www.cashify.in/sell-old-mobile-phone/used-xiaomi-14-ultra-16-gb-512-gb"
"Xiaomi","Xiaomi 14 Ultra","Xiaomi Series","16 GB","1024 GB",81300,83739,"https://www.cashify.in/sell-old-mobile-phone/used-xiaomi-14-ultra-16-gb-1024-gb"
"Xiaomi","Xiaomi 14","Xiaomi Series","8 GB","128 GB",52000,53560,"https://www.cashify.in/sell-old-mobile-phone/used-xiaomi-14-8-gb-128-gb"
"Xiaomi","Xiaomi 14","Xiaomi Series","8 GB","256 GB",58000,59740,"https://www.cashify.in/sell-old-mobile-phone/used-xiaomi-14-8-gb-256-gb"
"Xiaomi","Xiaomi 14","Xiaomi Series","8 GB","512 GB",63500,65405,"https://www.cashify.in/sell-old-mobile-phone/used-xiaomi-14-8-gb-512-gb"
"Xiaomi","Xiaomi 14","Xiaomi Series","8 GB","1024 GB",68500,70555,"https://www.cashify.in/sell-old-mobile-phone/used-xiaomi-14-8-gb-1024-gb"
"Xiaomi","Xiaomi 14","Xiaomi Series","12 GB","128 GB",54400,56032,"https://www.cashify.in/sell-old-mobile-phone/used-xiaomi-14-12-gb-128-gb"
"Xiaomi","Xiaomi 14","Xiaomi Series","12 GB","256 GB",60400,62212,"https://www.cashify.in/sell-old-mobile-phone/used-xiaomi-14-12-gb-256-gb"
"Xiaomi","Xiaomi 14","Xiaomi Series","12 GB","512 GB",65900,67877,"https://www.cashify.in/sell-old-mobile-phone/used-xiaomi-14-12-gb-512-gb"
"Xiaomi","Xiaomi 14","Xiaomi Series","12 GB","1024 GB",70900,73027,"https://www.cashify.in/sell-old-mobile-phone/used-xiaomi-14-12-gb-1024-gb"
"Xiaomi","Xiaomi 14","Xiaomi Series","16 GB","128 GB",56800,58504,"https://www.cashify.in/sell-old-mobile-phone/used-xiaomi-14-16-gb-128-gb"
"Xiaomi","Xiaomi 14","Xiaomi Series","16 GB","256 GB",62800,64684,"https://www.cashify.in/sell-old-mobile-phone/used-xiaomi-14-16-gb-256-gb"
"Xiaomi","Xiaomi 14","Xiaomi Series","16 GB","512 GB",68300,70349,"https://www.cashify.in/sell-old-mobile-phone/used-xiaomi-14-16-gb-512-gb"
"Xiaomi","Xiaomi 14","Xiaomi Series","16 GB","1024 GB",73300,75499,"https://www.cashify.in/sell-old-mobile-phone/used-xiaomi-14-16-gb-1024-gb"
"Xiaomi","Xiaomi 13 Pro","Xiaomi Series","8 GB","128 GB",45500,46865,"https://www.cashify.in/sell-old-mobile-phone/used-xiaomi-13-pro-8-gb-128-gb"
"Xiaomi","Xiaomi 13 Pro","Xiaomi Series","8 GB","256 GB",51500,53045,"https://www.cashify.in/sell-old-mobile-phone/used-xiaomi-13-pro-8-gb-256-gb"
"Xiaomi","Xiaomi 13 Pro","Xiaomi Series","8 GB","512 GB",56500,58195,"https://www.cashify.in/sell-old-mobile-phone/used-xiaomi-13-pro-8-gb-512-gb"
"Xiaomi","Xiaomi 13 Pro","Xiaomi Series","8 GB","1024 GB",61500,63345,"https://www.cashify.in/sell-old-mobile-phone/used-xiaomi-13-pro-8-gb-1024-gb"
"Xiaomi","Xiaomi 13 Pro","Xiaomi Series","12 GB","128 GB",47900,49337,"https://www.cashify.in/sell-old-mobile-phone/used-xiaomi-13-pro-12-gb-128-gb"
"Xiaomi","Xiaomi 13 Pro","Xiaomi Series","12 GB","256 GB",53900,55517,"https://www.cashify.in/sell-old-mobile-phone/used-xiaomi-13-pro-12-gb-256-gb"
"Xiaomi","Xiaomi 13 Pro","Xiaomi Series","12 GB","512 GB",58900,60667,"https://www.cashify.in/sell-old-mobile-phone/used-xiaomi-13-pro-12-gb-512-gb"
"Xiaomi","Xiaomi 13 Pro","Xiaomi Series","12 GB","1024 GB",63900,65817,"https://www.cashify.in/sell-old-mobile-phone/used-xiaomi-13-pro-12-gb-1024-gb"
"Xiaomi","Xiaomi 13 Pro","Xiaomi Series","16 GB","128 GB",50300,51809,"https://www.cashify.in/sell-old-mobile-phone/used-xiaomi-13-pro-16-gb-128-gb"
"Xiaomi","Xiaomi 13 Pro","Xiaomi Series","16 GB","256 GB",56300,57989,"https://www.cashify.in/sell-old-mobile-phone/used-xiaomi-13-pro-16-gb-256-gb"
"Xiaomi","Xiaomi 13 Pro","Xiaomi Series","16 GB","512 GB",61300,63139,"https://www.cashify.in/sell-old-mobile-phone/used-xiaomi-13-pro-16-gb-512-gb"
"Xiaomi","Xiaomi 13 Pro","Xiaomi Series","16 GB","1024 GB",66300,68289,"https://www.cashify.in/sell-old-mobile-phone/used-xiaomi-13-pro-16-gb-1024-gb"
"Xiaomi","Xiaomi 13","Xiaomi Series","8 GB","128 GB",23500,24205,"https://www.cashify.in/sell-old-mobile-phone/used-xiaomi-13-8-gb-128-gb"
"Xiaomi","Xiaomi 13","Xiaomi Series","8 GB","256 GB",29500,30385,"https://www.cashify.in/sell-old-mobile-phone/used-xiaomi-13-8-gb-256-gb"
"Xiaomi","Xiaomi 13","Xiaomi Series","8 GB","512 GB",35000,36050,"https://www.cashify.in/sell-old-mobile-phone/used-xiaomi-13-8-gb-512-gb"
"Xiaomi","Xiaomi 13","Xiaomi Series","8 GB","1024 GB",40000,41200,"https://www.cashify.in/sell-old-mobile-phone/used-xiaomi-13-8-gb-1024-gb"
"Xiaomi","Xiaomi 13","Xiaomi Series","12 GB","128 GB",25900,26677,"https://www.cashify.in/sell-old-mobile-phone/used-xiaomi-13-12-gb-128-gb"
"Xiaomi","Xiaomi 13","Xiaomi Series","12 GB","256 GB",31900,32857,"https://www.cashify.in/sell-old-mobile-phone/used-xiaomi-13-12-gb-256-gb"
"Xiaomi","Xiaomi 13","Xiaomi Series","12 GB","512 GB",37400,38522,"https://www.cashify.in/sell-old-mobile-phone/used-xiaomi-13-12-gb-512-gb"
"Xiaomi","Xiaomi 13","Xiaomi Series","12 GB","1024 GB",42400,43672,"https://www.cashify.in/sell-old-mobile-phone/used-xiaomi-13-12-gb-1024-gb"
"Xiaomi","Xiaomi 12 Pro","Xiaomi Series","8 GB","128 GB",19500,20085,"https://www.cashify.in/sell-old-mobile-phone/used-xiaomi-12-pro-8-gb-128-gb"
"Xiaomi","Xiaomi 12 Pro","Xiaomi Series","8 GB","256 GB",25500,26265,"https://www.cashify.in/sell-old-mobile-phone/used-xiaomi-12-pro-8-gb-256-gb"
"Xiaomi","Xiaomi 12 Pro","Xiaomi Series","8 GB","512 GB",30500,31415,"https://www.cashify.in/sell-old-mobile-phone/used-xiaomi-12-pro-8-gb-512-gb"
"Xiaomi","Xiaomi 12 Pro","Xiaomi Series","8 GB","1024 GB",35500,36565,"https://www.cashify.in/sell-old-mobile-phone/used-xiaomi-12-pro-8-gb-1024-gb"
"Xiaomi","Xiaomi 12 Pro","Xiaomi Series","12 GB","128 GB",21900,22557,"https://www.cashify.in/sell-old-mobile-phone/used-xiaomi-12-pro-12-gb-128-gb"
"Xiaomi","Xiaomi 12 Pro","Xiaomi Series","12 GB","256 GB",27900,28737,"https://www.cashify.in/sell-old-mobile-phone/used-xiaomi-12-pro-12-gb-256-gb"
"Xiaomi","Xiaomi 12 Pro","Xiaomi Series","12 GB","512 GB",32900,33887,"https://www.cashify.in/sell-old-mobile-phone/used-xiaomi-12-pro-12-gb-512-gb"
"Xiaomi","Xiaomi 12 Pro","Xiaomi Series","12 GB","1024 GB",37900,39037,"https://www.cashify.in/sell-old-mobile-phone/used-xiaomi-12-pro-12-gb-1024-gb"
"Xiaomi","Xiaomi 12","Xiaomi Series","6 GB","128 GB",5000,5150,"https://www.cashify.in/sell-old-mobile-phone/used-xiaomi-12-6-gb-128-gb"
"Xiaomi","Xiaomi 12","Xiaomi Series","6 GB","256 GB",11000,11330,"https://www.cashify.in/sell-old-mobile-phone/used-xiaomi-12-6-gb-256-gb"
"Xiaomi","Xiaomi 12","Xiaomi Series","6 GB","512 GB",16500,16995,"https://www.cashify.in/sell-old-mobile-phone/used-xiaomi-12-6-gb-512-gb"
"Xiaomi","Xiaomi 12","Xiaomi Series","8 GB","128 GB",6200,6386,"https://www.cashify.in/sell-old-mobile-phone/used-xiaomi-12-8-gb-128-gb"
"Xiaomi","Xiaomi 12","Xiaomi Series","8 GB","256 GB",12200,12566,"https://www.cashify.in/sell-old-mobile-phone/used-xiaomi-12-8-gb-256-gb"
"Xiaomi","Xiaomi 12","Xiaomi Series","8 GB","512 GB",17700,18231,"https://www.cashify.in/sell-old-mobile-phone/used-xiaomi-12-8-gb-512-gb"
"Xiaomi","Xiaomi 12","Xiaomi Series","12 GB","128 GB",8600,8858,"https://www.cashify.in/sell-old-mobile-phone/used-xiaomi-12-12-gb-128-gb"
"Xiaomi","Xiaomi 12","Xiaomi Series","12 GB","256 GB",14600,15038,"https://www.cashify.in/sell-old-mobile-phone/used-xiaomi-12-12-gb-256-gb"
"Xiaomi","Xiaomi 12","Xiaomi Series","12 GB","512 GB",20100,20703,"https://www.cashify.in/sell-old-mobile-phone/used-xiaomi-12-12-gb-512-gb"
"Xiaomi","Redmi Note 14 Pro+","Redmi Note Series","6 GB","128 GB",16000,16480,"https://www.cashify.in/sell-old-mobile-phone/used-xiaomi-redmi-note-14-pro-6-gb-128-gb"
"Xiaomi","Redmi Note 14 Pro+","Redmi Note Series","6 GB","256 GB",22000,22660,"https://www.cashify.in/sell-old-mobile-phone/used-xiaomi-redmi-note-14-pro-6-gb-256-gb"
"Xiaomi","Redmi Note 14 Pro+","Redmi Note Series","6 GB","512 GB",27000,27810,"https://www.cashify.in/sell-old-mobile-phone/used-xiaomi-redmi-note-14-pro-6-gb-512-gb"
"Xiaomi","Redmi Note 14 Pro+","Redmi Note Series","8 GB","128 GB",17200,17716,"https://www.cashify.in/sell-old-mobile-phone/used-xiaomi-redmi-note-14-pro-8-gb-128-gb"
"Xiaomi","Redmi Note 14 Pro+","Redmi Note Series","8 GB","256 GB",23200,23896,"https://www.cashify.in/sell-old-mobile-phone/used-xiaomi-redmi-note-14-pro-8-gb-256-gb"
"Xiaomi","Redmi Note 14 Pro+","Redmi Note Series","8 GB","512 GB",28200,29046,"https://www.cashify.in/sell-old-mobile-phone/used-xiaomi-redmi-note-14-pro-8-gb-512-gb"
"Xiaomi","Redmi Note 14 Pro+","Redmi Note Series","12 GB","128 GB",19600,20188,"https://www.cashify.in/sell-old-mobile-phone/used-xiaomi-redmi-note-14-pro-12-gb-128-gb"
"Xiaomi","Redmi Note 14 Pro+","Redmi Note Series","12 GB","256 GB",25600,26368,"https://www.cashify.in/sell-old-mobile-phone/used-xiaomi-redmi-note-14-pro-12-gb-256-gb"
"Xiaomi","Redmi Note 14 Pro+","Redmi Note Series","12 GB","512 GB",30600,31518,"https://www.cashify.in/sell-old-mobile-phone/used-xiaomi-redmi-note-14-pro-12-gb-512-gb"
"Xiaomi","Redmi Note 14","Redmi Note Series","6 GB","128 GB",12000,12360,"https://www.cashify.in/sell-old-mobile-phone/used-xiaomi-redmi-note-14-6-gb-128-gb"
"Xiaomi","Redmi Note 14","Redmi Note Series","6 GB","256 GB",18000,18540,"https://www.cashify.in/sell-old-mobile-phone/used-xiaomi-redmi-note-14-6-gb-256-gb"
"Xiaomi","Redmi Note 14","Redmi Note Series","6 GB","512 GB",23500,24205,"https://www.cashify.in/sell-old-mobile-phone/used-xiaomi-redmi-note-14-6-gb-512-gb"
"Xiaomi","Redmi Note 14","Redmi Note Series","8 GB","128 GB",13200,13596,"https://www.cashify.in/sell-old-mobile-phone/used-xiaomi-redmi-note-14-8-gb-128-gb"
"Xiaomi","Redmi Note 14","Redmi Note Series","8 GB","256 GB",19200,19776,"https://www.cashify.in/sell-old-mobile-phone/used-xiaomi-redmi-note-14-8-gb-256-gb"
"Xiaomi","Redmi Note 14","Redmi Note Series","8 GB","512 GB",24700,25441,"https://www.cashify.in/sell-old-mobile-phone/used-xiaomi-redmi-note-14-8-gb-512-gb"
"Xiaomi","Redmi Note 14","Redmi Note Series","12 GB","128 GB",15600,16068,"https://www.cashify.in/sell-old-mobile-phone/used-xiaomi-redmi-note-14-12-gb-128-gb"
"Xiaomi","Redmi Note 14","Redmi Note Series","12 GB","256 GB",21600,22248,"https://www.cashify.in/sell-old-mobile-phone/used-xiaomi-redmi-note-14-12-gb-256-gb"
"Xiaomi","Redmi Note 14","Redmi Note Series","12 GB","512 GB",27100,27913,"https://www.cashify.in/sell-old-mobile-phone/used-xiaomi-redmi-note-14-12-gb-512-gb"
"Xiaomi","Redmi Note 13 Pro+","Redmi Note Series","6 GB","128 GB",13000,13390,"https://www.cashify.in/sell-old-mobile-phone/used-xiaomi-redmi-note-13-pro-6-gb-128-gb"
"Xiaomi","Redmi Note 13 Pro+","Redmi Note Series","6 GB","256 GB",19000,19570,"https://www.cashify.in/sell-old-mobile-phone/used-xiaomi-redmi-note-13-pro-6-gb-256-gb"
"Xiaomi","Redmi Note 13 Pro+","Redmi Note Series","6 GB","512 GB",24000,24720,"https://www.cashify.in/sell-old-mobile-phone/used-xiaomi-redmi-note-13-pro-6-gb-512-gb"
"Xiaomi","Redmi Note 13 Pro+","Redmi Note Series","8 GB","128 GB",14200,14626,"https://www.cashify.in/sell-old-mobile-phone/used-xiaomi-redmi-note-13-pro-8-gb-128-gb"
"Xiaomi","Redmi Note 13 Pro+","Redmi Note Series","8 GB","256 GB",20200,20806,"https://www.cashify.in/sell-old-mobile-phone/used-xiaomi-redmi-note-13-pro-8-gb-256-gb"
"Xiaomi","Redmi Note 13 Pro+","Redmi Note Series","8 GB","512 GB",25200,25956,"https://www.cashify.in/sell-old-mobile-phone/used-xiaomi-redmi-note-13-pro-8-gb-512-gb"
"Xiaomi","Redmi Note 13 Pro+","Redmi Note Series","12 GB","128 GB",16600,17098,"https://www.cashify.in/sell-old-mobile-phone/used-xiaomi-redmi-note-13-pro-12-gb-128-gb"
"Xiaomi","Redmi Note 13 Pro+","Redmi Note Series","12 GB","256 GB",22600,23278,"https://www.cashify.in/sell-old-mobile-phone/used-xiaomi-redmi-note-13-pro-12-gb-256-gb"
"Xiaomi","Redmi Note 13 Pro+","Redmi Note Series","12 GB","512 GB",27600,28428,"https://www.cashify.in/sell-old-mobile-phone/used-xiaomi-redmi-note-13-pro-12-gb-512-gb"
"Xiaomi","Redmi Note 13","Redmi Note Series","2 GB","32 GB",8000,8240,"https://www.cashify.in/sell-old-mobile-phone/used-xiaomi-redmi-note-13-2-gb-32-gb"
"Xiaomi","Redmi Note 13","Redmi Note Series","2 GB","64 GB",8000,8240,"https://www.cashify.in/sell-old-mobile-phone/used-xiaomi-redmi-note-13-2-gb-64-gb"
"Xiaomi","Redmi Note 13","Redmi Note Series","2 GB","128 GB",3500,3605,"https://www.cashify.in/sell-old-mobile-phone/used-xiaomi-redmi-note-13-2-gb-128-gb"
"Xiaomi","Redmi Note 13","Redmi Note Series","2 GB","256 GB",8000,8240,"https://www.cashify.in/sell-old-mobile-phone/used-xiaomi-redmi-note-13-2-gb-256-gb"
"Xiaomi","Redmi Note 13","Redmi Note Series","4 GB","32 GB",9200,9476,"https://www.cashify.in/sell-old-mobile-phone/used-xiaomi-redmi-note-13-4-gb-32-gb"
"Xiaomi","Redmi Note 13","Redmi Note Series","4 GB","64 GB",9200,9476,"https://www.cashify.in/sell-old-mobile-phone/used-xiaomi-redmi-note-13-4-gb-64-gb"
"Xiaomi","Redmi Note 13","Redmi Note Series","4 GB","128 GB",4700,4841,"https://www.cashify.in/sell-old-mobile-phone/used-xiaomi-redmi-note-13-4-gb-128-gb"
"Xiaomi","Redmi Note 13","Redmi Note Series","4 GB","256 GB",9200,9476,"https://www.cashify.in/sell-old-mobile-phone/used-xiaomi-redmi-note-13-4-gb-256-gb"
"Xiaomi","Redmi Note 13","Redmi Note Series","6 GB","32 GB",10400,10712,"https://www.cashify.in/sell-old-mobile-phone/used-xiaomi-redmi-note-13-6-gb-32-gb"
"Xiaomi","Redmi Note 13","Redmi Note Series","6 GB","64 GB",10400,10712,"https://www.cashify.in/sell-old-mobile-phone/used-xiaomi-redmi-note-13-6-gb-64-gb"
"Xiaomi","Redmi Note 13","Redmi Note Series","6 GB","128 GB",5900,6077,"https://www.cashify.in/sell-old-mobile-phone/used-xiaomi-redmi-note-13-6-gb-128-gb"
"Xiaomi","Redmi Note 13","Redmi Note Series","6 GB","256 GB",10400,10712,"https://www.cashify.in/sell-old-mobile-phone/used-xiaomi-redmi-note-13-6-gb-256-gb"
"Xiaomi","Redmi Note 13","Redmi Note Series","8 GB","32 GB",11600,11948,"https://www.cashify.in/sell-old-mobile-phone/used-xiaomi-redmi-note-13-8-gb-32-gb"
"Xiaomi","Redmi Note 13","Redmi Note Series","8 GB","64 GB",11600,11948,"https://www.cashify.in/sell-old-mobile-phone/used-xiaomi-redmi-note-13-8-gb-64-gb"
"Xiaomi","Redmi Note 13","Redmi Note Series","8 GB","128 GB",7100,7313,"https://www.cashify.in/sell-old-mobile-phone/used-xiaomi-redmi-note-13-8-gb-128-gb"
"Xiaomi","Redmi Note 13","Redmi Note Series","8 GB","256 GB",11600,11948,"https://www.cashify.in/sell-old-mobile-phone/used-xiaomi-redmi-note-13-8-gb-256-gb"
"Xiaomi","POCO F6 Pro","POCO Series","8 GB","128 GB",34000,35020,"https://www.cashify.in/sell-old-mobile-phone/used-xiaomi-poco-f6-pro-8-gb-128-gb"
"Xiaomi","POCO F6 Pro","POCO Series","8 GB","256 GB",40000,41200,"https://www.cashify.in/sell-old-mobile-phone/used-xiaomi-poco-f6-pro-8-gb-256-gb"
"Xiaomi","POCO F6 Pro","POCO Series","8 GB","512 GB",45000,46350,"https://www.cashify.in/sell-old-mobile-phone/used-xiaomi-poco-f6-pro-8-gb-512-gb"
"Xiaomi","POCO F6 Pro","POCO Series","8 GB","1024 GB",50000,51500,"https://www.cashify.in/sell-old-mobile-phone/used-xiaomi-poco-f6-pro-8-gb-1024-gb"
"Xiaomi","POCO F6 Pro","POCO Series","12 GB","128 GB",36400,37492,"https://www.cashify.in/sell-old-mobile-phone/used-xiaomi-poco-f6-pro-12-gb-128-gb"
"Xiaomi","POCO F6 Pro","POCO Series","12 GB","256 GB",42400,43672,"https://www.cashify.in/sell-old-mobile-phone/used-xiaomi-poco-f6-pro-12-gb-256-gb"
"Xiaomi","POCO F6 Pro","POCO Series","12 GB","512 GB",47400,48822,"https://www.cashify.in/sell-old-mobile-phone/used-xiaomi-poco-f6-pro-12-gb-512-gb"
"Xiaomi","POCO F6 Pro","POCO Series","12 GB","1024 GB",52400,53972,"https://www.cashify.in/sell-old-mobile-phone/used-xiaomi-poco-f6-pro-12-gb-1024-gb"
"Xiaomi","POCO F6","POCO Series","6 GB","128 GB",12000,12360,"https://www.cashify.in/sell-old-mobile-phone/used-xiaomi-poco-f6-6-gb-128-gb"
"Xiaomi","POCO F6","POCO Series","6 GB","256 GB",18000,18540,"https://www.cashify.in/sell-old-mobile-phone/used-xiaomi-poco-f6-6-gb-256-gb"
"Xiaomi","POCO F6","POCO Series","6 GB","512 GB",23500,24205,"https://www.cashify.in/sell-old-mobile-phone/used-xiaomi-poco-f6-6-gb-512-gb"
"Xiaomi","POCO F6","POCO Series","8 GB","128 GB",13200,13596,"https://www.cashify.in/sell-old-mobile-phone/used-xiaomi-poco-f6-8-gb-128-gb"
"Xiaomi","POCO F6","POCO Series","8 GB","256 GB",19200,19776,"https://www.cashify.in/sell-old-mobile-phone/used-xiaomi-poco-f6-8-gb-256-gb"
"Xiaomi","POCO F6","POCO Series","8 GB","512 GB",24700,25441,"https://www.cashify.in/sell-old-mobile-phone/used-xiaomi-poco-f6-8-gb-512-gb"
"Xiaomi","POCO F6","POCO Series","12 GB","128 GB",15600,16068,"https://www.cashify.in/sell-old-mobile-phone/used-xiaomi-poco-f6-12-gb-128-gb"
"Xiaomi","POCO F6","POCO Series","12 GB","256 GB",21600,22248,"https://www.cashify.in/sell-old-mobile-phone/used-xiaomi-poco-f6-12-gb-256-gb"
"Xiaomi","POCO F6","POCO Series","12 GB","512 GB",27100,27913,"https://www.cashify.in/sell-old-mobile-phone/used-xiaomi-poco-f6-12-gb-512-gb"
"Xiaomi","POCO F5 Pro","POCO Series","6 GB","128 GB",13000,13390,"https://www.cashify.in/sell-old-mobile-phone/used-xiaomi-poco-f5-pro-6-gb-128-gb"
"Xiaomi","POCO F5 Pro","POCO Series","6 GB","256 GB",19000,19570,"https://www.cashify.in/sell-old-mobile-phone/used-xiaomi-poco-f5-pro-6-gb-256-gb"
"Xiaomi","POCO F5 Pro","POCO Series","6 GB","512 GB",24000,24720,"https://www.cashify.in/sell-old-mobile-phone/used-xiaomi-poco-f5-pro-6-gb-512-gb"
"Xiaomi","POCO F5 Pro","POCO Series","8 GB","128 GB",14200,14626,"https://www.cashify.in/sell-old-mobile-phone/used-xiaomi-poco-f5-pro-8-gb-128-gb"
"Xiaomi","POCO F5 Pro","POCO Series","8 GB","256 GB",20200,20806,"https://www.cashify.in/sell-old-mobile-phone/used-xiaomi-poco-f5-pro-8-gb-256-gb"
"Xiaomi","POCO F5 Pro","POCO Series","8 GB","512 GB",25200,25956,"https://www.cashify.in/sell-old-mobile-phone/used-xiaomi-poco-f5-pro-8-gb-512-gb"
"Xiaomi","POCO F5 Pro","POCO Series","12 GB","128 GB",16600,17098,"https://www.cashify.in/sell-old-mobile-phone/used-xiaomi-poco-f5-pro-12-gb-128-gb"
"Xiaomi","POCO F5 Pro","POCO Series","12 GB","256 GB",22600,23278,"https://www.cashify.in/sell-old-mobile-phone/used-xiaomi-poco-f5-pro-12-gb-256-gb"
"Xiaomi","POCO F5 Pro","POCO Series","12 GB","512 GB",27600,28428,"https://www.cashify.in/sell-old-mobile-phone/used-xiaomi-poco-f5-pro-12-gb-512-gb"
"vivo","vivo X200 Pro","X Series & Folds","12 GB","256 GB",65000,66950,"https://www.cashify.in/sell-old-mobile-phone/used-vivo-x200-pro-12-gb-256-gb"
"vivo","vivo X200 Pro","X Series & Folds","12 GB","512 GB",70000,72100,"https://www.cashify.in/sell-old-mobile-phone/used-vivo-x200-pro-12-gb-512-gb"
"vivo","vivo X200 Pro","X Series & Folds","12 GB","1024 GB",75000,77250,"https://www.cashify.in/sell-old-mobile-phone/used-vivo-x200-pro-12-gb-1024-gb"
"vivo","vivo X200 Pro","X Series & Folds","16 GB","256 GB",67400,69422,"https://www.cashify.in/sell-old-mobile-phone/used-vivo-x200-pro-16-gb-256-gb"
"vivo","vivo X200 Pro","X Series & Folds","16 GB","512 GB",72400,74572,"https://www.cashify.in/sell-old-mobile-phone/used-vivo-x200-pro-16-gb-512-gb"
"vivo","vivo X200 Pro","X Series & Folds","16 GB","1024 GB",77400,79722,"https://www.cashify.in/sell-old-mobile-phone/used-vivo-x200-pro-16-gb-1024-gb"
"vivo","vivo X200","X Series & Folds","8 GB","128 GB",55000,56650,"https://www.cashify.in/sell-old-mobile-phone/used-vivo-x200-8-gb-128-gb"
"vivo","vivo X200","X Series & Folds","8 GB","256 GB",61000,62830,"https://www.cashify.in/sell-old-mobile-phone/used-vivo-x200-8-gb-256-gb"
"vivo","vivo X200","X Series & Folds","8 GB","512 GB",66500,68495,"https://www.cashify.in/sell-old-mobile-phone/used-vivo-x200-8-gb-512-gb"
"vivo","vivo X200","X Series & Folds","12 GB","128 GB",57400,59122,"https://www.cashify.in/sell-old-mobile-phone/used-vivo-x200-12-gb-128-gb"
"vivo","vivo X200","X Series & Folds","12 GB","256 GB",63400,65302,"https://www.cashify.in/sell-old-mobile-phone/used-vivo-x200-12-gb-256-gb"
"vivo","vivo X200","X Series & Folds","12 GB","512 GB",68900,70967,"https://www.cashify.in/sell-old-mobile-phone/used-vivo-x200-12-gb-512-gb"
"vivo","vivo X200","X Series & Folds","16 GB","128 GB",59800,61594,"https://www.cashify.in/sell-old-mobile-phone/used-vivo-x200-16-gb-128-gb"
"vivo","vivo X200","X Series & Folds","16 GB","256 GB",65800,67774,"https://www.cashify.in/sell-old-mobile-phone/used-vivo-x200-16-gb-256-gb"
"vivo","vivo X200","X Series & Folds","16 GB","512 GB",71300,73439,"https://www.cashify.in/sell-old-mobile-phone/used-vivo-x200-16-gb-512-gb"
"vivo","vivo X200 Pro Mini","X Series & Folds","8 GB","128 GB",56500,58195,"https://www.cashify.in/sell-old-mobile-phone/used-vivo-x200-pro-mini-8-gb-128-gb"
"vivo","vivo X200 Pro Mini","X Series & Folds","8 GB","256 GB",62500,64375,"https://www.cashify.in/sell-old-mobile-phone/used-vivo-x200-pro-mini-8-gb-256-gb"
"vivo","vivo X200 Pro Mini","X Series & Folds","8 GB","512 GB",67500,69525,"https://www.cashify.in/sell-old-mobile-phone/used-vivo-x200-pro-mini-8-gb-512-gb"
"vivo","vivo X200 Pro Mini","X Series & Folds","12 GB","128 GB",58900,60667,"https://www.cashify.in/sell-old-mobile-phone/used-vivo-x200-pro-mini-12-gb-128-gb"
"vivo","vivo X200 Pro Mini","X Series & Folds","12 GB","256 GB",64900,66847,"https://www.cashify.in/sell-old-mobile-phone/used-vivo-x200-pro-mini-12-gb-256-gb"
"vivo","vivo X200 Pro Mini","X Series & Folds","12 GB","512 GB",69900,71997,"https://www.cashify.in/sell-old-mobile-phone/used-vivo-x200-pro-mini-12-gb-512-gb"
"vivo","vivo X200 FE","X Series & Folds","8 GB","128 GB",32000,32960,"https://www.cashify.in/sell-old-mobile-phone/used-vivo-x200-fe-8-gb-128-gb"
"vivo","vivo X200 FE","X Series & Folds","8 GB","256 GB",38000,39140,"https://www.cashify.in/sell-old-mobile-phone/used-vivo-x200-fe-8-gb-256-gb"
"vivo","vivo X200 FE","X Series & Folds","8 GB","512 GB",43500,44805,"https://www.cashify.in/sell-old-mobile-phone/used-vivo-x200-fe-8-gb-512-gb"
"vivo","vivo X200 FE","X Series & Folds","8 GB","1024 GB",48500,49955,"https://www.cashify.in/sell-old-mobile-phone/used-vivo-x200-fe-8-gb-1024-gb"
"vivo","vivo X200 FE","X Series & Folds","12 GB","128 GB",34400,35432,"https://www.cashify.in/sell-old-mobile-phone/used-vivo-x200-fe-12-gb-128-gb"
"vivo","vivo X200 FE","X Series & Folds","12 GB","256 GB",40400,41612,"https://www.cashify.in/sell-old-mobile-phone/used-vivo-x200-fe-12-gb-256-gb"
"vivo","vivo X200 FE","X Series & Folds","12 GB","512 GB",45900,47277,"https://www.cashify.in/sell-old-mobile-phone/used-vivo-x200-fe-12-gb-512-gb"
"vivo","vivo X200 FE","X Series & Folds","12 GB","1024 GB",50900,52427,"https://www.cashify.in/sell-old-mobile-phone/used-vivo-x200-fe-12-gb-1024-gb"
"vivo","vivo X100","X Series & Folds","8 GB","128 GB",55000,56650,"https://www.cashify.in/sell-old-mobile-phone/used-vivo-x100-8-gb-128-gb"
"vivo","vivo X100","X Series & Folds","8 GB","256 GB",61000,62830,"https://www.cashify.in/sell-old-mobile-phone/used-vivo-x100-8-gb-256-gb"
"vivo","vivo X100","X Series & Folds","8 GB","512 GB",66500,68495,"https://www.cashify.in/sell-old-mobile-phone/used-vivo-x100-8-gb-512-gb"
"vivo","vivo X100","X Series & Folds","8 GB","1024 GB",71500,73645,"https://www.cashify.in/sell-old-mobile-phone/used-vivo-x100-8-gb-1024-gb"
"vivo","vivo X100","X Series & Folds","12 GB","128 GB",57400,59122,"https://www.cashify.in/sell-old-mobile-phone/used-vivo-x100-12-gb-128-gb"
"vivo","vivo X100","X Series & Folds","12 GB","256 GB",63400,65302,"https://www.cashify.in/sell-old-mobile-phone/used-vivo-x100-12-gb-256-gb"
"vivo","vivo X100","X Series & Folds","12 GB","512 GB",68900,70967,"https://www.cashify.in/sell-old-mobile-phone/used-vivo-x100-12-gb-512-gb"
"vivo","vivo X100","X Series & Folds","12 GB","1024 GB",73900,76117,"https://www.cashify.in/sell-old-mobile-phone/used-vivo-x100-12-gb-1024-gb"
"vivo","vivo X100","X Series & Folds","16 GB","128 GB",59800,61594,"https://www.cashify.in/sell-old-mobile-phone/used-vivo-x100-16-gb-128-gb"
"vivo","vivo X100","X Series & Folds","16 GB","256 GB",65800,67774,"https://www.cashify.in/sell-old-mobile-phone/used-vivo-x100-16-gb-256-gb"
"vivo","vivo X100","X Series & Folds","16 GB","512 GB",71300,73439,"https://www.cashify.in/sell-old-mobile-phone/used-vivo-x100-16-gb-512-gb"
"vivo","vivo X100","X Series & Folds","16 GB","1024 GB",76300,78589,"https://www.cashify.in/sell-old-mobile-phone/used-vivo-x100-16-gb-1024-gb"
"vivo","vivo X100 Pro","X Series & Folds","8 GB","128 GB",59000,60770,"https://www.cashify.in/sell-old-mobile-phone/used-vivo-x100-pro-8-gb-128-gb"
"vivo","vivo X100 Pro","X Series & Folds","8 GB","256 GB",65000,66950,"https://www.cashify.in/sell-old-mobile-phone/used-vivo-x100-pro-8-gb-256-gb"
"vivo","vivo X100 Pro","X Series & Folds","8 GB","512 GB",70000,72100,"https://www.cashify.in/sell-old-mobile-phone/used-vivo-x100-pro-8-gb-512-gb"
"vivo","vivo X100 Pro","X Series & Folds","8 GB","1024 GB",75000,77250,"https://www.cashify.in/sell-old-mobile-phone/used-vivo-x100-pro-8-gb-1024-gb"
"vivo","vivo X100 Pro","X Series & Folds","12 GB","128 GB",61400,63242,"https://www.cashify.in/sell-old-mobile-phone/used-vivo-x100-pro-12-gb-128-gb"
"vivo","vivo X100 Pro","X Series & Folds","12 GB","256 GB",67400,69422,"https://www.cashify.in/sell-old-mobile-phone/used-vivo-x100-pro-12-gb-256-gb"
"vivo","vivo X100 Pro","X Series & Folds","12 GB","512 GB",72400,74572,"https://www.cashify.in/sell-old-mobile-phone/used-vivo-x100-pro-12-gb-512-gb"
"vivo","vivo X100 Pro","X Series & Folds","12 GB","1024 GB",77400,79722,"https://www.cashify.in/sell-old-mobile-phone/used-vivo-x100-pro-12-gb-1024-gb"
"vivo","vivo X100 Pro","X Series & Folds","16 GB","128 GB",63800,65714,"https://www.cashify.in/sell-old-mobile-phone/used-vivo-x100-pro-16-gb-128-gb"
"vivo","vivo X100 Pro","X Series & Folds","16 GB","256 GB",69800,71894,"https://www.cashify.in/sell-old-mobile-phone/used-vivo-x100-pro-16-gb-256-gb"
"vivo","vivo X100 Pro","X Series & Folds","16 GB","512 GB",74800,77044,"https://www.cashify.in/sell-old-mobile-phone/used-vivo-x100-pro-16-gb-512-gb"
"vivo","vivo X100 Pro","X Series & Folds","16 GB","1024 GB",79800,82194,"https://www.cashify.in/sell-old-mobile-phone/used-vivo-x100-pro-16-gb-1024-gb"
"vivo","vivo X90","X Series & Folds","8 GB","128 GB",25000,25750,"https://www.cashify.in/sell-old-mobile-phone/used-vivo-x90-8-gb-128-gb"
"vivo","vivo X90","X Series & Folds","8 GB","256 GB",31000,31930,"https://www.cashify.in/sell-old-mobile-phone/used-vivo-x90-8-gb-256-gb"
"vivo","vivo X90","X Series & Folds","8 GB","512 GB",36500,37595,"https://www.cashify.in/sell-old-mobile-phone/used-vivo-x90-8-gb-512-gb"
"vivo","vivo X90","X Series & Folds","8 GB","1024 GB",41500,42745,"https://www.cashify.in/sell-old-mobile-phone/used-vivo-x90-8-gb-1024-gb"
"vivo","vivo X90","X Series & Folds","12 GB","128 GB",27400,28222,"https://www.cashify.in/sell-old-mobile-phone/used-vivo-x90-12-gb-128-gb"
"vivo","vivo X90","X Series & Folds","12 GB","256 GB",33400,34402,"https://www.cashify.in/sell-old-mobile-phone/used-vivo-x90-12-gb-256-gb"
"vivo","vivo X90","X Series & Folds","12 GB","512 GB",38900,40067,"https://www.cashify.in/sell-old-mobile-phone/used-vivo-x90-12-gb-512-gb"
"vivo","vivo X90","X Series & Folds","12 GB","1024 GB",43900,45217,"https://www.cashify.in/sell-old-mobile-phone/used-vivo-x90-12-gb-1024-gb"
"vivo","vivo X90 Pro","X Series & Folds","8 GB","128 GB",48000,49440,"https://www.cashify.in/sell-old-mobile-phone/used-vivo-x90-pro-8-gb-128-gb"
"vivo","vivo X90 Pro","X Series & Folds","8 GB","256 GB",54000,55620,"https://www.cashify.in/sell-old-mobile-phone/used-vivo-x90-pro-8-gb-256-gb"
"vivo","vivo X90 Pro","X Series & Folds","8 GB","512 GB",59000,60770,"https://www.cashify.in/sell-old-mobile-phone/used-vivo-x90-pro-8-gb-512-gb"
"vivo","vivo X90 Pro","X Series & Folds","8 GB","1024 GB",64000,65920,"https://www.cashify.in/sell-old-mobile-phone/used-vivo-x90-pro-8-gb-1024-gb"
"vivo","vivo X90 Pro","X Series & Folds","12 GB","128 GB",50400,51912,"https://www.cashify.in/sell-old-mobile-phone/used-vivo-x90-pro-12-gb-128-gb"
"vivo","vivo X90 Pro","X Series & Folds","12 GB","256 GB",56400,58092,"https://www.cashify.in/sell-old-mobile-phone/used-vivo-x90-pro-12-gb-256-gb"
"vivo","vivo X90 Pro","X Series & Folds","12 GB","512 GB",61400,63242,"https://www.cashify.in/sell-old-mobile-phone/used-vivo-x90-pro-12-gb-512-gb"
"vivo","vivo X90 Pro","X Series & Folds","12 GB","1024 GB",66400,68392,"https://www.cashify.in/sell-old-mobile-phone/used-vivo-x90-pro-12-gb-1024-gb"
"vivo","vivo X90 Pro","X Series & Folds","16 GB","128 GB",52800,54384,"https://www.cashify.in/sell-old-mobile-phone/used-vivo-x90-pro-16-gb-128-gb"
"vivo","vivo X90 Pro","X Series & Folds","16 GB","256 GB",58800,60564,"https://www.cashify.in/sell-old-mobile-phone/used-vivo-x90-pro-16-gb-256-gb"
"vivo","vivo X90 Pro","X Series & Folds","16 GB","512 GB",63800,65714,"https://www.cashify.in/sell-old-mobile-phone/used-vivo-x90-pro-16-gb-512-gb"
"vivo","vivo X90 Pro","X Series & Folds","16 GB","1024 GB",68800,70864,"https://www.cashify.in/sell-old-mobile-phone/used-vivo-x90-pro-16-gb-1024-gb"
"vivo","vivo X80","X Series & Folds","8 GB","128 GB",16500,16995,"https://www.cashify.in/sell-old-mobile-phone/used-vivo-x80-8-gb-128-gb"
"vivo","vivo X80","X Series & Folds","8 GB","256 GB",22500,23175,"https://www.cashify.in/sell-old-mobile-phone/used-vivo-x80-8-gb-256-gb"
"vivo","vivo X80","X Series & Folds","8 GB","512 GB",28000,28840,"https://www.cashify.in/sell-old-mobile-phone/used-vivo-x80-8-gb-512-gb"
"vivo","vivo X80","X Series & Folds","8 GB","1024 GB",33000,33990,"https://www.cashify.in/sell-old-mobile-phone/used-vivo-x80-8-gb-1024-gb"
"vivo","vivo X80","X Series & Folds","12 GB","128 GB",18900,19467,"https://www.cashify.in/sell-old-mobile-phone/used-vivo-x80-12-gb-128-gb"
"vivo","vivo X80","X Series & Folds","12 GB","256 GB",24900,25647,"https://www.cashify.in/sell-old-mobile-phone/used-vivo-x80-12-gb-256-gb"
"vivo","vivo X80","X Series & Folds","12 GB","512 GB",30400,31312,"https://www.cashify.in/sell-old-mobile-phone/used-vivo-x80-12-gb-512-gb"
"vivo","vivo X80","X Series & Folds","12 GB","1024 GB",35400,36462,"https://www.cashify.in/sell-old-mobile-phone/used-vivo-x80-12-gb-1024-gb"
"vivo","vivo X80 Pro","X Series & Folds","8 GB","128 GB",20500,21115,"https://www.cashify.in/sell-old-mobile-phone/used-vivo-x80-pro-8-gb-128-gb"
"vivo","vivo X80 Pro","X Series & Folds","8 GB","256 GB",26500,27295,"https://www.cashify.in/sell-old-mobile-phone/used-vivo-x80-pro-8-gb-256-gb"
"vivo","vivo X80 Pro","X Series & Folds","8 GB","512 GB",31500,32445,"https://www.cashify.in/sell-old-mobile-phone/used-vivo-x80-pro-8-gb-512-gb"
"vivo","vivo X80 Pro","X Series & Folds","8 GB","1024 GB",36500,37595,"https://www.cashify.in/sell-old-mobile-phone/used-vivo-x80-pro-8-gb-1024-gb"
"vivo","vivo X80 Pro","X Series & Folds","12 GB","128 GB",22900,23587,"https://www.cashify.in/sell-old-mobile-phone/used-vivo-x80-pro-12-gb-128-gb"
"vivo","vivo X80 Pro","X Series & Folds","12 GB","256 GB",28900,29767,"https://www.cashify.in/sell-old-mobile-phone/used-vivo-x80-pro-12-gb-256-gb"
"vivo","vivo X80 Pro","X Series & Folds","12 GB","512 GB",33900,34917,"https://www.cashify.in/sell-old-mobile-phone/used-vivo-x80-pro-12-gb-512-gb"
"vivo","vivo X80 Pro","X Series & Folds","12 GB","1024 GB",38900,40067,"https://www.cashify.in/sell-old-mobile-phone/used-vivo-x80-pro-12-gb-1024-gb"
"vivo","vivo V50","V Series","8 GB","128 GB",24500,25235,"https://www.cashify.in/sell-old-mobile-phone/used-vivo-v50-8-gb-128-gb"
"vivo","vivo V50","V Series","8 GB","256 GB",30500,31415,"https://www.cashify.in/sell-old-mobile-phone/used-vivo-v50-8-gb-256-gb"
"vivo","vivo V50","V Series","8 GB","512 GB",36000,37080,"https://www.cashify.in/sell-old-mobile-phone/used-vivo-v50-8-gb-512-gb"
"vivo","vivo V50","V Series","8 GB","1024 GB",41000,42230,"https://www.cashify.in/sell-old-mobile-phone/used-vivo-v50-8-gb-1024-gb"
"vivo","vivo V50","V Series","12 GB","128 GB",26900,27707,"https://www.cashify.in/sell-old-mobile-phone/used-vivo-v50-12-gb-128-gb"
"vivo","vivo V50","V Series","12 GB","256 GB",32900,33887,"https://www.cashify.in/sell-old-mobile-phone/used-vivo-v50-12-gb-256-gb"
"vivo","vivo V50","V Series","12 GB","512 GB",38400,39552,"https://www.cashify.in/sell-old-mobile-phone/used-vivo-v50-12-gb-512-gb"
"vivo","vivo V50","V Series","12 GB","1024 GB",43400,44702,"https://www.cashify.in/sell-old-mobile-phone/used-vivo-v50-12-gb-1024-gb"
"vivo","vivo V50e","V Series","6 GB","128 GB",9500,9785,"https://www.cashify.in/sell-old-mobile-phone/used-vivo-v50e-6-gb-128-gb"
"vivo","vivo V50e","V Series","6 GB","256 GB",15500,15965,"https://www.cashify.in/sell-old-mobile-phone/used-vivo-v50e-6-gb-256-gb"
"vivo","vivo V50e","V Series","6 GB","512 GB",21000,21630,"https://www.cashify.in/sell-old-mobile-phone/used-vivo-v50e-6-gb-512-gb"
"vivo","vivo V50e","V Series","8 GB","128 GB",10700,11021,"https://www.cashify.in/sell-old-mobile-phone/used-vivo-v50e-8-gb-128-gb"
"vivo","vivo V50e","V Series","8 GB","256 GB",16700,17201,"https://www.cashify.in/sell-old-mobile-phone/used-vivo-v50e-8-gb-256-gb"
"vivo","vivo V50e","V Series","8 GB","512 GB",22200,22866,"https://www.cashify.in/sell-old-mobile-phone/used-vivo-v50e-8-gb-512-gb"
"vivo","vivo V50e","V Series","12 GB","128 GB",13100,13493,"https://www.cashify.in/sell-old-mobile-phone/used-vivo-v50e-12-gb-128-gb"
"vivo","vivo V50e","V Series","12 GB","256 GB",19100,19673,"https://www.cashify.in/sell-old-mobile-phone/used-vivo-v50e-12-gb-256-gb"
"vivo","vivo V50e","V Series","12 GB","512 GB",24600,25338,"https://www.cashify.in/sell-old-mobile-phone/used-vivo-v50e-12-gb-512-gb"
"vivo","vivo V50 Elite","V Series","8 GB","128 GB",24500,25235,"https://www.cashify.in/sell-old-mobile-phone/used-vivo-v50-elite-8-gb-128-gb"
"vivo","vivo V50 Elite","V Series","8 GB","256 GB",30500,31415,"https://www.cashify.in/sell-old-mobile-phone/used-vivo-v50-elite-8-gb-256-gb"
"vivo","vivo V50 Elite","V Series","8 GB","512 GB",36000,37080,"https://www.cashify.in/sell-old-mobile-phone/used-vivo-v50-elite-8-gb-512-gb"
"vivo","vivo V50 Elite","V Series","8 GB","1024 GB",41000,42230,"https://www.cashify.in/sell-old-mobile-phone/used-vivo-v50-elite-8-gb-1024-gb"
"vivo","vivo V50 Elite","V Series","12 GB","128 GB",26900,27707,"https://www.cashify.in/sell-old-mobile-phone/used-vivo-v50-elite-12-gb-128-gb"
"vivo","vivo V50 Elite","V Series","12 GB","256 GB",32900,33887,"https://www.cashify.in/sell-old-mobile-phone/used-vivo-v50-elite-12-gb-256-gb"
"vivo","vivo V50 Elite","V Series","12 GB","512 GB",38400,39552,"https://www.cashify.in/sell-old-mobile-phone/used-vivo-v50-elite-12-gb-512-gb"
"vivo","vivo V50 Elite","V Series","12 GB","1024 GB",43400,44702,"https://www.cashify.in/sell-old-mobile-phone/used-vivo-v50-elite-12-gb-1024-gb"
"vivo","vivo V40","V Series","6 GB","128 GB",9500,9785,"https://www.cashify.in/sell-old-mobile-phone/used-vivo-v40-6-gb-128-gb"
"vivo","vivo V40","V Series","6 GB","256 GB",15500,15965,"https://www.cashify.in/sell-old-mobile-phone/used-vivo-v40-6-gb-256-gb"
"vivo","vivo V40","V Series","6 GB","512 GB",21000,21630,"https://www.cashify.in/sell-old-mobile-phone/used-vivo-v40-6-gb-512-gb"
"vivo","vivo V40","V Series","8 GB","128 GB",10700,11021,"https://www.cashify.in/sell-old-mobile-phone/used-vivo-v40-8-gb-128-gb"
"vivo","vivo V40","V Series","8 GB","256 GB",16700,17201,"https://www.cashify.in/sell-old-mobile-phone/used-vivo-v40-8-gb-256-gb"
"vivo","vivo V40","V Series","8 GB","512 GB",22200,22866,"https://www.cashify.in/sell-old-mobile-phone/used-vivo-v40-8-gb-512-gb"
"vivo","vivo V40","V Series","12 GB","128 GB",13100,13493,"https://www.cashify.in/sell-old-mobile-phone/used-vivo-v40-12-gb-128-gb"
"vivo","vivo V40","V Series","12 GB","256 GB",19100,19673,"https://www.cashify.in/sell-old-mobile-phone/used-vivo-v40-12-gb-256-gb"
"vivo","vivo V40","V Series","12 GB","512 GB",24600,25338,"https://www.cashify.in/sell-old-mobile-phone/used-vivo-v40-12-gb-512-gb"
"vivo","vivo V40e","V Series","6 GB","128 GB",9500,9785,"https://www.cashify.in/sell-old-mobile-phone/used-vivo-v40e-6-gb-128-gb"
"vivo","vivo V40e","V Series","6 GB","256 GB",15500,15965,"https://www.cashify.in/sell-old-mobile-phone/used-vivo-v40e-6-gb-256-gb"
"vivo","vivo V40e","V Series","6 GB","512 GB",21000,21630,"https://www.cashify.in/sell-old-mobile-phone/used-vivo-v40e-6-gb-512-gb"
"vivo","vivo V40e","V Series","8 GB","128 GB",10700,11021,"https://www.cashify.in/sell-old-mobile-phone/used-vivo-v40e-8-gb-128-gb"
"vivo","vivo V40e","V Series","8 GB","256 GB",16700,17201,"https://www.cashify.in/sell-old-mobile-phone/used-vivo-v40e-8-gb-256-gb"
"vivo","vivo V40e","V Series","8 GB","512 GB",22200,22866,"https://www.cashify.in/sell-old-mobile-phone/used-vivo-v40e-8-gb-512-gb"
"vivo","vivo V40e","V Series","12 GB","128 GB",13100,13493,"https://www.cashify.in/sell-old-mobile-phone/used-vivo-v40e-12-gb-128-gb"
"vivo","vivo V40e","V Series","12 GB","256 GB",19100,19673,"https://www.cashify.in/sell-old-mobile-phone/used-vivo-v40e-12-gb-256-gb"
"vivo","vivo V40e","V Series","12 GB","512 GB",24600,25338,"https://www.cashify.in/sell-old-mobile-phone/used-vivo-v40e-12-gb-512-gb"
"vivo","vivo V40 Pro","V Series","8 GB","128 GB",36000,37080,"https://www.cashify.in/sell-old-mobile-phone/used-vivo-v40-pro-8-gb-128-gb"
"vivo","vivo V40 Pro","V Series","8 GB","256 GB",42000,43260,"https://www.cashify.in/sell-old-mobile-phone/used-vivo-v40-pro-8-gb-256-gb"
"vivo","vivo V40 Pro","V Series","8 GB","512 GB",47000,48410,"https://www.cashify.in/sell-old-mobile-phone/used-vivo-v40-pro-8-gb-512-gb"
"vivo","vivo V40 Pro","V Series","8 GB","1024 GB",52000,53560,"https://www.cashify.in/sell-old-mobile-phone/used-vivo-v40-pro-8-gb-1024-gb"
"vivo","vivo V40 Pro","V Series","12 GB","128 GB",38400,39552,"https://www.cashify.in/sell-old-mobile-phone/used-vivo-v40-pro-12-gb-128-gb"
"vivo","vivo V40 Pro","V Series","12 GB","256 GB",44400,45732,"https://www.cashify.in/sell-old-mobile-phone/used-vivo-v40-pro-12-gb-256-gb"
"vivo","vivo V40 Pro","V Series","12 GB","512 GB",49400,50882,"https://www.cashify.in/sell-old-mobile-phone/used-vivo-v40-pro-12-gb-512-gb"
"vivo","vivo V40 Pro","V Series","12 GB","1024 GB",54400,56032,"https://www.cashify.in/sell-old-mobile-phone/used-vivo-v40-pro-12-gb-1024-gb"
"vivo","vivo V30","V Series","6 GB","128 GB",9500,9785,"https://www.cashify.in/sell-old-mobile-phone/used-vivo-v30-6-gb-128-gb"
"vivo","vivo V30","V Series","6 GB","256 GB",15500,15965,"https://www.cashify.in/sell-old-mobile-phone/used-vivo-v30-6-gb-256-gb"
"vivo","vivo V30","V Series","6 GB","512 GB",21000,21630,"https://www.cashify.in/sell-old-mobile-phone/used-vivo-v30-6-gb-512-gb"
"vivo","vivo V30","V Series","8 GB","128 GB",10700,11021,"https://www.cashify.in/sell-old-mobile-phone/used-vivo-v30-8-gb-128-gb"
"vivo","vivo V30","V Series","8 GB","256 GB",16700,17201,"https://www.cashify.in/sell-old-mobile-phone/used-vivo-v30-8-gb-256-gb"
"vivo","vivo V30","V Series","8 GB","512 GB",22200,22866,"https://www.cashify.in/sell-old-mobile-phone/used-vivo-v30-8-gb-512-gb"
"vivo","vivo V30","V Series","12 GB","128 GB",13100,13493,"https://www.cashify.in/sell-old-mobile-phone/used-vivo-v30-12-gb-128-gb"
"vivo","vivo V30","V Series","12 GB","256 GB",19100,19673,"https://www.cashify.in/sell-old-mobile-phone/used-vivo-v30-12-gb-256-gb"
"vivo","vivo V30","V Series","12 GB","512 GB",24600,25338,"https://www.cashify.in/sell-old-mobile-phone/used-vivo-v30-12-gb-512-gb"
"vivo","vivo V30e","V Series","6 GB","128 GB",9500,9785,"https://www.cashify.in/sell-old-mobile-phone/used-vivo-v30e-6-gb-128-gb"
"vivo","vivo V30e","V Series","6 GB","256 GB",15500,15965,"https://www.cashify.in/sell-old-mobile-phone/used-vivo-v30e-6-gb-256-gb"
"vivo","vivo V30e","V Series","6 GB","512 GB",21000,21630,"https://www.cashify.in/sell-old-mobile-phone/used-vivo-v30e-6-gb-512-gb"
"vivo","vivo V30e","V Series","8 GB","128 GB",10700,11021,"https://www.cashify.in/sell-old-mobile-phone/used-vivo-v30e-8-gb-128-gb"
"vivo","vivo V30e","V Series","8 GB","256 GB",16700,17201,"https://www.cashify.in/sell-old-mobile-phone/used-vivo-v30e-8-gb-256-gb"
"vivo","vivo V30e","V Series","8 GB","512 GB",22200,22866,"https://www.cashify.in/sell-old-mobile-phone/used-vivo-v30e-8-gb-512-gb"
"vivo","vivo V30e","V Series","12 GB","128 GB",13100,13493,"https://www.cashify.in/sell-old-mobile-phone/used-vivo-v30e-12-gb-128-gb"
"vivo","vivo V30e","V Series","12 GB","256 GB",19100,19673,"https://www.cashify.in/sell-old-mobile-phone/used-vivo-v30e-12-gb-256-gb"
"vivo","vivo V30e","V Series","12 GB","512 GB",24600,25338,"https://www.cashify.in/sell-old-mobile-phone/used-vivo-v30e-12-gb-512-gb"
"vivo","vivo V30 Pro","V Series","8 GB","128 GB",36000,37080,"https://www.cashify.in/sell-old-mobile-phone/used-vivo-v30-pro-8-gb-128-gb"
"vivo","vivo V30 Pro","V Series","8 GB","256 GB",42000,43260,"https://www.cashify.in/sell-old-mobile-phone/used-vivo-v30-pro-8-gb-256-gb"
"vivo","vivo V30 Pro","V Series","8 GB","512 GB",47000,48410,"https://www.cashify.in/sell-old-mobile-phone/used-vivo-v30-pro-8-gb-512-gb"
"vivo","vivo V30 Pro","V Series","8 GB","1024 GB",52000,53560,"https://www.cashify.in/sell-old-mobile-phone/used-vivo-v30-pro-8-gb-1024-gb"
"vivo","vivo V30 Pro","V Series","12 GB","128 GB",38400,39552,"https://www.cashify.in/sell-old-mobile-phone/used-vivo-v30-pro-12-gb-128-gb"
"vivo","vivo V30 Pro","V Series","12 GB","256 GB",44400,45732,"https://www.cashify.in/sell-old-mobile-phone/used-vivo-v30-pro-12-gb-256-gb"
"vivo","vivo V30 Pro","V Series","12 GB","512 GB",49400,50882,"https://www.cashify.in/sell-old-mobile-phone/used-vivo-v30-pro-12-gb-512-gb"
"vivo","vivo V30 Pro","V Series","12 GB","1024 GB",54400,56032,"https://www.cashify.in/sell-old-mobile-phone/used-vivo-v30-pro-12-gb-1024-gb"
"vivo","vivo V29","V Series","6 GB","128 GB",6500,6695,"https://www.cashify.in/sell-old-mobile-phone/used-vivo-v29-6-gb-128-gb"
"vivo","vivo V29","V Series","6 GB","256 GB",12500,12875,"https://www.cashify.in/sell-old-mobile-phone/used-vivo-v29-6-gb-256-gb"
"vivo","vivo V29","V Series","6 GB","512 GB",18000,18540,"https://www.cashify.in/sell-old-mobile-phone/used-vivo-v29-6-gb-512-gb"
"vivo","vivo V29","V Series","8 GB","128 GB",7700,7931,"https://www.cashify.in/sell-old-mobile-phone/used-vivo-v29-8-gb-128-gb"
"vivo","vivo V29","V Series","8 GB","256 GB",13700,14111,"https://www.cashify.in/sell-old-mobile-phone/used-vivo-v29-8-gb-256-gb"
"vivo","vivo V29","V Series","8 GB","512 GB",19200,19776,"https://www.cashify.in/sell-old-mobile-phone/used-vivo-v29-8-gb-512-gb"
"vivo","vivo V29","V Series","12 GB","128 GB",10100,10403,"https://www.cashify.in/sell-old-mobile-phone/used-vivo-v29-12-gb-128-gb"
"vivo","vivo V29","V Series","12 GB","256 GB",16100,16583,"https://www.cashify.in/sell-old-mobile-phone/used-vivo-v29-12-gb-256-gb"
"vivo","vivo V29","V Series","12 GB","512 GB",21600,22248,"https://www.cashify.in/sell-old-mobile-phone/used-vivo-v29-12-gb-512-gb"
"vivo","vivo V29 Pro","V Series","8 GB","128 GB",29000,29870,"https://www.cashify.in/sell-old-mobile-phone/used-vivo-v29-pro-8-gb-128-gb"
"vivo","vivo V29 Pro","V Series","8 GB","256 GB",35000,36050,"https://www.cashify.in/sell-old-mobile-phone/used-vivo-v29-pro-8-gb-256-gb"
"vivo","vivo V29 Pro","V Series","8 GB","512 GB",40000,41200,"https://www.cashify.in/sell-old-mobile-phone/used-vivo-v29-pro-8-gb-512-gb"
"vivo","vivo V29 Pro","V Series","8 GB","1024 GB",45000,46350,"https://www.cashify.in/sell-old-mobile-phone/used-vivo-v29-pro-8-gb-1024-gb"
"vivo","vivo V29 Pro","V Series","12 GB","128 GB",31400,32342,"https://www.cashify.in/sell-old-mobile-phone/used-vivo-v29-pro-12-gb-128-gb"
"vivo","vivo V29 Pro","V Series","12 GB","256 GB",37400,38522,"https://www.cashify.in/sell-old-mobile-phone/used-vivo-v29-pro-12-gb-256-gb"
"vivo","vivo V29 Pro","V Series","12 GB","512 GB",42400,43672,"https://www.cashify.in/sell-old-mobile-phone/used-vivo-v29-pro-12-gb-512-gb"
"vivo","vivo V29 Pro","V Series","12 GB","1024 GB",47400,48822,"https://www.cashify.in/sell-old-mobile-phone/used-vivo-v29-pro-12-gb-1024-gb"
"vivo","vivo V27","V Series","6 GB","128 GB",6500,6695,"https://www.cashify.in/sell-old-mobile-phone/used-vivo-v27-6-gb-128-gb"
"vivo","vivo V27","V Series","6 GB","256 GB",12500,12875,"https://www.cashify.in/sell-old-mobile-phone/used-vivo-v27-6-gb-256-gb"
"vivo","vivo V27","V Series","6 GB","512 GB",18000,18540,"https://www.cashify.in/sell-old-mobile-phone/used-vivo-v27-6-gb-512-gb"
"vivo","vivo V27","V Series","8 GB","128 GB",7700,7931,"https://www.cashify.in/sell-old-mobile-phone/used-vivo-v27-8-gb-128-gb"
"vivo","vivo V27","V Series","8 GB","256 GB",13700,14111,"https://www.cashify.in/sell-old-mobile-phone/used-vivo-v27-8-gb-256-gb"
"vivo","vivo V27","V Series","8 GB","512 GB",19200,19776,"https://www.cashify.in/sell-old-mobile-phone/used-vivo-v27-8-gb-512-gb"
"vivo","vivo V27","V Series","12 GB","128 GB",10100,10403,"https://www.cashify.in/sell-old-mobile-phone/used-vivo-v27-12-gb-128-gb"
"vivo","vivo V27","V Series","12 GB","256 GB",16100,16583,"https://www.cashify.in/sell-old-mobile-phone/used-vivo-v27-12-gb-256-gb"
"vivo","vivo V27","V Series","12 GB","512 GB",21600,22248,"https://www.cashify.in/sell-old-mobile-phone/used-vivo-v27-12-gb-512-gb"
"vivo","vivo V27 Pro","V Series","8 GB","128 GB",29000,29870,"https://www.cashify.in/sell-old-mobile-phone/used-vivo-v27-pro-8-gb-128-gb"
"vivo","vivo V27 Pro","V Series","8 GB","256 GB",35000,36050,"https://www.cashify.in/sell-old-mobile-phone/used-vivo-v27-pro-8-gb-256-gb"
"vivo","vivo V27 Pro","V Series","8 GB","512 GB",40000,41200,"https://www.cashify.in/sell-old-mobile-phone/used-vivo-v27-pro-8-gb-512-gb"
"vivo","vivo V27 Pro","V Series","8 GB","1024 GB",45000,46350,"https://www.cashify.in/sell-old-mobile-phone/used-vivo-v27-pro-8-gb-1024-gb"
"vivo","vivo V27 Pro","V Series","12 GB","128 GB",31400,32342,"https://www.cashify.in/sell-old-mobile-phone/used-vivo-v27-pro-12-gb-128-gb"
"vivo","vivo V27 Pro","V Series","12 GB","256 GB",37400,38522,"https://www.cashify.in/sell-old-mobile-phone/used-vivo-v27-pro-12-gb-256-gb"
"vivo","vivo V27 Pro","V Series","12 GB","512 GB",42400,43672,"https://www.cashify.in/sell-old-mobile-phone/used-vivo-v27-pro-12-gb-512-gb"
"vivo","vivo V27 Pro","V Series","12 GB","1024 GB",47400,48822,"https://www.cashify.in/sell-old-mobile-phone/used-vivo-v27-pro-12-gb-1024-gb"
"vivo","vivo V25","V Series","6 GB","128 GB",3500,3605,"https://www.cashify.in/sell-old-mobile-phone/used-vivo-v25-6-gb-128-gb"
"vivo","vivo V25","V Series","6 GB","256 GB",9000,9270,"https://www.cashify.in/sell-old-mobile-phone/used-vivo-v25-6-gb-256-gb"
"vivo","vivo V25","V Series","6 GB","512 GB",14500,14935,"https://www.cashify.in/sell-old-mobile-phone/used-vivo-v25-6-gb-512-gb"
"vivo","vivo V25","V Series","8 GB","128 GB",4700,4841,"https://www.cashify.in/sell-old-mobile-phone/used-vivo-v25-8-gb-128-gb"
"vivo","vivo V25","V Series","8 GB","256 GB",10200,10506,"https://www.cashify.in/sell-old-mobile-phone/used-vivo-v25-8-gb-256-gb"
"vivo","vivo V25","V Series","8 GB","512 GB",15700,16171,"https://www.cashify.in/sell-old-mobile-phone/used-vivo-v25-8-gb-512-gb"
"vivo","vivo V25","V Series","12 GB","128 GB",7100,7313,"https://www.cashify.in/sell-old-mobile-phone/used-vivo-v25-12-gb-128-gb"
"vivo","vivo V25","V Series","12 GB","256 GB",12600,12978,"https://www.cashify.in/sell-old-mobile-phone/used-vivo-v25-12-gb-256-gb"
"vivo","vivo V25","V Series","12 GB","512 GB",18100,18643,"https://www.cashify.in/sell-old-mobile-phone/used-vivo-v25-12-gb-512-gb"
"vivo","vivo V25 Pro","V Series","8 GB","128 GB",20500,21115,"https://www.cashify.in/sell-old-mobile-phone/used-vivo-v25-pro-8-gb-128-gb"
"vivo","vivo V25 Pro","V Series","8 GB","256 GB",26500,27295,"https://www.cashify.in/sell-old-mobile-phone/used-vivo-v25-pro-8-gb-256-gb"
"vivo","vivo V25 Pro","V Series","8 GB","512 GB",31500,32445,"https://www.cashify.in/sell-old-mobile-phone/used-vivo-v25-pro-8-gb-512-gb"
"vivo","vivo V25 Pro","V Series","8 GB","1024 GB",36500,37595,"https://www.cashify.in/sell-old-mobile-phone/used-vivo-v25-pro-8-gb-1024-gb"
"vivo","vivo V25 Pro","V Series","12 GB","128 GB",22900,23587,"https://www.cashify.in/sell-old-mobile-phone/used-vivo-v25-pro-12-gb-128-gb"
"vivo","vivo V25 Pro","V Series","12 GB","256 GB",28900,29767,"https://www.cashify.in/sell-old-mobile-phone/used-vivo-v25-pro-12-gb-256-gb"
"vivo","vivo V25 Pro","V Series","12 GB","512 GB",33900,34917,"https://www.cashify.in/sell-old-mobile-phone/used-vivo-v25-pro-12-gb-512-gb"
"vivo","vivo V25 Pro","V Series","12 GB","1024 GB",38900,40067,"https://www.cashify.in/sell-old-mobile-phone/used-vivo-v25-pro-12-gb-1024-gb"
"vivo","vivo V23","V Series","6 GB","128 GB",3500,3605,"https://www.cashify.in/sell-old-mobile-phone/used-vivo-v23-6-gb-128-gb"
"vivo","vivo V23","V Series","6 GB","256 GB",9000,9270,"https://www.cashify.in/sell-old-mobile-phone/used-vivo-v23-6-gb-256-gb"
"vivo","vivo V23","V Series","6 GB","512 GB",14500,14935,"https://www.cashify.in/sell-old-mobile-phone/used-vivo-v23-6-gb-512-gb"
"vivo","vivo V23","V Series","8 GB","128 GB",4700,4841,"https://www.cashify.in/sell-old-mobile-phone/used-vivo-v23-8-gb-128-gb"
"vivo","vivo V23","V Series","8 GB","256 GB",10200,10506,"https://www.cashify.in/sell-old-mobile-phone/used-vivo-v23-8-gb-256-gb"
"vivo","vivo V23","V Series","8 GB","512 GB",15700,16171,"https://www.cashify.in/sell-old-mobile-phone/used-vivo-v23-8-gb-512-gb"
"vivo","vivo V23","V Series","12 GB","128 GB",7100,7313,"https://www.cashify.in/sell-old-mobile-phone/used-vivo-v23-12-gb-128-gb"
"vivo","vivo V23","V Series","12 GB","256 GB",12600,12978,"https://www.cashify.in/sell-old-mobile-phone/used-vivo-v23-12-gb-256-gb"
"vivo","vivo V23","V Series","12 GB","512 GB",18100,18643,"https://www.cashify.in/sell-old-mobile-phone/used-vivo-v23-12-gb-512-gb"
"vivo","vivo V23 Pro","V Series","8 GB","128 GB",20500,21115,"https://www.cashify.in/sell-old-mobile-phone/used-vivo-v23-pro-8-gb-128-gb"
"vivo","vivo V23 Pro","V Series","8 GB","256 GB",26500,27295,"https://www.cashify.in/sell-old-mobile-phone/used-vivo-v23-pro-8-gb-256-gb"
"vivo","vivo V23 Pro","V Series","8 GB","512 GB",31500,32445,"https://www.cashify.in/sell-old-mobile-phone/used-vivo-v23-pro-8-gb-512-gb"
"vivo","vivo V23 Pro","V Series","8 GB","1024 GB",36500,37595,"https://www.cashify.in/sell-old-mobile-phone/used-vivo-v23-pro-8-gb-1024-gb"
"vivo","vivo V23 Pro","V Series","12 GB","128 GB",22900,23587,"https://www.cashify.in/sell-old-mobile-phone/used-vivo-v23-pro-12-gb-128-gb"
"vivo","vivo V23 Pro","V Series","12 GB","256 GB",28900,29767,"https://www.cashify.in/sell-old-mobile-phone/used-vivo-v23-pro-12-gb-256-gb"
"vivo","vivo V23 Pro","V Series","12 GB","512 GB",33900,34917,"https://www.cashify.in/sell-old-mobile-phone/used-vivo-v23-pro-12-gb-512-gb"
"vivo","vivo V23 Pro","V Series","12 GB","1024 GB",38900,40067,"https://www.cashify.in/sell-old-mobile-phone/used-vivo-v23-pro-12-gb-1024-gb"
"vivo","vivo V21","V Series","6 GB","128 GB",3500,3605,"https://www.cashify.in/sell-old-mobile-phone/used-vivo-v21-6-gb-128-gb"
"vivo","vivo V21","V Series","6 GB","256 GB",9000,9270,"https://www.cashify.in/sell-old-mobile-phone/used-vivo-v21-6-gb-256-gb"
"vivo","vivo V21","V Series","6 GB","512 GB",14500,14935,"https://www.cashify.in/sell-old-mobile-phone/used-vivo-v21-6-gb-512-gb"
"vivo","vivo V21","V Series","8 GB","128 GB",4700,4841,"https://www.cashify.in/sell-old-mobile-phone/used-vivo-v21-8-gb-128-gb"
"vivo","vivo V21","V Series","8 GB","256 GB",10200,10506,"https://www.cashify.in/sell-old-mobile-phone/used-vivo-v21-8-gb-256-gb"
"vivo","vivo V21","V Series","8 GB","512 GB",15700,16171,"https://www.cashify.in/sell-old-mobile-phone/used-vivo-v21-8-gb-512-gb"
"vivo","vivo V21","V Series","12 GB","128 GB",7100,7313,"https://www.cashify.in/sell-old-mobile-phone/used-vivo-v21-12-gb-128-gb"
"vivo","vivo V21","V Series","12 GB","256 GB",12600,12978,"https://www.cashify.in/sell-old-mobile-phone/used-vivo-v21-12-gb-256-gb"
"vivo","vivo V21","V Series","12 GB","512 GB",18100,18643,"https://www.cashify.in/sell-old-mobile-phone/used-vivo-v21-12-gb-512-gb"
"vivo","vivo V21 Pro","V Series","8 GB","128 GB",20500,21115,"https://www.cashify.in/sell-old-mobile-phone/used-vivo-v21-pro-8-gb-128-gb"
"vivo","vivo V21 Pro","V Series","8 GB","256 GB",26500,27295,"https://www.cashify.in/sell-old-mobile-phone/used-vivo-v21-pro-8-gb-256-gb"
"vivo","vivo V21 Pro","V Series","8 GB","512 GB",31500,32445,"https://www.cashify.in/sell-old-mobile-phone/used-vivo-v21-pro-8-gb-512-gb"
"vivo","vivo V21 Pro","V Series","8 GB","1024 GB",36500,37595,"https://www.cashify.in/sell-old-mobile-phone/used-vivo-v21-pro-8-gb-1024-gb"
"vivo","vivo V21 Pro","V Series","12 GB","128 GB",22900,23587,"https://www.cashify.in/sell-old-mobile-phone/used-vivo-v21-pro-12-gb-128-gb"
"vivo","vivo V21 Pro","V Series","12 GB","256 GB",28900,29767,"https://www.cashify.in/sell-old-mobile-phone/used-vivo-v21-pro-12-gb-256-gb"
"vivo","vivo V21 Pro","V Series","12 GB","512 GB",33900,34917,"https://www.cashify.in/sell-old-mobile-phone/used-vivo-v21-pro-12-gb-512-gb"
"vivo","vivo V21 Pro","V Series","12 GB","1024 GB",38900,40067,"https://www.cashify.in/sell-old-mobile-phone/used-vivo-v21-pro-12-gb-1024-gb"
"vivo","vivo T1 5G","T Series","2 GB","32 GB",5000,5150,"https://www.cashify.in/sell-old-mobile-phone/used-vivo-t1-5g-2-gb-32-gb"
"vivo","vivo T1 5G","T Series","2 GB","64 GB",5000,5150,"https://www.cashify.in/sell-old-mobile-phone/used-vivo-t1-5g-2-gb-64-gb"
"vivo","vivo T1 5G","T Series","2 GB","128 GB",3500,3605,"https://www.cashify.in/sell-old-mobile-phone/used-vivo-t1-5g-2-gb-128-gb"
"vivo","vivo T1 5G","T Series","2 GB","256 GB",5000,5150,"https://www.cashify.in/sell-old-mobile-phone/used-vivo-t1-5g-2-gb-256-gb"
"vivo","vivo T1 5G","T Series","4 GB","32 GB",6200,6386,"https://www.cashify.in/sell-old-mobile-phone/used-vivo-t1-5g-4-gb-32-gb"
"vivo","vivo T1 5G","T Series","4 GB","64 GB",6200,6386,"https://www.cashify.in/sell-old-mobile-phone/used-vivo-t1-5g-4-gb-64-gb"
"vivo","vivo T1 5G","T Series","4 GB","128 GB",4700,4841,"https://www.cashify.in/sell-old-mobile-phone/used-vivo-t1-5g-4-gb-128-gb"
"vivo","vivo T1 5G","T Series","4 GB","256 GB",6200,6386,"https://www.cashify.in/sell-old-mobile-phone/used-vivo-t1-5g-4-gb-256-gb"
"vivo","vivo T1 5G","T Series","6 GB","32 GB",7400,7622,"https://www.cashify.in/sell-old-mobile-phone/used-vivo-t1-5g-6-gb-32-gb"
"vivo","vivo T1 5G","T Series","6 GB","64 GB",7400,7622,"https://www.cashify.in/sell-old-mobile-phone/used-vivo-t1-5g-6-gb-64-gb"
"vivo","vivo T1 5G","T Series","6 GB","128 GB",5900,6077,"https://www.cashify.in/sell-old-mobile-phone/used-vivo-t1-5g-6-gb-128-gb"
"vivo","vivo T1 5G","T Series","6 GB","256 GB",7400,7622,"https://www.cashify.in/sell-old-mobile-phone/used-vivo-t1-5g-6-gb-256-gb"
"vivo","vivo T1 5G","T Series","8 GB","32 GB",8600,8858,"https://www.cashify.in/sell-old-mobile-phone/used-vivo-t1-5g-8-gb-32-gb"
"vivo","vivo T1 5G","T Series","8 GB","64 GB",8600,8858,"https://www.cashify.in/sell-old-mobile-phone/used-vivo-t1-5g-8-gb-64-gb"
"vivo","vivo T1 5G","T Series","8 GB","128 GB",7100,7313,"https://www.cashify.in/sell-old-mobile-phone/used-vivo-t1-5g-8-gb-128-gb"
"vivo","vivo T1 5G","T Series","8 GB","256 GB",8600,8858,"https://www.cashify.in/sell-old-mobile-phone/used-vivo-t1-5g-8-gb-256-gb"
"vivo","vivo T2 Pro","T Series","6 GB","128 GB",13500,13905,"https://www.cashify.in/sell-old-mobile-phone/used-vivo-t2-pro-6-gb-128-gb"
"vivo","vivo T2 Pro","T Series","6 GB","256 GB",19500,20085,"https://www.cashify.in/sell-old-mobile-phone/used-vivo-t2-pro-6-gb-256-gb"
"vivo","vivo T2 Pro","T Series","6 GB","512 GB",24500,25235,"https://www.cashify.in/sell-old-mobile-phone/used-vivo-t2-pro-6-gb-512-gb"
"vivo","vivo T2 Pro","T Series","8 GB","128 GB",14700,15141,"https://www.cashify.in/sell-old-mobile-phone/used-vivo-t2-pro-8-gb-128-gb"
"vivo","vivo T2 Pro","T Series","8 GB","256 GB",20700,21321,"https://www.cashify.in/sell-old-mobile-phone/used-vivo-t2-pro-8-gb-256-gb"
"vivo","vivo T2 Pro","T Series","8 GB","512 GB",25700,26471,"https://www.cashify.in/sell-old-mobile-phone/used-vivo-t2-pro-8-gb-512-gb"
"vivo","vivo T2 Pro","T Series","12 GB","128 GB",17100,17613,"https://www.cashify.in/sell-old-mobile-phone/used-vivo-t2-pro-12-gb-128-gb"
"vivo","vivo T2 Pro","T Series","12 GB","256 GB",23100,23793,"https://www.cashify.in/sell-old-mobile-phone/used-vivo-t2-pro-12-gb-256-gb"
"vivo","vivo T2 Pro","T Series","12 GB","512 GB",28100,28943,"https://www.cashify.in/sell-old-mobile-phone/used-vivo-t2-pro-12-gb-512-gb"
"vivo","vivo T2","T Series","2 GB","32 GB",7000,7210,"https://www.cashify.in/sell-old-mobile-phone/used-vivo-t2-2-gb-32-gb"
"vivo","vivo T2","T Series","2 GB","64 GB",7000,7210,"https://www.cashify.in/sell-old-mobile-phone/used-vivo-t2-2-gb-64-gb"
"vivo","vivo T2","T Series","2 GB","128 GB",3500,3605,"https://www.cashify.in/sell-old-mobile-phone/used-vivo-t2-2-gb-128-gb"
"vivo","vivo T2","T Series","2 GB","256 GB",7000,7210,"https://www.cashify.in/sell-old-mobile-phone/used-vivo-t2-2-gb-256-gb"
"vivo","vivo T2","T Series","4 GB","32 GB",8200,8446,"https://www.cashify.in/sell-old-mobile-phone/used-vivo-t2-4-gb-32-gb"
"vivo","vivo T2","T Series","4 GB","64 GB",8200,8446,"https://www.cashify.in/sell-old-mobile-phone/used-vivo-t2-4-gb-64-gb"
"vivo","vivo T2","T Series","4 GB","128 GB",4700,4841,"https://www.cashify.in/sell-old-mobile-phone/used-vivo-t2-4-gb-128-gb"
"vivo","vivo T2","T Series","4 GB","256 GB",8200,8446,"https://www.cashify.in/sell-old-mobile-phone/used-vivo-t2-4-gb-256-gb"
"vivo","vivo T2","T Series","6 GB","32 GB",9400,9682,"https://www.cashify.in/sell-old-mobile-phone/used-vivo-t2-6-gb-32-gb"
"vivo","vivo T2","T Series","6 GB","64 GB",9400,9682,"https://www.cashify.in/sell-old-mobile-phone/used-vivo-t2-6-gb-64-gb"
"vivo","vivo T2","T Series","6 GB","128 GB",5900,6077,"https://www.cashify.in/sell-old-mobile-phone/used-vivo-t2-6-gb-128-gb"
"vivo","vivo T2","T Series","6 GB","256 GB",9400,9682,"https://www.cashify.in/sell-old-mobile-phone/used-vivo-t2-6-gb-256-gb"
"vivo","vivo T2","T Series","8 GB","32 GB",10600,10918,"https://www.cashify.in/sell-old-mobile-phone/used-vivo-t2-8-gb-32-gb"
"vivo","vivo T2","T Series","8 GB","64 GB",10600,10918,"https://www.cashify.in/sell-old-mobile-phone/used-vivo-t2-8-gb-64-gb"
"vivo","vivo T2","T Series","8 GB","128 GB",7100,7313,"https://www.cashify.in/sell-old-mobile-phone/used-vivo-t2-8-gb-128-gb"
"vivo","vivo T2","T Series","8 GB","256 GB",10600,10918,"https://www.cashify.in/sell-old-mobile-phone/used-vivo-t2-8-gb-256-gb"
"vivo","vivo T2x","T Series","2 GB","32 GB",7000,7210,"https://www.cashify.in/sell-old-mobile-phone/used-vivo-t2x-2-gb-32-gb"
"vivo","vivo T2x","T Series","2 GB","64 GB",7000,7210,"https://www.cashify.in/sell-old-mobile-phone/used-vivo-t2x-2-gb-64-gb"
"vivo","vivo T2x","T Series","2 GB","128 GB",3500,3605,"https://www.cashify.in/sell-old-mobile-phone/used-vivo-t2x-2-gb-128-gb"
"vivo","vivo T2x","T Series","2 GB","256 GB",7000,7210,"https://www.cashify.in/sell-old-mobile-phone/used-vivo-t2x-2-gb-256-gb"
"vivo","vivo T2x","T Series","4 GB","32 GB",8200,8446,"https://www.cashify.in/sell-old-mobile-phone/used-vivo-t2x-4-gb-32-gb"
"vivo","vivo T2x","T Series","4 GB","64 GB",8200,8446,"https://www.cashify.in/sell-old-mobile-phone/used-vivo-t2x-4-gb-64-gb"
"vivo","vivo T2x","T Series","4 GB","128 GB",4700,4841,"https://www.cashify.in/sell-old-mobile-phone/used-vivo-t2x-4-gb-128-gb"
"vivo","vivo T2x","T Series","4 GB","256 GB",8200,8446,"https://www.cashify.in/sell-old-mobile-phone/used-vivo-t2x-4-gb-256-gb"
"vivo","vivo T2x","T Series","6 GB","32 GB",9400,9682,"https://www.cashify.in/sell-old-mobile-phone/used-vivo-t2x-6-gb-32-gb"
"vivo","vivo T2x","T Series","6 GB","64 GB",9400,9682,"https://www.cashify.in/sell-old-mobile-phone/used-vivo-t2x-6-gb-64-gb"
"vivo","vivo T2x","T Series","6 GB","128 GB",5900,6077,"https://www.cashify.in/sell-old-mobile-phone/used-vivo-t2x-6-gb-128-gb"
"vivo","vivo T2x","T Series","6 GB","256 GB",9400,9682,"https://www.cashify.in/sell-old-mobile-phone/used-vivo-t2x-6-gb-256-gb"
"vivo","vivo T2x","T Series","8 GB","32 GB",10600,10918,"https://www.cashify.in/sell-old-mobile-phone/used-vivo-t2x-8-gb-32-gb"
"vivo","vivo T2x","T Series","8 GB","64 GB",10600,10918,"https://www.cashify.in/sell-old-mobile-phone/used-vivo-t2x-8-gb-64-gb"
"vivo","vivo T2x","T Series","8 GB","128 GB",7100,7313,"https://www.cashify.in/sell-old-mobile-phone/used-vivo-t2x-8-gb-128-gb"
"vivo","vivo T2x","T Series","8 GB","256 GB",10600,10918,"https://www.cashify.in/sell-old-mobile-phone/used-vivo-t2x-8-gb-256-gb"
"vivo","vivo T3","T Series","2 GB","32 GB",8500,8755,"https://www.cashify.in/sell-old-mobile-phone/used-vivo-t3-2-gb-32-gb"
"vivo","vivo T3","T Series","2 GB","64 GB",8500,8755,"https://www.cashify.in/sell-old-mobile-phone/used-vivo-t3-2-gb-64-gb"
"vivo","vivo T3","T Series","2 GB","128 GB",3500,3605,"https://www.cashify.in/sell-old-mobile-phone/used-vivo-t3-2-gb-128-gb"
"vivo","vivo T3","T Series","2 GB","256 GB",8500,8755,"https://www.cashify.in/sell-old-mobile-phone/used-vivo-t3-2-gb-256-gb"
"vivo","vivo T3","T Series","4 GB","32 GB",9700,9991,"https://www.cashify.in/sell-old-mobile-phone/used-vivo-t3-4-gb-32-gb"
"vivo","vivo T3","T Series","4 GB","64 GB",9700,9991,"https://www.cashify.in/sell-old-mobile-phone/used-vivo-t3-4-gb-64-gb"
"vivo","vivo T3","T Series","4 GB","128 GB",4700,4841,"https://www.cashify.in/sell-old-mobile-phone/used-vivo-t3-4-gb-128-gb"
"vivo","vivo T3","T Series","4 GB","256 GB",9700,9991,"https://www.cashify.in/sell-old-mobile-phone/used-vivo-t3-4-gb-256-gb"
"vivo","vivo T3","T Series","6 GB","32 GB",10900,11227,"https://www.cashify.in/sell-old-mobile-phone/used-vivo-t3-6-gb-32-gb"
"vivo","vivo T3","T Series","6 GB","64 GB",10900,11227,"https://www.cashify.in/sell-old-mobile-phone/used-vivo-t3-6-gb-64-gb"
"vivo","vivo T3","T Series","6 GB","128 GB",5900,6077,"https://www.cashify.in/sell-old-mobile-phone/used-vivo-t3-6-gb-128-gb"
"vivo","vivo T3","T Series","6 GB","256 GB",10900,11227,"https://www.cashify.in/sell-old-mobile-phone/used-vivo-t3-6-gb-256-gb"
"vivo","vivo T3","T Series","8 GB","32 GB",12100,12463,"https://www.cashify.in/sell-old-mobile-phone/used-vivo-t3-8-gb-32-gb"
"vivo","vivo T3","T Series","8 GB","64 GB",12100,12463,"https://www.cashify.in/sell-old-mobile-phone/used-vivo-t3-8-gb-64-gb"
"vivo","vivo T3","T Series","8 GB","128 GB",7100,7313,"https://www.cashify.in/sell-old-mobile-phone/used-vivo-t3-8-gb-128-gb"
"vivo","vivo T3","T Series","8 GB","256 GB",12100,12463,"https://www.cashify.in/sell-old-mobile-phone/used-vivo-t3-8-gb-256-gb"
"vivo","vivo T3x","T Series","2 GB","32 GB",8500,8755,"https://www.cashify.in/sell-old-mobile-phone/used-vivo-t3x-2-gb-32-gb"
"vivo","vivo T3x","T Series","2 GB","64 GB",8500,8755,"https://www.cashify.in/sell-old-mobile-phone/used-vivo-t3x-2-gb-64-gb"
"vivo","vivo T3x","T Series","2 GB","128 GB",3500,3605,"https://www.cashify.in/sell-old-mobile-phone/used-vivo-t3x-2-gb-128-gb"
"vivo","vivo T3x","T Series","2 GB","256 GB",8500,8755,"https://www.cashify.in/sell-old-mobile-phone/used-vivo-t3x-2-gb-256-gb"
"vivo","vivo T3x","T Series","4 GB","32 GB",9700,9991,"https://www.cashify.in/sell-old-mobile-phone/used-vivo-t3x-4-gb-32-gb"
"vivo","vivo T3x","T Series","4 GB","64 GB",9700,9991,"https://www.cashify.in/sell-old-mobile-phone/used-vivo-t3x-4-gb-64-gb"
"vivo","vivo T3x","T Series","4 GB","128 GB",4700,4841,"https://www.cashify.in/sell-old-mobile-phone/used-vivo-t3x-4-gb-128-gb"
"vivo","vivo T3x","T Series","4 GB","256 GB",9700,9991,"https://www.cashify.in/sell-old-mobile-phone/used-vivo-t3x-4-gb-256-gb"
"vivo","vivo T3x","T Series","6 GB","32 GB",10900,11227,"https://www.cashify.in/sell-old-mobile-phone/used-vivo-t3x-6-gb-32-gb"
"vivo","vivo T3x","T Series","6 GB","64 GB",10900,11227,"https://www.cashify.in/sell-old-mobile-phone/used-vivo-t3x-6-gb-64-gb"
"vivo","vivo T3x","T Series","6 GB","128 GB",5900,6077,"https://www.cashify.in/sell-old-mobile-phone/used-vivo-t3x-6-gb-128-gb"
"vivo","vivo T3x","T Series","6 GB","256 GB",10900,11227,"https://www.cashify.in/sell-old-mobile-phone/used-vivo-t3x-6-gb-256-gb"
"vivo","vivo T3x","T Series","8 GB","32 GB",12100,12463,"https://www.cashify.in/sell-old-mobile-phone/used-vivo-t3x-8-gb-32-gb"
"vivo","vivo T3x","T Series","8 GB","64 GB",12100,12463,"https://www.cashify.in/sell-old-mobile-phone/used-vivo-t3x-8-gb-64-gb"
"vivo","vivo T3x","T Series","8 GB","128 GB",7100,7313,"https://www.cashify.in/sell-old-mobile-phone/used-vivo-t3x-8-gb-128-gb"
"vivo","vivo T3x","T Series","8 GB","256 GB",12100,12463,"https://www.cashify.in/sell-old-mobile-phone/used-vivo-t3x-8-gb-256-gb"
"vivo","vivo T3 Lite","T Series","2 GB","32 GB",8500,8755,"https://www.cashify.in/sell-old-mobile-phone/used-vivo-t3-lite-2-gb-32-gb"
"vivo","vivo T3 Lite","T Series","2 GB","64 GB",8500,8755,"https://www.cashify.in/sell-old-mobile-phone/used-vivo-t3-lite-2-gb-64-gb"
"vivo","vivo T3 Lite","T Series","2 GB","128 GB",3500,3605,"https://www.cashify.in/sell-old-mobile-phone/used-vivo-t3-lite-2-gb-128-gb"
"vivo","vivo T3 Lite","T Series","2 GB","256 GB",8500,8755,"https://www.cashify.in/sell-old-mobile-phone/used-vivo-t3-lite-2-gb-256-gb"
"vivo","vivo T3 Lite","T Series","4 GB","32 GB",9700,9991,"https://www.cashify.in/sell-old-mobile-phone/used-vivo-t3-lite-4-gb-32-gb"
"vivo","vivo T3 Lite","T Series","4 GB","64 GB",9700,9991,"https://www.cashify.in/sell-old-mobile-phone/used-vivo-t3-lite-4-gb-64-gb"
"vivo","vivo T3 Lite","T Series","4 GB","128 GB",4700,4841,"https://www.cashify.in/sell-old-mobile-phone/used-vivo-t3-lite-4-gb-128-gb"
"vivo","vivo T3 Lite","T Series","4 GB","256 GB",9700,9991,"https://www.cashify.in/sell-old-mobile-phone/used-vivo-t3-lite-4-gb-256-gb"
"vivo","vivo T3 Lite","T Series","6 GB","32 GB",10900,11227,"https://www.cashify.in/sell-old-mobile-phone/used-vivo-t3-lite-6-gb-32-gb"
"vivo","vivo T3 Lite","T Series","6 GB","64 GB",10900,11227,"https://www.cashify.in/sell-old-mobile-phone/used-vivo-t3-lite-6-gb-64-gb"
"vivo","vivo T3 Lite","T Series","6 GB","128 GB",5900,6077,"https://www.cashify.in/sell-old-mobile-phone/used-vivo-t3-lite-6-gb-128-gb"
"vivo","vivo T3 Lite","T Series","6 GB","256 GB",10900,11227,"https://www.cashify.in/sell-old-mobile-phone/used-vivo-t3-lite-6-gb-256-gb"
"vivo","vivo T3 Lite","T Series","8 GB","32 GB",12100,12463,"https://www.cashify.in/sell-old-mobile-phone/used-vivo-t3-lite-8-gb-32-gb"
"vivo","vivo T3 Lite","T Series","8 GB","64 GB",12100,12463,"https://www.cashify.in/sell-old-mobile-phone/used-vivo-t3-lite-8-gb-64-gb"
"vivo","vivo T3 Lite","T Series","8 GB","128 GB",7100,7313,"https://www.cashify.in/sell-old-mobile-phone/used-vivo-t3-lite-8-gb-128-gb"
"vivo","vivo T3 Lite","T Series","8 GB","256 GB",12100,12463,"https://www.cashify.in/sell-old-mobile-phone/used-vivo-t3-lite-8-gb-256-gb"
"vivo","vivo X Fold 3","X Series & Folds","8 GB","256 GB",57500,59225,"https://www.cashify.in/sell-old-mobile-phone/used-vivo-x-fold-3-8-gb-256-gb"
"vivo","vivo X Fold 3","X Series & Folds","8 GB","512 GB",63000,64890,"https://www.cashify.in/sell-old-mobile-phone/used-vivo-x-fold-3-8-gb-512-gb"
"vivo","vivo X Fold 3","X Series & Folds","8 GB","1024 GB",68000,70040,"https://www.cashify.in/sell-old-mobile-phone/used-vivo-x-fold-3-8-gb-1024-gb"
"vivo","vivo X Fold 3","X Series & Folds","12 GB","256 GB",59900,61697,"https://www.cashify.in/sell-old-mobile-phone/used-vivo-x-fold-3-12-gb-256-gb"
"vivo","vivo X Fold 3","X Series & Folds","12 GB","512 GB",65400,67362,"https://www.cashify.in/sell-old-mobile-phone/used-vivo-x-fold-3-12-gb-512-gb"
"vivo","vivo X Fold 3","X Series & Folds","12 GB","1024 GB",70400,72512,"https://www.cashify.in/sell-old-mobile-phone/used-vivo-x-fold-3-12-gb-1024-gb"
"vivo","vivo X Fold 3","X Series & Folds","16 GB","256 GB",62300,64169,"https://www.cashify.in/sell-old-mobile-phone/used-vivo-x-fold-3-16-gb-256-gb"
"vivo","vivo X Fold 3","X Series & Folds","16 GB","512 GB",67800,69834,"https://www.cashify.in/sell-old-mobile-phone/used-vivo-x-fold-3-16-gb-512-gb"
"vivo","vivo X Fold 3","X Series & Folds","16 GB","1024 GB",72800,74984,"https://www.cashify.in/sell-old-mobile-phone/used-vivo-x-fold-3-16-gb-1024-gb"
"vivo","vivo Y100","Y Series","2 GB","32 GB",7000,7210,"https://www.cashify.in/sell-old-mobile-phone/used-vivo-y100-2-gb-32-gb"
"vivo","vivo Y100","Y Series","2 GB","64 GB",7000,7210,"https://www.cashify.in/sell-old-mobile-phone/used-vivo-y100-2-gb-64-gb"
"vivo","vivo Y100","Y Series","2 GB","128 GB",3500,3605,"https://www.cashify.in/sell-old-mobile-phone/used-vivo-y100-2-gb-128-gb"
"vivo","vivo Y100","Y Series","2 GB","256 GB",7000,7210,"https://www.cashify.in/sell-old-mobile-phone/used-vivo-y100-2-gb-256-gb"
"vivo","vivo Y100","Y Series","4 GB","32 GB",8200,8446,"https://www.cashify.in/sell-old-mobile-phone/used-vivo-y100-4-gb-32-gb"
"vivo","vivo Y100","Y Series","4 GB","64 GB",8200,8446,"https://www.cashify.in/sell-old-mobile-phone/used-vivo-y100-4-gb-64-gb"
"vivo","vivo Y100","Y Series","4 GB","128 GB",4700,4841,"https://www.cashify.in/sell-old-mobile-phone/used-vivo-y100-4-gb-128-gb"
"vivo","vivo Y100","Y Series","4 GB","256 GB",8200,8446,"https://www.cashify.in/sell-old-mobile-phone/used-vivo-y100-4-gb-256-gb"
"vivo","vivo Y100","Y Series","6 GB","32 GB",9400,9682,"https://www.cashify.in/sell-old-mobile-phone/used-vivo-y100-6-gb-32-gb"
"vivo","vivo Y100","Y Series","6 GB","64 GB",9400,9682,"https://www.cashify.in/sell-old-mobile-phone/used-vivo-y100-6-gb-64-gb"
"vivo","vivo Y100","Y Series","6 GB","128 GB",5900,6077,"https://www.cashify.in/sell-old-mobile-phone/used-vivo-y100-6-gb-128-gb"
"vivo","vivo Y100","Y Series","6 GB","256 GB",9400,9682,"https://www.cashify.in/sell-old-mobile-phone/used-vivo-y100-6-gb-256-gb"
"vivo","vivo Y100","Y Series","8 GB","32 GB",10600,10918,"https://www.cashify.in/sell-old-mobile-phone/used-vivo-y100-8-gb-32-gb"
"vivo","vivo Y100","Y Series","8 GB","64 GB",10600,10918,"https://www.cashify.in/sell-old-mobile-phone/used-vivo-y100-8-gb-64-gb"
"vivo","vivo Y100","Y Series","8 GB","128 GB",7100,7313,"https://www.cashify.in/sell-old-mobile-phone/used-vivo-y100-8-gb-128-gb"
"vivo","vivo Y100","Y Series","8 GB","256 GB",10600,10918,"https://www.cashify.in/sell-old-mobile-phone/used-vivo-y100-8-gb-256-gb"
"vivo","vivo Y100 Pro","Y Series","2 GB","32 GB",12500,12875,"https://www.cashify.in/sell-old-mobile-phone/used-vivo-y100-pro-2-gb-32-gb"
"vivo","vivo Y100 Pro","Y Series","2 GB","64 GB",12500,12875,"https://www.cashify.in/sell-old-mobile-phone/used-vivo-y100-pro-2-gb-64-gb"
"vivo","vivo Y100 Pro","Y Series","2 GB","128 GB",6500,6695,"https://www.cashify.in/sell-old-mobile-phone/used-vivo-y100-pro-2-gb-128-gb"
"vivo","vivo Y100 Pro","Y Series","2 GB","256 GB",12500,12875,"https://www.cashify.in/sell-old-mobile-phone/used-vivo-y100-pro-2-gb-256-gb"
"vivo","vivo Y100 Pro","Y Series","4 GB","32 GB",13700,14111,"https://www.cashify.in/sell-old-mobile-phone/used-vivo-y100-pro-4-gb-32-gb"
"vivo","vivo Y100 Pro","Y Series","4 GB","64 GB",13700,14111,"https://www.cashify.in/sell-old-mobile-phone/used-vivo-y100-pro-4-gb-64-gb"
"vivo","vivo Y100 Pro","Y Series","4 GB","128 GB",7700,7931,"https://www.cashify.in/sell-old-mobile-phone/used-vivo-y100-pro-4-gb-128-gb"
"vivo","vivo Y100 Pro","Y Series","4 GB","256 GB",13700,14111,"https://www.cashify.in/sell-old-mobile-phone/used-vivo-y100-pro-4-gb-256-gb"
"vivo","vivo Y100 Pro","Y Series","6 GB","32 GB",14900,15347,"https://www.cashify.in/sell-old-mobile-phone/used-vivo-y100-pro-6-gb-32-gb"
"vivo","vivo Y100 Pro","Y Series","6 GB","64 GB",14900,15347,"https://www.cashify.in/sell-old-mobile-phone/used-vivo-y100-pro-6-gb-64-gb"
"vivo","vivo Y100 Pro","Y Series","6 GB","128 GB",8900,9167,"https://www.cashify.in/sell-old-mobile-phone/used-vivo-y100-pro-6-gb-128-gb"
"vivo","vivo Y100 Pro","Y Series","6 GB","256 GB",14900,15347,"https://www.cashify.in/sell-old-mobile-phone/used-vivo-y100-pro-6-gb-256-gb"
"vivo","vivo Y100 Pro","Y Series","8 GB","32 GB",16100,16583,"https://www.cashify.in/sell-old-mobile-phone/used-vivo-y100-pro-8-gb-32-gb"
"vivo","vivo Y100 Pro","Y Series","8 GB","64 GB",16100,16583,"https://www.cashify.in/sell-old-mobile-phone/used-vivo-y100-pro-8-gb-64-gb"
"vivo","vivo Y100 Pro","Y Series","8 GB","128 GB",10100,10403,"https://www.cashify.in/sell-old-mobile-phone/used-vivo-y100-pro-8-gb-128-gb"
"vivo","vivo Y100 Pro","Y Series","8 GB","256 GB",16100,16583,"https://www.cashify.in/sell-old-mobile-phone/used-vivo-y100-pro-8-gb-256-gb"
"vivo","vivo Y200","Y Series","2 GB","32 GB",7000,7210,"https://www.cashify.in/sell-old-mobile-phone/used-vivo-y200-2-gb-32-gb"
"vivo","vivo Y200","Y Series","2 GB","64 GB",7000,7210,"https://www.cashify.in/sell-old-mobile-phone/used-vivo-y200-2-gb-64-gb"
"vivo","vivo Y200","Y Series","2 GB","128 GB",3500,3605,"https://www.cashify.in/sell-old-mobile-phone/used-vivo-y200-2-gb-128-gb"
"vivo","vivo Y200","Y Series","2 GB","256 GB",7000,7210,"https://www.cashify.in/sell-old-mobile-phone/used-vivo-y200-2-gb-256-gb"
"vivo","vivo Y200","Y Series","4 GB","32 GB",8200,8446,"https://www.cashify.in/sell-old-mobile-phone/used-vivo-y200-4-gb-32-gb"
"vivo","vivo Y200","Y Series","4 GB","64 GB",8200,8446,"https://www.cashify.in/sell-old-mobile-phone/used-vivo-y200-4-gb-64-gb"
"vivo","vivo Y200","Y Series","4 GB","128 GB",4700,4841,"https://www.cashify.in/sell-old-mobile-phone/used-vivo-y200-4-gb-128-gb"
"vivo","vivo Y200","Y Series","4 GB","256 GB",8200,8446,"https://www.cashify.in/sell-old-mobile-phone/used-vivo-y200-4-gb-256-gb"
"vivo","vivo Y200","Y Series","6 GB","32 GB",9400,9682,"https://www.cashify.in/sell-old-mobile-phone/used-vivo-y200-6-gb-32-gb"
"vivo","vivo Y200","Y Series","6 GB","64 GB",9400,9682,"https://www.cashify.in/sell-old-mobile-phone/used-vivo-y200-6-gb-64-gb"
"vivo","vivo Y200","Y Series","6 GB","128 GB",5900,6077,"https://www.cashify.in/sell-old-mobile-phone/used-vivo-y200-6-gb-128-gb"
"vivo","vivo Y200","Y Series","6 GB","256 GB",9400,9682,"https://www.cashify.in/sell-old-mobile-phone/used-vivo-y200-6-gb-256-gb"
"vivo","vivo Y200","Y Series","8 GB","32 GB",10600,10918,"https://www.cashify.in/sell-old-mobile-phone/used-vivo-y200-8-gb-32-gb"
"vivo","vivo Y200","Y Series","8 GB","64 GB",10600,10918,"https://www.cashify.in/sell-old-mobile-phone/used-vivo-y200-8-gb-64-gb"
"vivo","vivo Y200","Y Series","8 GB","128 GB",7100,7313,"https://www.cashify.in/sell-old-mobile-phone/used-vivo-y200-8-gb-128-gb"
"vivo","vivo Y200","Y Series","8 GB","256 GB",10600,10918,"https://www.cashify.in/sell-old-mobile-phone/used-vivo-y200-8-gb-256-gb"
"vivo","vivo Y200 Pro","Y Series","2 GB","32 GB",12500,12875,"https://www.cashify.in/sell-old-mobile-phone/used-vivo-y200-pro-2-gb-32-gb"
"vivo","vivo Y200 Pro","Y Series","2 GB","64 GB",12500,12875,"https://www.cashify.in/sell-old-mobile-phone/used-vivo-y200-pro-2-gb-64-gb"
"vivo","vivo Y200 Pro","Y Series","2 GB","128 GB",6500,6695,"https://www.cashify.in/sell-old-mobile-phone/used-vivo-y200-pro-2-gb-128-gb"
"vivo","vivo Y200 Pro","Y Series","2 GB","256 GB",12500,12875,"https://www.cashify.in/sell-old-mobile-phone/used-vivo-y200-pro-2-gb-256-gb"
"vivo","vivo Y200 Pro","Y Series","4 GB","32 GB",13700,14111,"https://www.cashify.in/sell-old-mobile-phone/used-vivo-y200-pro-4-gb-32-gb"
"vivo","vivo Y200 Pro","Y Series","4 GB","64 GB",13700,14111,"https://www.cashify.in/sell-old-mobile-phone/used-vivo-y200-pro-4-gb-64-gb"
"vivo","vivo Y200 Pro","Y Series","4 GB","128 GB",7700,7931,"https://www.cashify.in/sell-old-mobile-phone/used-vivo-y200-pro-4-gb-128-gb"
"vivo","vivo Y200 Pro","Y Series","4 GB","256 GB",13700,14111,"https://www.cashify.in/sell-old-mobile-phone/used-vivo-y200-pro-4-gb-256-gb"
"vivo","vivo Y200 Pro","Y Series","6 GB","32 GB",14900,15347,"https://www.cashify.in/sell-old-mobile-phone/used-vivo-y200-pro-6-gb-32-gb"
"vivo","vivo Y200 Pro","Y Series","6 GB","64 GB",14900,15347,"https://www.cashify.in/sell-old-mobile-phone/used-vivo-y200-pro-6-gb-64-gb"
"vivo","vivo Y200 Pro","Y Series","6 GB","128 GB",8900,9167,"https://www.cashify.in/sell-old-mobile-phone/used-vivo-y200-pro-6-gb-128-gb"
"vivo","vivo Y200 Pro","Y Series","6 GB","256 GB",14900,15347,"https://www.cashify.in/sell-old-mobile-phone/used-vivo-y200-pro-6-gb-256-gb"
"vivo","vivo Y200 Pro","Y Series","8 GB","32 GB",16100,16583,"https://www.cashify.in/sell-old-mobile-phone/used-vivo-y200-pro-8-gb-32-gb"
"vivo","vivo Y200 Pro","Y Series","8 GB","64 GB",16100,16583,"https://www.cashify.in/sell-old-mobile-phone/used-vivo-y200-pro-8-gb-64-gb"
"vivo","vivo Y200 Pro","Y Series","8 GB","128 GB",10100,10403,"https://www.cashify.in/sell-old-mobile-phone/used-vivo-y200-pro-8-gb-128-gb"
"vivo","vivo Y200 Pro","Y Series","8 GB","256 GB",16100,16583,"https://www.cashify.in/sell-old-mobile-phone/used-vivo-y200-pro-8-gb-256-gb"
"vivo","vivo Y300","Y Series","2 GB","32 GB",8500,8755,"https://www.cashify.in/sell-old-mobile-phone/used-vivo-y300-2-gb-32-gb"
"vivo","vivo Y300","Y Series","2 GB","64 GB",8500,8755,"https://www.cashify.in/sell-old-mobile-phone/used-vivo-y300-2-gb-64-gb"
"vivo","vivo Y300","Y Series","2 GB","128 GB",3500,3605,"https://www.cashify.in/sell-old-mobile-phone/used-vivo-y300-2-gb-128-gb"
"vivo","vivo Y300","Y Series","2 GB","256 GB",8500,8755,"https://www.cashify.in/sell-old-mobile-phone/used-vivo-y300-2-gb-256-gb"
"vivo","vivo Y300","Y Series","4 GB","32 GB",9700,9991,"https://www.cashify.in/sell-old-mobile-phone/used-vivo-y300-4-gb-32-gb"
"vivo","vivo Y300","Y Series","4 GB","64 GB",9700,9991,"https://www.cashify.in/sell-old-mobile-phone/used-vivo-y300-4-gb-64-gb"
"vivo","vivo Y300","Y Series","4 GB","128 GB",4700,4841,"https://www.cashify.in/sell-old-mobile-phone/used-vivo-y300-4-gb-128-gb"
"vivo","vivo Y300","Y Series","4 GB","256 GB",9700,9991,"https://www.cashify.in/sell-old-mobile-phone/used-vivo-y300-4-gb-256-gb"
"vivo","vivo Y300","Y Series","6 GB","32 GB",10900,11227,"https://www.cashify.in/sell-old-mobile-phone/used-vivo-y300-6-gb-32-gb"
"vivo","vivo Y300","Y Series","6 GB","64 GB",10900,11227,"https://www.cashify.in/sell-old-mobile-phone/used-vivo-y300-6-gb-64-gb"
"vivo","vivo Y300","Y Series","6 GB","128 GB",5900,6077,"https://www.cashify.in/sell-old-mobile-phone/used-vivo-y300-6-gb-128-gb"
"vivo","vivo Y300","Y Series","6 GB","256 GB",10900,11227,"https://www.cashify.in/sell-old-mobile-phone/used-vivo-y300-6-gb-256-gb"
"vivo","vivo Y300","Y Series","8 GB","32 GB",12100,12463,"https://www.cashify.in/sell-old-mobile-phone/used-vivo-y300-8-gb-32-gb"
"vivo","vivo Y300","Y Series","8 GB","64 GB",12100,12463,"https://www.cashify.in/sell-old-mobile-phone/used-vivo-y300-8-gb-64-gb"
"vivo","vivo Y300","Y Series","8 GB","128 GB",7100,7313,"https://www.cashify.in/sell-old-mobile-phone/used-vivo-y300-8-gb-128-gb"
"vivo","vivo Y300","Y Series","8 GB","256 GB",12100,12463,"https://www.cashify.in/sell-old-mobile-phone/used-vivo-y300-8-gb-256-gb"
"vivo","vivo Y300 Pro","Y Series","2 GB","32 GB",14500,14935,"https://www.cashify.in/sell-old-mobile-phone/used-vivo-y300-pro-2-gb-32-gb"
"vivo","vivo Y300 Pro","Y Series","2 GB","64 GB",14500,14935,"https://www.cashify.in/sell-old-mobile-phone/used-vivo-y300-pro-2-gb-64-gb"
"vivo","vivo Y300 Pro","Y Series","2 GB","128 GB",8500,8755,"https://www.cashify.in/sell-old-mobile-phone/used-vivo-y300-pro-2-gb-128-gb"
"vivo","vivo Y300 Pro","Y Series","2 GB","256 GB",14500,14935,"https://www.cashify.in/sell-old-mobile-phone/used-vivo-y300-pro-2-gb-256-gb"
"vivo","vivo Y300 Pro","Y Series","4 GB","32 GB",15700,16171,"https://www.cashify.in/sell-old-mobile-phone/used-vivo-y300-pro-4-gb-32-gb"
"vivo","vivo Y300 Pro","Y Series","4 GB","64 GB",15700,16171,"https://www.cashify.in/sell-old-mobile-phone/used-vivo-y300-pro-4-gb-64-gb"
"vivo","vivo Y300 Pro","Y Series","4 GB","128 GB",9700,9991,"https://www.cashify.in/sell-old-mobile-phone/used-vivo-y300-pro-4-gb-128-gb"
"vivo","vivo Y300 Pro","Y Series","4 GB","256 GB",15700,16171,"https://www.cashify.in/sell-old-mobile-phone/used-vivo-y300-pro-4-gb-256-gb"
"vivo","vivo Y300 Pro","Y Series","6 GB","32 GB",16900,17407,"https://www.cashify.in/sell-old-mobile-phone/used-vivo-y300-pro-6-gb-32-gb"
"vivo","vivo Y300 Pro","Y Series","6 GB","64 GB",16900,17407,"https://www.cashify.in/sell-old-mobile-phone/used-vivo-y300-pro-6-gb-64-gb"
"vivo","vivo Y300 Pro","Y Series","6 GB","128 GB",10900,11227,"https://www.cashify.in/sell-old-mobile-phone/used-vivo-y300-pro-6-gb-128-gb"
"vivo","vivo Y300 Pro","Y Series","6 GB","256 GB",16900,17407,"https://www.cashify.in/sell-old-mobile-phone/used-vivo-y300-pro-6-gb-256-gb"
"vivo","vivo Y300 Pro","Y Series","8 GB","32 GB",18100,18643,"https://www.cashify.in/sell-old-mobile-phone/used-vivo-y300-pro-8-gb-32-gb"
"vivo","vivo Y300 Pro","Y Series","8 GB","64 GB",18100,18643,"https://www.cashify.in/sell-old-mobile-phone/used-vivo-y300-pro-8-gb-64-gb"
"vivo","vivo Y300 Pro","Y Series","8 GB","128 GB",12100,12463,"https://www.cashify.in/sell-old-mobile-phone/used-vivo-y300-pro-8-gb-128-gb"
"vivo","vivo Y300 Pro","Y Series","8 GB","256 GB",18100,18643,"https://www.cashify.in/sell-old-mobile-phone/used-vivo-y300-pro-8-gb-256-gb"
"vivo","vivo Y16","Y Series","2 GB","32 GB",5000,5150,"https://www.cashify.in/sell-old-mobile-phone/used-vivo-y16-2-gb-32-gb"
"vivo","vivo Y16","Y Series","2 GB","64 GB",5000,5150,"https://www.cashify.in/sell-old-mobile-phone/used-vivo-y16-2-gb-64-gb"
"vivo","vivo Y16","Y Series","2 GB","128 GB",3500,3605,"https://www.cashify.in/sell-old-mobile-phone/used-vivo-y16-2-gb-128-gb"
"vivo","vivo Y16","Y Series","2 GB","256 GB",5000,5150,"https://www.cashify.in/sell-old-mobile-phone/used-vivo-y16-2-gb-256-gb"
"vivo","vivo Y16","Y Series","4 GB","32 GB",6200,6386,"https://www.cashify.in/sell-old-mobile-phone/used-vivo-y16-4-gb-32-gb"
"vivo","vivo Y16","Y Series","4 GB","64 GB",6200,6386,"https://www.cashify.in/sell-old-mobile-phone/used-vivo-y16-4-gb-64-gb"
"vivo","vivo Y16","Y Series","4 GB","128 GB",4700,4841,"https://www.cashify.in/sell-old-mobile-phone/used-vivo-y16-4-gb-128-gb"
"vivo","vivo Y16","Y Series","4 GB","256 GB",6200,6386,"https://www.cashify.in/sell-old-mobile-phone/used-vivo-y16-4-gb-256-gb"
"vivo","vivo Y16","Y Series","6 GB","32 GB",7400,7622,"https://www.cashify.in/sell-old-mobile-phone/used-vivo-y16-6-gb-32-gb"
"vivo","vivo Y16","Y Series","6 GB","64 GB",7400,7622,"https://www.cashify.in/sell-old-mobile-phone/used-vivo-y16-6-gb-64-gb"
"vivo","vivo Y16","Y Series","6 GB","128 GB",5900,6077,"https://www.cashify.in/sell-old-mobile-phone/used-vivo-y16-6-gb-128-gb"
"vivo","vivo Y16","Y Series","6 GB","256 GB",7400,7622,"https://www.cashify.in/sell-old-mobile-phone/used-vivo-y16-6-gb-256-gb"
"vivo","vivo Y16","Y Series","8 GB","32 GB",8600,8858,"https://www.cashify.in/sell-old-mobile-phone/used-vivo-y16-8-gb-32-gb"
"vivo","vivo Y16","Y Series","8 GB","64 GB",8600,8858,"https://www.cashify.in/sell-old-mobile-phone/used-vivo-y16-8-gb-64-gb"
"vivo","vivo Y16","Y Series","8 GB","128 GB",7100,7313,"https://www.cashify.in/sell-old-mobile-phone/used-vivo-y16-8-gb-128-gb"
"vivo","vivo Y16","Y Series","8 GB","256 GB",8600,8858,"https://www.cashify.in/sell-old-mobile-phone/used-vivo-y16-8-gb-256-gb"
"vivo","vivo Y36","Y Series","2 GB","32 GB",7000,7210,"https://www.cashify.in/sell-old-mobile-phone/used-vivo-y36-2-gb-32-gb"
"vivo","vivo Y36","Y Series","2 GB","64 GB",7000,7210,"https://www.cashify.in/sell-old-mobile-phone/used-vivo-y36-2-gb-64-gb"
"vivo","vivo Y36","Y Series","2 GB","128 GB",3500,3605,"https://www.cashify.in/sell-old-mobile-phone/used-vivo-y36-2-gb-128-gb"
"vivo","vivo Y36","Y Series","2 GB","256 GB",7000,7210,"https://www.cashify.in/sell-old-mobile-phone/used-vivo-y36-2-gb-256-gb"
"vivo","vivo Y36","Y Series","4 GB","32 GB",8200,8446,"https://www.cashify.in/sell-old-mobile-phone/used-vivo-y36-4-gb-32-gb"
"vivo","vivo Y36","Y Series","4 GB","64 GB",8200,8446,"https://www.cashify.in/sell-old-mobile-phone/used-vivo-y36-4-gb-64-gb"
"vivo","vivo Y36","Y Series","4 GB","128 GB",4700,4841,"https://www.cashify.in/sell-old-mobile-phone/used-vivo-y36-4-gb-128-gb"
"vivo","vivo Y36","Y Series","4 GB","256 GB",8200,8446,"https://www.cashify.in/sell-old-mobile-phone/used-vivo-y36-4-gb-256-gb"
"vivo","vivo Y36","Y Series","6 GB","32 GB",9400,9682,"https://www.cashify.in/sell-old-mobile-phone/used-vivo-y36-6-gb-32-gb"
"vivo","vivo Y36","Y Series","6 GB","64 GB",9400,9682,"https://www.cashify.in/sell-old-mobile-phone/used-vivo-y36-6-gb-64-gb"
"vivo","vivo Y36","Y Series","6 GB","128 GB",5900,6077,"https://www.cashify.in/sell-old-mobile-phone/used-vivo-y36-6-gb-128-gb"
"vivo","vivo Y36","Y Series","6 GB","256 GB",9400,9682,"https://www.cashify.in/sell-old-mobile-phone/used-vivo-y36-6-gb-256-gb"
"vivo","vivo Y36","Y Series","8 GB","32 GB",10600,10918,"https://www.cashify.in/sell-old-mobile-phone/used-vivo-y36-8-gb-32-gb"
"vivo","vivo Y36","Y Series","8 GB","64 GB",10600,10918,"https://www.cashify.in/sell-old-mobile-phone/used-vivo-y36-8-gb-64-gb"
"vivo","vivo Y36","Y Series","8 GB","128 GB",7100,7313,"https://www.cashify.in/sell-old-mobile-phone/used-vivo-y36-8-gb-128-gb"
"vivo","vivo Y36","Y Series","8 GB","256 GB",10600,10918,"https://www.cashify.in/sell-old-mobile-phone/used-vivo-y36-8-gb-256-gb"
"vivo","vivo Y56","Y Series","2 GB","32 GB",7000,7210,"https://www.cashify.in/sell-old-mobile-phone/used-vivo-y56-2-gb-32-gb"
"vivo","vivo Y56","Y Series","2 GB","64 GB",7000,7210,"https://www.cashify.in/sell-old-mobile-phone/used-vivo-y56-2-gb-64-gb"
"vivo","vivo Y56","Y Series","2 GB","128 GB",3500,3605,"https://www.cashify.in/sell-old-mobile-phone/used-vivo-y56-2-gb-128-gb"
"vivo","vivo Y56","Y Series","2 GB","256 GB",7000,7210,"https://www.cashify.in/sell-old-mobile-phone/used-vivo-y56-2-gb-256-gb"
"vivo","vivo Y56","Y Series","4 GB","32 GB",8200,8446,"https://www.cashify.in/sell-old-mobile-phone/used-vivo-y56-4-gb-32-gb"
"vivo","vivo Y56","Y Series","4 GB","64 GB",8200,8446,"https://www.cashify.in/sell-old-mobile-phone/used-vivo-y56-4-gb-64-gb"
"vivo","vivo Y56","Y Series","4 GB","128 GB",4700,4841,"https://www.cashify.in/sell-old-mobile-phone/used-vivo-y56-4-gb-128-gb"
"vivo","vivo Y56","Y Series","4 GB","256 GB",8200,8446,"https://www.cashify.in/sell-old-mobile-phone/used-vivo-y56-4-gb-256-gb"
"vivo","vivo Y56","Y Series","6 GB","32 GB",9400,9682,"https://www.cashify.in/sell-old-mobile-phone/used-vivo-y56-6-gb-32-gb"
"vivo","vivo Y56","Y Series","6 GB","64 GB",9400,9682,"https://www.cashify.in/sell-old-mobile-phone/used-vivo-y56-6-gb-64-gb"
"vivo","vivo Y56","Y Series","6 GB","128 GB",5900,6077,"https://www.cashify.in/sell-old-mobile-phone/used-vivo-y56-6-gb-128-gb"
"vivo","vivo Y56","Y Series","6 GB","256 GB",9400,9682,"https://www.cashify.in/sell-old-mobile-phone/used-vivo-y56-6-gb-256-gb"
"vivo","vivo Y56","Y Series","8 GB","32 GB",10600,10918,"https://www.cashify.in/sell-old-mobile-phone/used-vivo-y56-8-gb-32-gb"
"vivo","vivo Y56","Y Series","8 GB","64 GB",10600,10918,"https://www.cashify.in/sell-old-mobile-phone/used-vivo-y56-8-gb-64-gb"
"vivo","vivo Y56","Y Series","8 GB","128 GB",7100,7313,"https://www.cashify.in/sell-old-mobile-phone/used-vivo-y56-8-gb-128-gb"
"vivo","vivo Y56","Y Series","8 GB","256 GB",10600,10918,"https://www.cashify.in/sell-old-mobile-phone/used-vivo-y56-8-gb-256-gb"
"vivo","vivo Y73","Y Series","2 GB","32 GB",5000,5150,"https://www.cashify.in/sell-old-mobile-phone/used-vivo-y73-2-gb-32-gb"
"vivo","vivo Y73","Y Series","2 GB","64 GB",5000,5150,"https://www.cashify.in/sell-old-mobile-phone/used-vivo-y73-2-gb-64-gb"
"vivo","vivo Y73","Y Series","2 GB","128 GB",3500,3605,"https://www.cashify.in/sell-old-mobile-phone/used-vivo-y73-2-gb-128-gb"
"vivo","vivo Y73","Y Series","2 GB","256 GB",5000,5150,"https://www.cashify.in/sell-old-mobile-phone/used-vivo-y73-2-gb-256-gb"
"vivo","vivo Y73","Y Series","4 GB","32 GB",6200,6386,"https://www.cashify.in/sell-old-mobile-phone/used-vivo-y73-4-gb-32-gb"
"vivo","vivo Y73","Y Series","4 GB","64 GB",6200,6386,"https://www.cashify.in/sell-old-mobile-phone/used-vivo-y73-4-gb-64-gb"
"vivo","vivo Y73","Y Series","4 GB","128 GB",4700,4841,"https://www.cashify.in/sell-old-mobile-phone/used-vivo-y73-4-gb-128-gb"
"vivo","vivo Y73","Y Series","4 GB","256 GB",6200,6386,"https://www.cashify.in/sell-old-mobile-phone/used-vivo-y73-4-gb-256-gb"
"vivo","vivo Y73","Y Series","6 GB","32 GB",7400,7622,"https://www.cashify.in/sell-old-mobile-phone/used-vivo-y73-6-gb-32-gb"
"vivo","vivo Y73","Y Series","6 GB","64 GB",7400,7622,"https://www.cashify.in/sell-old-mobile-phone/used-vivo-y73-6-gb-64-gb"
"vivo","vivo Y73","Y Series","6 GB","128 GB",5900,6077,"https://www.cashify.in/sell-old-mobile-phone/used-vivo-y73-6-gb-128-gb"
"vivo","vivo Y73","Y Series","6 GB","256 GB",7400,7622,"https://www.cashify.in/sell-old-mobile-phone/used-vivo-y73-6-gb-256-gb"
"vivo","vivo Y73","Y Series","8 GB","32 GB",8600,8858,"https://www.cashify.in/sell-old-mobile-phone/used-vivo-y73-8-gb-32-gb"
"vivo","vivo Y73","Y Series","8 GB","64 GB",8600,8858,"https://www.cashify.in/sell-old-mobile-phone/used-vivo-y73-8-gb-64-gb"
"vivo","vivo Y73","Y Series","8 GB","128 GB",7100,7313,"https://www.cashify.in/sell-old-mobile-phone/used-vivo-y73-8-gb-128-gb"
"vivo","vivo Y73","Y Series","8 GB","256 GB",8600,8858,"https://www.cashify.in/sell-old-mobile-phone/used-vivo-y73-8-gb-256-gb"
"vivo","vivo Y11 5G","Y Series","2 GB","32 GB",7000,7210,"https://www.cashify.in/sell-old-mobile-phone/used-vivo-y11-5g-2-gb-32-gb"
"vivo","vivo Y11 5G","Y Series","2 GB","64 GB",7000,7210,"https://www.cashify.in/sell-old-mobile-phone/used-vivo-y11-5g-2-gb-64-gb"
"vivo","vivo Y11 5G","Y Series","2 GB","128 GB",3500,3605,"https://www.cashify.in/sell-old-mobile-phone/used-vivo-y11-5g-2-gb-128-gb"
"vivo","vivo Y11 5G","Y Series","2 GB","256 GB",7000,7210,"https://www.cashify.in/sell-old-mobile-phone/used-vivo-y11-5g-2-gb-256-gb"
"vivo","vivo Y11 5G","Y Series","4 GB","32 GB",8200,8446,"https://www.cashify.in/sell-old-mobile-phone/used-vivo-y11-5g-4-gb-32-gb"
"vivo","vivo Y11 5G","Y Series","4 GB","64 GB",8200,8446,"https://www.cashify.in/sell-old-mobile-phone/used-vivo-y11-5g-4-gb-64-gb"
"vivo","vivo Y11 5G","Y Series","4 GB","128 GB",4700,4841,"https://www.cashify.in/sell-old-mobile-phone/used-vivo-y11-5g-4-gb-128-gb"
"vivo","vivo Y11 5G","Y Series","4 GB","256 GB",8200,8446,"https://www.cashify.in/sell-old-mobile-phone/used-vivo-y11-5g-4-gb-256-gb"
"vivo","vivo Y11 5G","Y Series","6 GB","32 GB",9400,9682,"https://www.cashify.in/sell-old-mobile-phone/used-vivo-y11-5g-6-gb-32-gb"
"vivo","vivo Y11 5G","Y Series","6 GB","64 GB",9400,9682,"https://www.cashify.in/sell-old-mobile-phone/used-vivo-y11-5g-6-gb-64-gb"
"vivo","vivo Y11 5G","Y Series","6 GB","128 GB",5900,6077,"https://www.cashify.in/sell-old-mobile-phone/used-vivo-y11-5g-6-gb-128-gb"
"vivo","vivo Y11 5G","Y Series","6 GB","256 GB",9400,9682,"https://www.cashify.in/sell-old-mobile-phone/used-vivo-y11-5g-6-gb-256-gb"
"vivo","vivo Y11 5G","Y Series","8 GB","32 GB",10600,10918,"https://www.cashify.in/sell-old-mobile-phone/used-vivo-y11-5g-8-gb-32-gb"
"vivo","vivo Y11 5G","Y Series","8 GB","64 GB",10600,10918,"https://www.cashify.in/sell-old-mobile-phone/used-vivo-y11-5g-8-gb-64-gb"
"vivo","vivo Y11 5G","Y Series","8 GB","128 GB",7100,7313,"https://www.cashify.in/sell-old-mobile-phone/used-vivo-y11-5g-8-gb-128-gb"
"vivo","vivo Y11 5G","Y Series","8 GB","256 GB",10600,10918,"https://www.cashify.in/sell-old-mobile-phone/used-vivo-y11-5g-8-gb-256-gb"
"vivo","vivo Y21 5G","Y Series","2 GB","32 GB",7000,7210,"https://www.cashify.in/sell-old-mobile-phone/used-vivo-y21-5g-2-gb-32-gb"
"vivo","vivo Y21 5G","Y Series","2 GB","64 GB",7000,7210,"https://www.cashify.in/sell-old-mobile-phone/used-vivo-y21-5g-2-gb-64-gb"
"vivo","vivo Y21 5G","Y Series","2 GB","128 GB",3500,3605,"https://www.cashify.in/sell-old-mobile-phone/used-vivo-y21-5g-2-gb-128-gb"
"vivo","vivo Y21 5G","Y Series","2 GB","256 GB",7000,7210,"https://www.cashify.in/sell-old-mobile-phone/used-vivo-y21-5g-2-gb-256-gb"
"vivo","vivo Y21 5G","Y Series","4 GB","32 GB",8200,8446,"https://www.cashify.in/sell-old-mobile-phone/used-vivo-y21-5g-4-gb-32-gb"
"vivo","vivo Y21 5G","Y Series","4 GB","64 GB",8200,8446,"https://www.cashify.in/sell-old-mobile-phone/used-vivo-y21-5g-4-gb-64-gb"
"vivo","vivo Y21 5G","Y Series","4 GB","128 GB",4700,4841,"https://www.cashify.in/sell-old-mobile-phone/used-vivo-y21-5g-4-gb-128-gb"
"vivo","vivo Y21 5G","Y Series","4 GB","256 GB",8200,8446,"https://www.cashify.in/sell-old-mobile-phone/used-vivo-y21-5g-4-gb-256-gb"
"vivo","vivo Y21 5G","Y Series","6 GB","32 GB",9400,9682,"https://www.cashify.in/sell-old-mobile-phone/used-vivo-y21-5g-6-gb-32-gb"
"vivo","vivo Y21 5G","Y Series","6 GB","64 GB",9400,9682,"https://www.cashify.in/sell-old-mobile-phone/used-vivo-y21-5g-6-gb-64-gb"
"vivo","vivo Y21 5G","Y Series","6 GB","128 GB",5900,6077,"https://www.cashify.in/sell-old-mobile-phone/used-vivo-y21-5g-6-gb-128-gb"
"vivo","vivo Y21 5G","Y Series","6 GB","256 GB",9400,9682,"https://www.cashify.in/sell-old-mobile-phone/used-vivo-y21-5g-6-gb-256-gb"
"vivo","vivo Y21 5G","Y Series","8 GB","32 GB",10600,10918,"https://www.cashify.in/sell-old-mobile-phone/used-vivo-y21-5g-8-gb-32-gb"
"vivo","vivo Y21 5G","Y Series","8 GB","64 GB",10600,10918,"https://www.cashify.in/sell-old-mobile-phone/used-vivo-y21-5g-8-gb-64-gb"
"vivo","vivo Y21 5G","Y Series","8 GB","128 GB",7100,7313,"https://www.cashify.in/sell-old-mobile-phone/used-vivo-y21-5g-8-gb-128-gb"
"vivo","vivo Y21 5G","Y Series","8 GB","256 GB",10600,10918,"https://www.cashify.in/sell-old-mobile-phone/used-vivo-y21-5g-8-gb-256-gb"
"vivo","vivo Y31 5G","Y Series","2 GB","32 GB",7000,7210,"https://www.cashify.in/sell-old-mobile-phone/used-vivo-y31-5g-2-gb-32-gb"
"vivo","vivo Y31 5G","Y Series","2 GB","64 GB",7000,7210,"https://www.cashify.in/sell-old-mobile-phone/used-vivo-y31-5g-2-gb-64-gb"
"vivo","vivo Y31 5G","Y Series","2 GB","128 GB",3500,3605,"https://www.cashify.in/sell-old-mobile-phone/used-vivo-y31-5g-2-gb-128-gb"
"vivo","vivo Y31 5G","Y Series","2 GB","256 GB",7000,7210,"https://www.cashify.in/sell-old-mobile-phone/used-vivo-y31-5g-2-gb-256-gb"
"vivo","vivo Y31 5G","Y Series","4 GB","32 GB",8200,8446,"https://www.cashify.in/sell-old-mobile-phone/used-vivo-y31-5g-4-gb-32-gb"
"vivo","vivo Y31 5G","Y Series","4 GB","64 GB",8200,8446,"https://www.cashify.in/sell-old-mobile-phone/used-vivo-y31-5g-4-gb-64-gb"
"vivo","vivo Y31 5G","Y Series","4 GB","128 GB",4700,4841,"https://www.cashify.in/sell-old-mobile-phone/used-vivo-y31-5g-4-gb-128-gb"
"vivo","vivo Y31 5G","Y Series","4 GB","256 GB",8200,8446,"https://www.cashify.in/sell-old-mobile-phone/used-vivo-y31-5g-4-gb-256-gb"
"vivo","vivo Y31 5G","Y Series","6 GB","32 GB",9400,9682,"https://www.cashify.in/sell-old-mobile-phone/used-vivo-y31-5g-6-gb-32-gb"
"vivo","vivo Y31 5G","Y Series","6 GB","64 GB",9400,9682,"https://www.cashify.in/sell-old-mobile-phone/used-vivo-y31-5g-6-gb-64-gb"
"vivo","vivo Y31 5G","Y Series","6 GB","128 GB",5900,6077,"https://www.cashify.in/sell-old-mobile-phone/used-vivo-y31-5g-6-gb-128-gb"
"vivo","vivo Y31 5G","Y Series","6 GB","256 GB",9400,9682,"https://www.cashify.in/sell-old-mobile-phone/used-vivo-y31-5g-6-gb-256-gb"
"vivo","vivo Y31 5G","Y Series","8 GB","32 GB",10600,10918,"https://www.cashify.in/sell-old-mobile-phone/used-vivo-y31-5g-8-gb-32-gb"
"vivo","vivo Y31 5G","Y Series","8 GB","64 GB",10600,10918,"https://www.cashify.in/sell-old-mobile-phone/used-vivo-y31-5g-8-gb-64-gb"
"vivo","vivo Y31 5G","Y Series","8 GB","128 GB",7100,7313,"https://www.cashify.in/sell-old-mobile-phone/used-vivo-y31-5g-8-gb-128-gb"
"vivo","vivo Y31 5G","Y Series","8 GB","256 GB",10600,10918,"https://www.cashify.in/sell-old-mobile-phone/used-vivo-y31-5g-8-gb-256-gb"
"vivo","vivo Y31 Pro","Y Series","2 GB","32 GB",12500,12875,"https://www.cashify.in/sell-old-mobile-phone/used-vivo-y31-pro-2-gb-32-gb"
"vivo","vivo Y31 Pro","Y Series","2 GB","64 GB",12500,12875,"https://www.cashify.in/sell-old-mobile-phone/used-vivo-y31-pro-2-gb-64-gb"
"vivo","vivo Y31 Pro","Y Series","2 GB","128 GB",6500,6695,"https://www.cashify.in/sell-old-mobile-phone/used-vivo-y31-pro-2-gb-128-gb"
"vivo","vivo Y31 Pro","Y Series","2 GB","256 GB",12500,12875,"https://www.cashify.in/sell-old-mobile-phone/used-vivo-y31-pro-2-gb-256-gb"
"vivo","vivo Y31 Pro","Y Series","4 GB","32 GB",13700,14111,"https://www.cashify.in/sell-old-mobile-phone/used-vivo-y31-pro-4-gb-32-gb"
"vivo","vivo Y31 Pro","Y Series","4 GB","64 GB",13700,14111,"https://www.cashify.in/sell-old-mobile-phone/used-vivo-y31-pro-4-gb-64-gb"
"vivo","vivo Y31 Pro","Y Series","4 GB","128 GB",7700,7931,"https://www.cashify.in/sell-old-mobile-phone/used-vivo-y31-pro-4-gb-128-gb"
"vivo","vivo Y31 Pro","Y Series","4 GB","256 GB",13700,14111,"https://www.cashify.in/sell-old-mobile-phone/used-vivo-y31-pro-4-gb-256-gb"
"vivo","vivo Y31 Pro","Y Series","6 GB","32 GB",14900,15347,"https://www.cashify.in/sell-old-mobile-phone/used-vivo-y31-pro-6-gb-32-gb"
"vivo","vivo Y31 Pro","Y Series","6 GB","64 GB",14900,15347,"https://www.cashify.in/sell-old-mobile-phone/used-vivo-y31-pro-6-gb-64-gb"
"vivo","vivo Y31 Pro","Y Series","6 GB","128 GB",8900,9167,"https://www.cashify.in/sell-old-mobile-phone/used-vivo-y31-pro-6-gb-128-gb"
"vivo","vivo Y31 Pro","Y Series","6 GB","256 GB",14900,15347,"https://www.cashify.in/sell-old-mobile-phone/used-vivo-y31-pro-6-gb-256-gb"
"vivo","vivo Y31 Pro","Y Series","8 GB","32 GB",16100,16583,"https://www.cashify.in/sell-old-mobile-phone/used-vivo-y31-pro-8-gb-32-gb"
"vivo","vivo Y31 Pro","Y Series","8 GB","64 GB",16100,16583,"https://www.cashify.in/sell-old-mobile-phone/used-vivo-y31-pro-8-gb-64-gb"
"vivo","vivo Y31 Pro","Y Series","8 GB","128 GB",10100,10403,"https://www.cashify.in/sell-old-mobile-phone/used-vivo-y31-pro-8-gb-128-gb"
"vivo","vivo Y31 Pro","Y Series","8 GB","256 GB",16100,16583,"https://www.cashify.in/sell-old-mobile-phone/used-vivo-y31-pro-8-gb-256-gb"
"vivo","vivo Y51 Pro","Y Series","2 GB","32 GB",12500,12875,"https://www.cashify.in/sell-old-mobile-phone/used-vivo-y51-pro-2-gb-32-gb"
"vivo","vivo Y51 Pro","Y Series","2 GB","64 GB",12500,12875,"https://www.cashify.in/sell-old-mobile-phone/used-vivo-y51-pro-2-gb-64-gb"
"vivo","vivo Y51 Pro","Y Series","2 GB","128 GB",6500,6695,"https://www.cashify.in/sell-old-mobile-phone/used-vivo-y51-pro-2-gb-128-gb"
"vivo","vivo Y51 Pro","Y Series","2 GB","256 GB",12500,12875,"https://www.cashify.in/sell-old-mobile-phone/used-vivo-y51-pro-2-gb-256-gb"
"vivo","vivo Y51 Pro","Y Series","4 GB","32 GB",13700,14111,"https://www.cashify.in/sell-old-mobile-phone/used-vivo-y51-pro-4-gb-32-gb"
"vivo","vivo Y51 Pro","Y Series","4 GB","64 GB",13700,14111,"https://www.cashify.in/sell-old-mobile-phone/used-vivo-y51-pro-4-gb-64-gb"
"vivo","vivo Y51 Pro","Y Series","4 GB","128 GB",7700,7931,"https://www.cashify.in/sell-old-mobile-phone/used-vivo-y51-pro-4-gb-128-gb"
"vivo","vivo Y51 Pro","Y Series","4 GB","256 GB",13700,14111,"https://www.cashify.in/sell-old-mobile-phone/used-vivo-y51-pro-4-gb-256-gb"
"vivo","vivo Y51 Pro","Y Series","6 GB","32 GB",14900,15347,"https://www.cashify.in/sell-old-mobile-phone/used-vivo-y51-pro-6-gb-32-gb"
"vivo","vivo Y51 Pro","Y Series","6 GB","64 GB",14900,15347,"https://www.cashify.in/sell-old-mobile-phone/used-vivo-y51-pro-6-gb-64-gb"
"vivo","vivo Y51 Pro","Y Series","6 GB","128 GB",8900,9167,"https://www.cashify.in/sell-old-mobile-phone/used-vivo-y51-pro-6-gb-128-gb"
"vivo","vivo Y51 Pro","Y Series","6 GB","256 GB",14900,15347,"https://www.cashify.in/sell-old-mobile-phone/used-vivo-y51-pro-6-gb-256-gb"
"vivo","vivo Y51 Pro","Y Series","8 GB","32 GB",16100,16583,"https://www.cashify.in/sell-old-mobile-phone/used-vivo-y51-pro-8-gb-32-gb"
"vivo","vivo Y51 Pro","Y Series","8 GB","64 GB",16100,16583,"https://www.cashify.in/sell-old-mobile-phone/used-vivo-y51-pro-8-gb-64-gb"
"vivo","vivo Y51 Pro","Y Series","8 GB","128 GB",10100,10403,"https://www.cashify.in/sell-old-mobile-phone/used-vivo-y51-pro-8-gb-128-gb"
"vivo","vivo Y51 Pro","Y Series","8 GB","256 GB",16100,16583,"https://www.cashify.in/sell-old-mobile-phone/used-vivo-y51-pro-8-gb-256-gb"
"OnePlus","OnePlus 12","Numbered Series","8 GB","128 GB",56000,57680,"https://www.cashify.in/sell-old-mobile-phone/used-oneplus-12-8-gb-128-gb"
"OnePlus","OnePlus 12","Numbered Series","8 GB","256 GB",62000,63860,"https://www.cashify.in/sell-old-mobile-phone/used-oneplus-12-8-gb-256-gb"
"OnePlus","OnePlus 12","Numbered Series","8 GB","512 GB",67500,69525,"https://www.cashify.in/sell-old-mobile-phone/used-oneplus-12-8-gb-512-gb"
"OnePlus","OnePlus 12","Numbered Series","8 GB","1024 GB",72500,74675,"https://www.cashify.in/sell-old-mobile-phone/used-oneplus-12-8-gb-1024-gb"
"OnePlus","OnePlus 12","Numbered Series","12 GB","128 GB",58400,60152,"https://www.cashify.in/sell-old-mobile-phone/used-oneplus-12-12-gb-128-gb"
"OnePlus","OnePlus 12","Numbered Series","12 GB","256 GB",64400,66332,"https://www.cashify.in/sell-old-mobile-phone/used-oneplus-12-12-gb-256-gb"
"OnePlus","OnePlus 12","Numbered Series","12 GB","512 GB",69900,71997,"https://www.cashify.in/sell-old-mobile-phone/used-oneplus-12-12-gb-512-gb"
"OnePlus","OnePlus 12","Numbered Series","12 GB","1024 GB",74900,77147,"https://www.cashify.in/sell-old-mobile-phone/used-oneplus-12-12-gb-1024-gb"
"OnePlus","OnePlus 12","Numbered Series","16 GB","128 GB",60800,62624,"https://www.cashify.in/sell-old-mobile-phone/used-oneplus-12-16-gb-128-gb"
"OnePlus","OnePlus 12","Numbered Series","16 GB","256 GB",66800,68804,"https://www.cashify.in/sell-old-mobile-phone/used-oneplus-12-16-gb-256-gb"
"OnePlus","OnePlus 12","Numbered Series","16 GB","512 GB",72300,74469,"https://www.cashify.in/sell-old-mobile-phone/used-oneplus-12-16-gb-512-gb"
"OnePlus","OnePlus 12","Numbered Series","16 GB","1024 GB",77300,79619,"https://www.cashify.in/sell-old-mobile-phone/used-oneplus-12-16-gb-1024-gb"
"OnePlus","OnePlus 12R","Numbered Series","8 GB","128 GB",34000,35020,"https://www.cashify.in/sell-old-mobile-phone/used-oneplus-12r-8-gb-128-gb"
"OnePlus","OnePlus 12R","Numbered Series","8 GB","256 GB",40000,41200,"https://www.cashify.in/sell-old-mobile-phone/used-oneplus-12r-8-gb-256-gb"
"OnePlus","OnePlus 12R","Numbered Series","8 GB","512 GB",45500,46865,"https://www.cashify.in/sell-old-mobile-phone/used-oneplus-12r-8-gb-512-gb"
"OnePlus","OnePlus 12R","Numbered Series","8 GB","1024 GB",50500,52015,"https://www.cashify.in/sell-old-mobile-phone/used-oneplus-12r-8-gb-1024-gb"
"OnePlus","OnePlus 12R","Numbered Series","12 GB","128 GB",36400,37492,"https://www.cashify.in/sell-old-mobile-phone/used-oneplus-12r-12-gb-128-gb"
"OnePlus","OnePlus 12R","Numbered Series","12 GB","256 GB",42400,43672,"https://www.cashify.in/sell-old-mobile-phone/used-oneplus-12r-12-gb-256-gb"
"OnePlus","OnePlus 12R","Numbered Series","12 GB","512 GB",47900,49337,"https://www.cashify.in/sell-old-mobile-phone/used-oneplus-12r-12-gb-512-gb"
"OnePlus","OnePlus 12R","Numbered Series","12 GB","1024 GB",52900,54487,"https://www.cashify.in/sell-old-mobile-phone/used-oneplus-12r-12-gb-1024-gb"
"OnePlus","OnePlus 11","Numbered Series","8 GB","128 GB",27500,28325,"https://www.cashify.in/sell-old-mobile-phone/used-oneplus-11-8-gb-128-gb"
"OnePlus","OnePlus 11","Numbered Series","8 GB","256 GB",33500,34505,"https://www.cashify.in/sell-old-mobile-phone/used-oneplus-11-8-gb-256-gb"
"OnePlus","OnePlus 11","Numbered Series","8 GB","512 GB",39000,40170,"https://www.cashify.in/sell-old-mobile-phone/used-oneplus-11-8-gb-512-gb"
"OnePlus","OnePlus 11","Numbered Series","8 GB","1024 GB",44000,45320,"https://www.cashify.in/sell-old-mobile-phone/used-oneplus-11-8-gb-1024-gb"
"OnePlus","OnePlus 11","Numbered Series","12 GB","128 GB",29900,30797,"https://www.cashify.in/sell-old-mobile-phone/used-oneplus-11-12-gb-128-gb"
"OnePlus","OnePlus 11","Numbered Series","12 GB","256 GB",35900,36977,"https://www.cashify.in/sell-old-mobile-phone/used-oneplus-11-12-gb-256-gb"
"OnePlus","OnePlus 11","Numbered Series","12 GB","512 GB",41400,42642,"https://www.cashify.in/sell-old-mobile-phone/used-oneplus-11-12-gb-512-gb"
"OnePlus","OnePlus 11","Numbered Series","12 GB","1024 GB",46400,47792,"https://www.cashify.in/sell-old-mobile-phone/used-oneplus-11-12-gb-1024-gb"
"OnePlus","OnePlus 11R","Numbered Series","6 GB","128 GB",13000,13390,"https://www.cashify.in/sell-old-mobile-phone/used-oneplus-11r-6-gb-128-gb"
"OnePlus","OnePlus 11R","Numbered Series","6 GB","256 GB",19000,19570,"https://www.cashify.in/sell-old-mobile-phone/used-oneplus-11r-6-gb-256-gb"
"OnePlus","OnePlus 11R","Numbered Series","6 GB","512 GB",24500,25235,"https://www.cashify.in/sell-old-mobile-phone/used-oneplus-11r-6-gb-512-gb"
"OnePlus","OnePlus 11R","Numbered Series","8 GB","128 GB",14200,14626,"https://www.cashify.in/sell-old-mobile-phone/used-oneplus-11r-8-gb-128-gb"
"OnePlus","OnePlus 11R","Numbered Series","8 GB","256 GB",20200,20806,"https://www.cashify.in/sell-old-mobile-phone/used-oneplus-11r-8-gb-256-gb"
"OnePlus","OnePlus 11R","Numbered Series","8 GB","512 GB",25700,26471,"https://www.cashify.in/sell-old-mobile-phone/used-oneplus-11r-8-gb-512-gb"
"OnePlus","OnePlus 11R","Numbered Series","12 GB","128 GB",16600,17098,"https://www.cashify.in/sell-old-mobile-phone/used-oneplus-11r-12-gb-128-gb"
"OnePlus","OnePlus 11R","Numbered Series","12 GB","256 GB",22600,23278,"https://www.cashify.in/sell-old-mobile-phone/used-oneplus-11r-12-gb-256-gb"
"OnePlus","OnePlus 11R","Numbered Series","12 GB","512 GB",28100,28943,"https://www.cashify.in/sell-old-mobile-phone/used-oneplus-11r-12-gb-512-gb"
"OnePlus","OnePlus 10 Pro","Numbered Series","8 GB","128 GB",19500,20085,"https://www.cashify.in/sell-old-mobile-phone/used-oneplus-10-pro-8-gb-128-gb"
"OnePlus","OnePlus 10 Pro","Numbered Series","8 GB","256 GB",25500,26265,"https://www.cashify.in/sell-old-mobile-phone/used-oneplus-10-pro-8-gb-256-gb"
"OnePlus","OnePlus 10 Pro","Numbered Series","8 GB","512 GB",30500,31415,"https://www.cashify.in/sell-old-mobile-phone/used-oneplus-10-pro-8-gb-512-gb"
"OnePlus","OnePlus 10 Pro","Numbered Series","8 GB","1024 GB",35500,36565,"https://www.cashify.in/sell-old-mobile-phone/used-oneplus-10-pro-8-gb-1024-gb"
"OnePlus","OnePlus 10 Pro","Numbered Series","12 GB","128 GB",21900,22557,"https://www.cashify.in/sell-old-mobile-phone/used-oneplus-10-pro-12-gb-128-gb"
"OnePlus","OnePlus 10 Pro","Numbered Series","12 GB","256 GB",27900,28737,"https://www.cashify.in/sell-old-mobile-phone/used-oneplus-10-pro-12-gb-256-gb"
"OnePlus","OnePlus 10 Pro","Numbered Series","12 GB","512 GB",32900,33887,"https://www.cashify.in/sell-old-mobile-phone/used-oneplus-10-pro-12-gb-512-gb"
"OnePlus","OnePlus 10 Pro","Numbered Series","12 GB","1024 GB",37900,39037,"https://www.cashify.in/sell-old-mobile-phone/used-oneplus-10-pro-12-gb-1024-gb"
"OnePlus","OnePlus 10T","Numbered Series","6 GB","128 GB",9000,9270,"https://www.cashify.in/sell-old-mobile-phone/used-oneplus-10t-6-gb-128-gb"
"OnePlus","OnePlus 10T","Numbered Series","6 GB","256 GB",15000,15450,"https://www.cashify.in/sell-old-mobile-phone/used-oneplus-10t-6-gb-256-gb"
"OnePlus","OnePlus 10T","Numbered Series","6 GB","512 GB",20500,21115,"https://www.cashify.in/sell-old-mobile-phone/used-oneplus-10t-6-gb-512-gb"
"OnePlus","OnePlus 10T","Numbered Series","8 GB","128 GB",10200,10506,"https://www.cashify.in/sell-old-mobile-phone/used-oneplus-10t-8-gb-128-gb"
"OnePlus","OnePlus 10T","Numbered Series","8 GB","256 GB",16200,16686,"https://www.cashify.in/sell-old-mobile-phone/used-oneplus-10t-8-gb-256-gb"
"OnePlus","OnePlus 10T","Numbered Series","8 GB","512 GB",21700,22351,"https://www.cashify.in/sell-old-mobile-phone/used-oneplus-10t-8-gb-512-gb"
"OnePlus","OnePlus 10T","Numbered Series","12 GB","128 GB",12600,12978,"https://www.cashify.in/sell-old-mobile-phone/used-oneplus-10t-12-gb-128-gb"
"OnePlus","OnePlus 10T","Numbered Series","12 GB","256 GB",18600,19158,"https://www.cashify.in/sell-old-mobile-phone/used-oneplus-10t-12-gb-256-gb"
"OnePlus","OnePlus 10T","Numbered Series","12 GB","512 GB",24100,24823,"https://www.cashify.in/sell-old-mobile-phone/used-oneplus-10t-12-gb-512-gb"
"OnePlus","OnePlus 10R","Numbered Series","6 GB","128 GB",9000,9270,"https://www.cashify.in/sell-old-mobile-phone/used-oneplus-10r-6-gb-128-gb"
"OnePlus","OnePlus 10R","Numbered Series","6 GB","256 GB",15000,15450,"https://www.cashify.in/sell-old-mobile-phone/used-oneplus-10r-6-gb-256-gb"
"OnePlus","OnePlus 10R","Numbered Series","6 GB","512 GB",20500,21115,"https://www.cashify.in/sell-old-mobile-phone/used-oneplus-10r-6-gb-512-gb"
"OnePlus","OnePlus 10R","Numbered Series","8 GB","128 GB",10200,10506,"https://www.cashify.in/sell-old-mobile-phone/used-oneplus-10r-8-gb-128-gb"
"OnePlus","OnePlus 10R","Numbered Series","8 GB","256 GB",16200,16686,"https://www.cashify.in/sell-old-mobile-phone/used-oneplus-10r-8-gb-256-gb"
"OnePlus","OnePlus 10R","Numbered Series","8 GB","512 GB",21700,22351,"https://www.cashify.in/sell-old-mobile-phone/used-oneplus-10r-8-gb-512-gb"
"OnePlus","OnePlus 10R","Numbered Series","12 GB","128 GB",12600,12978,"https://www.cashify.in/sell-old-mobile-phone/used-oneplus-10r-12-gb-128-gb"
"OnePlus","OnePlus 10R","Numbered Series","12 GB","256 GB",18600,19158,"https://www.cashify.in/sell-old-mobile-phone/used-oneplus-10r-12-gb-256-gb"
"OnePlus","OnePlus 10R","Numbered Series","12 GB","512 GB",24100,24823,"https://www.cashify.in/sell-old-mobile-phone/used-oneplus-10r-12-gb-512-gb"
"OnePlus","OnePlus Nord 4","Nord Series","6 GB","128 GB",16000,16480,"https://www.cashify.in/sell-old-mobile-phone/used-oneplus-nord-4-6-gb-128-gb"
"OnePlus","OnePlus Nord 4","Nord Series","6 GB","256 GB",22000,22660,"https://www.cashify.in/sell-old-mobile-phone/used-oneplus-nord-4-6-gb-256-gb"
"OnePlus","OnePlus Nord 4","Nord Series","6 GB","512 GB",27500,28325,"https://www.cashify.in/sell-old-mobile-phone/used-oneplus-nord-4-6-gb-512-gb"
"OnePlus","OnePlus Nord 4","Nord Series","8 GB","128 GB",17200,17716,"https://www.cashify.in/sell-old-mobile-phone/used-oneplus-nord-4-8-gb-128-gb"
"OnePlus","OnePlus Nord 4","Nord Series","8 GB","256 GB",23200,23896,"https://www.cashify.in/sell-old-mobile-phone/used-oneplus-nord-4-8-gb-256-gb"
"OnePlus","OnePlus Nord 4","Nord Series","8 GB","512 GB",28700,29561,"https://www.cashify.in/sell-old-mobile-phone/used-oneplus-nord-4-8-gb-512-gb"
"OnePlus","OnePlus Nord 4","Nord Series","12 GB","128 GB",19600,20188,"https://www.cashify.in/sell-old-mobile-phone/used-oneplus-nord-4-12-gb-128-gb"
"OnePlus","OnePlus Nord 4","Nord Series","12 GB","256 GB",25600,26368,"https://www.cashify.in/sell-old-mobile-phone/used-oneplus-nord-4-12-gb-256-gb"
"OnePlus","OnePlus Nord 4","Nord Series","12 GB","512 GB",31100,32033,"https://www.cashify.in/sell-old-mobile-phone/used-oneplus-nord-4-12-gb-512-gb"
"OnePlus","OnePlus Nord 3","Nord Series","2 GB","32 GB",12000,12360,"https://www.cashify.in/sell-old-mobile-phone/used-oneplus-nord-3-2-gb-32-gb"
"OnePlus","OnePlus Nord 3","Nord Series","2 GB","64 GB",12000,12360,"https://www.cashify.in/sell-old-mobile-phone/used-oneplus-nord-3-2-gb-64-gb"
"OnePlus","OnePlus Nord 3","Nord Series","2 GB","128 GB",6000,6180,"https://www.cashify.in/sell-old-mobile-phone/used-oneplus-nord-3-2-gb-128-gb"
"OnePlus","OnePlus Nord 3","Nord Series","2 GB","256 GB",12000,12360,"https://www.cashify.in/sell-old-mobile-phone/used-oneplus-nord-3-2-gb-256-gb"
"OnePlus","OnePlus Nord 3","Nord Series","4 GB","32 GB",13200,13596,"https://www.cashify.in/sell-old-mobile-phone/used-oneplus-nord-3-4-gb-32-gb"
"OnePlus","OnePlus Nord 3","Nord Series","4 GB","64 GB",13200,13596,"https://www.cashify.in/sell-old-mobile-phone/used-oneplus-nord-3-4-gb-64-gb"
"OnePlus","OnePlus Nord 3","Nord Series","4 GB","128 GB",7200,7416,"https://www.cashify.in/sell-old-mobile-phone/used-oneplus-nord-3-4-gb-128-gb"
"OnePlus","OnePlus Nord 3","Nord Series","4 GB","256 GB",13200,13596,"https://www.cashify.in/sell-old-mobile-phone/used-oneplus-nord-3-4-gb-256-gb"
"OnePlus","OnePlus Nord 3","Nord Series","6 GB","32 GB",14400,14832,"https://www.cashify.in/sell-old-mobile-phone/used-oneplus-nord-3-6-gb-32-gb"
"OnePlus","OnePlus Nord 3","Nord Series","6 GB","64 GB",14400,14832,"https://www.cashify.in/sell-old-mobile-phone/used-oneplus-nord-3-6-gb-64-gb"
"OnePlus","OnePlus Nord 3","Nord Series","6 GB","128 GB",8400,8652,"https://www.cashify.in/sell-old-mobile-phone/used-oneplus-nord-3-6-gb-128-gb"
"OnePlus","OnePlus Nord 3","Nord Series","6 GB","256 GB",14400,14832,"https://www.cashify.in/sell-old-mobile-phone/used-oneplus-nord-3-6-gb-256-gb"
"OnePlus","OnePlus Nord 3","Nord Series","8 GB","32 GB",15600,16068,"https://www.cashify.in/sell-old-mobile-phone/used-oneplus-nord-3-8-gb-32-gb"
"OnePlus","OnePlus Nord 3","Nord Series","8 GB","64 GB",15600,16068,"https://www.cashify.in/sell-old-mobile-phone/used-oneplus-nord-3-8-gb-64-gb"
"OnePlus","OnePlus Nord 3","Nord Series","8 GB","128 GB",9600,9888,"https://www.cashify.in/sell-old-mobile-phone/used-oneplus-nord-3-8-gb-128-gb"
"OnePlus","OnePlus Nord 3","Nord Series","8 GB","256 GB",15600,16068,"https://www.cashify.in/sell-old-mobile-phone/used-oneplus-nord-3-8-gb-256-gb"
"OnePlus","OnePlus Nord CE 4","Nord Series","2 GB","32 GB",14000,14420,"https://www.cashify.in/sell-old-mobile-phone/used-oneplus-nord-ce-4-2-gb-32-gb"
"OnePlus","OnePlus Nord CE 4","Nord Series","2 GB","64 GB",14000,14420,"https://www.cashify.in/sell-old-mobile-phone/used-oneplus-nord-ce-4-2-gb-64-gb"
"OnePlus","OnePlus Nord CE 4","Nord Series","2 GB","128 GB",8000,8240,"https://www.cashify.in/sell-old-mobile-phone/used-oneplus-nord-ce-4-2-gb-128-gb"
"OnePlus","OnePlus Nord CE 4","Nord Series","2 GB","256 GB",14000,14420,"https://www.cashify.in/sell-old-mobile-phone/used-oneplus-nord-ce-4-2-gb-256-gb"
"OnePlus","OnePlus Nord CE 4","Nord Series","4 GB","32 GB",15200,15656,"https://www.cashify.in/sell-old-mobile-phone/used-oneplus-nord-ce-4-4-gb-32-gb"
"OnePlus","OnePlus Nord CE 4","Nord Series","4 GB","64 GB",15200,15656,"https://www.cashify.in/sell-old-mobile-phone/used-oneplus-nord-ce-4-4-gb-64-gb"
"OnePlus","OnePlus Nord CE 4","Nord Series","4 GB","128 GB",9200,9476,"https://www.cashify.in/sell-old-mobile-phone/used-oneplus-nord-ce-4-4-gb-128-gb"
"OnePlus","OnePlus Nord CE 4","Nord Series","4 GB","256 GB",15200,15656,"https://www.cashify.in/sell-old-mobile-phone/used-oneplus-nord-ce-4-4-gb-256-gb"
"OnePlus","OnePlus Nord CE 4","Nord Series","6 GB","32 GB",16400,16892,"https://www.cashify.in/sell-old-mobile-phone/used-oneplus-nord-ce-4-6-gb-32-gb"
"OnePlus","OnePlus Nord CE 4","Nord Series","6 GB","64 GB",16400,16892,"https://www.cashify.in/sell-old-mobile-phone/used-oneplus-nord-ce-4-6-gb-64-gb"
"OnePlus","OnePlus Nord CE 4","Nord Series","6 GB","128 GB",10400,10712,"https://www.cashify.in/sell-old-mobile-phone/used-oneplus-nord-ce-4-6-gb-128-gb"
"OnePlus","OnePlus Nord CE 4","Nord Series","6 GB","256 GB",16400,16892,"https://www.cashify.in/sell-old-mobile-phone/used-oneplus-nord-ce-4-6-gb-256-gb"
"OnePlus","OnePlus Nord CE 4","Nord Series","8 GB","32 GB",17600,18128,"https://www.cashify.in/sell-old-mobile-phone/used-oneplus-nord-ce-4-8-gb-32-gb"
"OnePlus","OnePlus Nord CE 4","Nord Series","8 GB","64 GB",17600,18128,"https://www.cashify.in/sell-old-mobile-phone/used-oneplus-nord-ce-4-8-gb-64-gb"
"OnePlus","OnePlus Nord CE 4","Nord Series","8 GB","128 GB",11600,11948,"https://www.cashify.in/sell-old-mobile-phone/used-oneplus-nord-ce-4-8-gb-128-gb"
"OnePlus","OnePlus Nord CE 4","Nord Series","8 GB","256 GB",17600,18128,"https://www.cashify.in/sell-old-mobile-phone/used-oneplus-nord-ce-4-8-gb-256-gb"
"Google","Pixel 8 Pro","Pixel 8 Series","8 GB","128 GB",48000,49440,"https://www.cashify.in/sell-old-mobile-phone/used-google-pixel-8-pro-8-gb-128-gb"
"Google","Pixel 8 Pro","Pixel 8 Series","8 GB","256 GB",54000,55620,"https://www.cashify.in/sell-old-mobile-phone/used-google-pixel-8-pro-8-gb-256-gb"
"Google","Pixel 8 Pro","Pixel 8 Series","8 GB","512 GB",59000,60770,"https://www.cashify.in/sell-old-mobile-phone/used-google-pixel-8-pro-8-gb-512-gb"
"Google","Pixel 8 Pro","Pixel 8 Series","8 GB","1024 GB",64000,65920,"https://www.cashify.in/sell-old-mobile-phone/used-google-pixel-8-pro-8-gb-1024-gb"
"Google","Pixel 8 Pro","Pixel 8 Series","12 GB","128 GB",50400,51912,"https://www.cashify.in/sell-old-mobile-phone/used-google-pixel-8-pro-12-gb-128-gb"
"Google","Pixel 8 Pro","Pixel 8 Series","12 GB","256 GB",56400,58092,"https://www.cashify.in/sell-old-mobile-phone/used-google-pixel-8-pro-12-gb-256-gb"
"Google","Pixel 8 Pro","Pixel 8 Series","12 GB","512 GB",61400,63242,"https://www.cashify.in/sell-old-mobile-phone/used-google-pixel-8-pro-12-gb-512-gb"
"Google","Pixel 8 Pro","Pixel 8 Series","12 GB","1024 GB",66400,68392,"https://www.cashify.in/sell-old-mobile-phone/used-google-pixel-8-pro-12-gb-1024-gb"
"Google","Pixel 8 Pro","Pixel 8 Series","16 GB","128 GB",52800,54384,"https://www.cashify.in/sell-old-mobile-phone/used-google-pixel-8-pro-16-gb-128-gb"
"Google","Pixel 8 Pro","Pixel 8 Series","16 GB","256 GB",58800,60564,"https://www.cashify.in/sell-old-mobile-phone/used-google-pixel-8-pro-16-gb-256-gb"
"Google","Pixel 8 Pro","Pixel 8 Series","16 GB","512 GB",63800,65714,"https://www.cashify.in/sell-old-mobile-phone/used-google-pixel-8-pro-16-gb-512-gb"
"Google","Pixel 8 Pro","Pixel 8 Series","16 GB","1024 GB",68800,70864,"https://www.cashify.in/sell-old-mobile-phone/used-google-pixel-8-pro-16-gb-1024-gb"
"Google","Pixel 8","Pixel 8 Series","8 GB","128 GB",25000,25750,"https://www.cashify.in/sell-old-mobile-phone/used-google-pixel-8-8-gb-128-gb"
"Google","Pixel 8","Pixel 8 Series","8 GB","256 GB",31000,31930,"https://www.cashify.in/sell-old-mobile-phone/used-google-pixel-8-8-gb-256-gb"
"Google","Pixel 8","Pixel 8 Series","8 GB","512 GB",36500,37595,"https://www.cashify.in/sell-old-mobile-phone/used-google-pixel-8-8-gb-512-gb"
"Google","Pixel 8","Pixel 8 Series","8 GB","1024 GB",41500,42745,"https://www.cashify.in/sell-old-mobile-phone/used-google-pixel-8-8-gb-1024-gb"
"Google","Pixel 8","Pixel 8 Series","12 GB","128 GB",27400,28222,"https://www.cashify.in/sell-old-mobile-phone/used-google-pixel-8-12-gb-128-gb"
"Google","Pixel 8","Pixel 8 Series","12 GB","256 GB",33400,34402,"https://www.cashify.in/sell-old-mobile-phone/used-google-pixel-8-12-gb-256-gb"
"Google","Pixel 8","Pixel 8 Series","12 GB","512 GB",38900,40067,"https://www.cashify.in/sell-old-mobile-phone/used-google-pixel-8-12-gb-512-gb"
"Google","Pixel 8","Pixel 8 Series","12 GB","1024 GB",43900,45217,"https://www.cashify.in/sell-old-mobile-phone/used-google-pixel-8-12-gb-1024-gb"
"Google","Pixel 8a","Pixel 8 Series","6 GB","128 GB",13000,13390,"https://www.cashify.in/sell-old-mobile-phone/used-google-pixel-8a-6-gb-128-gb"
"Google","Pixel 8a","Pixel 8 Series","6 GB","256 GB",19000,19570,"https://www.cashify.in/sell-old-mobile-phone/used-google-pixel-8a-6-gb-256-gb"
"Google","Pixel 8a","Pixel 8 Series","6 GB","512 GB",24500,25235,"https://www.cashify.in/sell-old-mobile-phone/used-google-pixel-8a-6-gb-512-gb"
"Google","Pixel 8a","Pixel 8 Series","8 GB","128 GB",14200,14626,"https://www.cashify.in/sell-old-mobile-phone/used-google-pixel-8a-8-gb-128-gb"
"Google","Pixel 8a","Pixel 8 Series","8 GB","256 GB",20200,20806,"https://www.cashify.in/sell-old-mobile-phone/used-google-pixel-8a-8-gb-256-gb"
"Google","Pixel 8a","Pixel 8 Series","8 GB","512 GB",25700,26471,"https://www.cashify.in/sell-old-mobile-phone/used-google-pixel-8a-8-gb-512-gb"
"Google","Pixel 8a","Pixel 8 Series","12 GB","128 GB",16600,17098,"https://www.cashify.in/sell-old-mobile-phone/used-google-pixel-8a-12-gb-128-gb"
"Google","Pixel 8a","Pixel 8 Series","12 GB","256 GB",22600,23278,"https://www.cashify.in/sell-old-mobile-phone/used-google-pixel-8a-12-gb-256-gb"
"Google","Pixel 8a","Pixel 8 Series","12 GB","512 GB",28100,28943,"https://www.cashify.in/sell-old-mobile-phone/used-google-pixel-8a-12-gb-512-gb"
"Google","Pixel 7 Pro","Pixel 7 Series","8 GB","128 GB",20500,21115,"https://www.cashify.in/sell-old-mobile-phone/used-google-pixel-7-pro-8-gb-128-gb"
"Google","Pixel 7 Pro","Pixel 7 Series","8 GB","256 GB",26500,27295,"https://www.cashify.in/sell-old-mobile-phone/used-google-pixel-7-pro-8-gb-256-gb"
"Google","Pixel 7 Pro","Pixel 7 Series","8 GB","512 GB",31500,32445,"https://www.cashify.in/sell-old-mobile-phone/used-google-pixel-7-pro-8-gb-512-gb"
"Google","Pixel 7 Pro","Pixel 7 Series","8 GB","1024 GB",36500,37595,"https://www.cashify.in/sell-old-mobile-phone/used-google-pixel-7-pro-8-gb-1024-gb"
"Google","Pixel 7 Pro","Pixel 7 Series","12 GB","128 GB",22900,23587,"https://www.cashify.in/sell-old-mobile-phone/used-google-pixel-7-pro-12-gb-128-gb"
"Google","Pixel 7 Pro","Pixel 7 Series","12 GB","256 GB",28900,29767,"https://www.cashify.in/sell-old-mobile-phone/used-google-pixel-7-pro-12-gb-256-gb"
"Google","Pixel 7 Pro","Pixel 7 Series","12 GB","512 GB",33900,34917,"https://www.cashify.in/sell-old-mobile-phone/used-google-pixel-7-pro-12-gb-512-gb"
"Google","Pixel 7 Pro","Pixel 7 Series","12 GB","1024 GB",38900,40067,"https://www.cashify.in/sell-old-mobile-phone/used-google-pixel-7-pro-12-gb-1024-gb"
"Google","Pixel 7","Pixel 7 Series","6 GB","128 GB",5500,5665,"https://www.cashify.in/sell-old-mobile-phone/used-google-pixel-7-6-gb-128-gb"
"Google","Pixel 7","Pixel 7 Series","6 GB","256 GB",11500,11845,"https://www.cashify.in/sell-old-mobile-phone/used-google-pixel-7-6-gb-256-gb"
"Google","Pixel 7","Pixel 7 Series","6 GB","512 GB",17000,17510,"https://www.cashify.in/sell-old-mobile-phone/used-google-pixel-7-6-gb-512-gb"
"Google","Pixel 7","Pixel 7 Series","8 GB","128 GB",6700,6901,"https://www.cashify.in/sell-old-mobile-phone/used-google-pixel-7-8-gb-128-gb"
"Google","Pixel 7","Pixel 7 Series","8 GB","256 GB",12700,13081,"https://www.cashify.in/sell-old-mobile-phone/used-google-pixel-7-8-gb-256-gb"
"Google","Pixel 7","Pixel 7 Series","8 GB","512 GB",18200,18746,"https://www.cashify.in/sell-old-mobile-phone/used-google-pixel-7-8-gb-512-gb"
"Google","Pixel 7","Pixel 7 Series","12 GB","128 GB",9100,9373,"https://www.cashify.in/sell-old-mobile-phone/used-google-pixel-7-12-gb-128-gb"
"Google","Pixel 7","Pixel 7 Series","12 GB","256 GB",15100,15553,"https://www.cashify.in/sell-old-mobile-phone/used-google-pixel-7-12-gb-256-gb"
"Google","Pixel 7","Pixel 7 Series","12 GB","512 GB",20600,21218,"https://www.cashify.in/sell-old-mobile-phone/used-google-pixel-7-12-gb-512-gb"
"Google","Pixel 7a","Pixel 7 Series","6 GB","128 GB",9500,9785,"https://www.cashify.in/sell-old-mobile-phone/used-google-pixel-7a-6-gb-128-gb"
"Google","Pixel 7a","Pixel 7 Series","6 GB","256 GB",15500,15965,"https://www.cashify.in/sell-old-mobile-phone/used-google-pixel-7a-6-gb-256-gb"
"Google","Pixel 7a","Pixel 7 Series","6 GB","512 GB",21000,21630,"https://www.cashify.in/sell-old-mobile-phone/used-google-pixel-7a-6-gb-512-gb"
"Google","Pixel 7a","Pixel 7 Series","8 GB","128 GB",10700,11021,"https://www.cashify.in/sell-old-mobile-phone/used-google-pixel-7a-8-gb-128-gb"
"Google","Pixel 7a","Pixel 7 Series","8 GB","256 GB",16700,17201,"https://www.cashify.in/sell-old-mobile-phone/used-google-pixel-7a-8-gb-256-gb"
"Google","Pixel 7a","Pixel 7 Series","8 GB","512 GB",22200,22866,"https://www.cashify.in/sell-old-mobile-phone/used-google-pixel-7a-8-gb-512-gb"
"Google","Pixel 7a","Pixel 7 Series","12 GB","128 GB",13100,13493,"https://www.cashify.in/sell-old-mobile-phone/used-google-pixel-7a-12-gb-128-gb"
"Google","Pixel 7a","Pixel 7 Series","12 GB","256 GB",19100,19673,"https://www.cashify.in/sell-old-mobile-phone/used-google-pixel-7a-12-gb-256-gb"
"Google","Pixel 7a","Pixel 7 Series","12 GB","512 GB",24600,25338,"https://www.cashify.in/sell-old-mobile-phone/used-google-pixel-7a-12-gb-512-gb"
"Google","Pixel 6 Pro","Pixel 6 Series","6 GB","128 GB",9500,9785,"https://www.cashify.in/sell-old-mobile-phone/used-google-pixel-6-pro-6-gb-128-gb"
"Google","Pixel 6 Pro","Pixel 6 Series","6 GB","256 GB",15500,15965,"https://www.cashify.in/sell-old-mobile-phone/used-google-pixel-6-pro-6-gb-256-gb"
"Google","Pixel 6 Pro","Pixel 6 Series","6 GB","512 GB",20500,21115,"https://www.cashify.in/sell-old-mobile-phone/used-google-pixel-6-pro-6-gb-512-gb"
"Google","Pixel 6 Pro","Pixel 6 Series","8 GB","128 GB",10700,11021,"https://www.cashify.in/sell-old-mobile-phone/used-google-pixel-6-pro-8-gb-128-gb"
"Google","Pixel 6 Pro","Pixel 6 Series","8 GB","256 GB",16700,17201,"https://www.cashify.in/sell-old-mobile-phone/used-google-pixel-6-pro-8-gb-256-gb"
"Google","Pixel 6 Pro","Pixel 6 Series","8 GB","512 GB",21700,22351,"https://www.cashify.in/sell-old-mobile-phone/used-google-pixel-6-pro-8-gb-512-gb"
"Google","Pixel 6 Pro","Pixel 6 Series","12 GB","128 GB",13100,13493,"https://www.cashify.in/sell-old-mobile-phone/used-google-pixel-6-pro-12-gb-128-gb"
"Google","Pixel 6 Pro","Pixel 6 Series","12 GB","256 GB",19100,19673,"https://www.cashify.in/sell-old-mobile-phone/used-google-pixel-6-pro-12-gb-256-gb"
"Google","Pixel 6 Pro","Pixel 6 Series","12 GB","512 GB",24100,24823,"https://www.cashify.in/sell-old-mobile-phone/used-google-pixel-6-pro-12-gb-512-gb"
"Google","Pixel 6","Pixel 6 Series","2 GB","32 GB",6500,6695,"https://www.cashify.in/sell-old-mobile-phone/used-google-pixel-6-2-gb-32-gb"
"Google","Pixel 6","Pixel 6 Series","2 GB","64 GB",6500,6695,"https://www.cashify.in/sell-old-mobile-phone/used-google-pixel-6-2-gb-64-gb"
"Google","Pixel 6","Pixel 6 Series","2 GB","128 GB",3500,3605,"https://www.cashify.in/sell-old-mobile-phone/used-google-pixel-6-2-gb-128-gb"
"Google","Pixel 6","Pixel 6 Series","2 GB","256 GB",6500,6695,"https://www.cashify.in/sell-old-mobile-phone/used-google-pixel-6-2-gb-256-gb"
"Google","Pixel 6","Pixel 6 Series","4 GB","32 GB",7700,7931,"https://www.cashify.in/sell-old-mobile-phone/used-google-pixel-6-4-gb-32-gb"
"Google","Pixel 6","Pixel 6 Series","4 GB","64 GB",7700,7931,"https://www.cashify.in/sell-old-mobile-phone/used-google-pixel-6-4-gb-64-gb"
"Google","Pixel 6","Pixel 6 Series","4 GB","128 GB",4700,4841,"https://www.cashify.in/sell-old-mobile-phone/used-google-pixel-6-4-gb-128-gb"
"Google","Pixel 6","Pixel 6 Series","4 GB","256 GB",7700,7931,"https://www.cashify.in/sell-old-mobile-phone/used-google-pixel-6-4-gb-256-gb"
"Google","Pixel 6","Pixel 6 Series","6 GB","32 GB",8900,9167,"https://www.cashify.in/sell-old-mobile-phone/used-google-pixel-6-6-gb-32-gb"
"Google","Pixel 6","Pixel 6 Series","6 GB","64 GB",8900,9167,"https://www.cashify.in/sell-old-mobile-phone/used-google-pixel-6-6-gb-64-gb"
"Google","Pixel 6","Pixel 6 Series","6 GB","128 GB",5900,6077,"https://www.cashify.in/sell-old-mobile-phone/used-google-pixel-6-6-gb-128-gb"
"Google","Pixel 6","Pixel 6 Series","6 GB","256 GB",8900,9167,"https://www.cashify.in/sell-old-mobile-phone/used-google-pixel-6-6-gb-256-gb"
"Google","Pixel 6","Pixel 6 Series","8 GB","32 GB",10100,10403,"https://www.cashify.in/sell-old-mobile-phone/used-google-pixel-6-8-gb-32-gb"
"Google","Pixel 6","Pixel 6 Series","8 GB","64 GB",10100,10403,"https://www.cashify.in/sell-old-mobile-phone/used-google-pixel-6-8-gb-64-gb"
"Google","Pixel 6","Pixel 6 Series","8 GB","128 GB",7100,7313,"https://www.cashify.in/sell-old-mobile-phone/used-google-pixel-6-8-gb-128-gb"
"Google","Pixel 6","Pixel 6 Series","8 GB","256 GB",10100,10403,"https://www.cashify.in/sell-old-mobile-phone/used-google-pixel-6-8-gb-256-gb"
"Google","Pixel 6a","Pixel 6 Series","2 GB","32 GB",6500,6695,"https://www.cashify.in/sell-old-mobile-phone/used-google-pixel-6a-2-gb-32-gb"
"Google","Pixel 6a","Pixel 6 Series","2 GB","64 GB",6500,6695,"https://www.cashify.in/sell-old-mobile-phone/used-google-pixel-6a-2-gb-64-gb"
"Google","Pixel 6a","Pixel 6 Series","2 GB","128 GB",3500,3605,"https://www.cashify.in/sell-old-mobile-phone/used-google-pixel-6a-2-gb-128-gb"
"Google","Pixel 6a","Pixel 6 Series","2 GB","256 GB",6500,6695,"https://www.cashify.in/sell-old-mobile-phone/used-google-pixel-6a-2-gb-256-gb"
"Google","Pixel 6a","Pixel 6 Series","4 GB","32 GB",7700,7931,"https://www.cashify.in/sell-old-mobile-phone/used-google-pixel-6a-4-gb-32-gb"
"Google","Pixel 6a","Pixel 6 Series","4 GB","64 GB",7700,7931,"https://www.cashify.in/sell-old-mobile-phone/used-google-pixel-6a-4-gb-64-gb"
"Google","Pixel 6a","Pixel 6 Series","4 GB","128 GB",4700,4841,"https://www.cashify.in/sell-old-mobile-phone/used-google-pixel-6a-4-gb-128-gb"
"Google","Pixel 6a","Pixel 6 Series","4 GB","256 GB",7700,7931,"https://www.cashify.in/sell-old-mobile-phone/used-google-pixel-6a-4-gb-256-gb"
"Google","Pixel 6a","Pixel 6 Series","6 GB","32 GB",8900,9167,"https://www.cashify.in/sell-old-mobile-phone/used-google-pixel-6a-6-gb-32-gb"
"Google","Pixel 6a","Pixel 6 Series","6 GB","64 GB",8900,9167,"https://www.cashify.in/sell-old-mobile-phone/used-google-pixel-6a-6-gb-64-gb"
"Google","Pixel 6a","Pixel 6 Series","6 GB","128 GB",5900,6077,"https://www.cashify.in/sell-old-mobile-phone/used-google-pixel-6a-6-gb-128-gb"
"Google","Pixel 6a","Pixel 6 Series","6 GB","256 GB",8900,9167,"https://www.cashify.in/sell-old-mobile-phone/used-google-pixel-6a-6-gb-256-gb"
"Google","Pixel 6a","Pixel 6 Series","8 GB","32 GB",10100,10403,"https://www.cashify.in/sell-old-mobile-phone/used-google-pixel-6a-8-gb-32-gb"
"Google","Pixel 6a","Pixel 6 Series","8 GB","64 GB",10100,10403,"https://www.cashify.in/sell-old-mobile-phone/used-google-pixel-6a-8-gb-64-gb"
"Google","Pixel 6a","Pixel 6 Series","8 GB","128 GB",7100,7313,"https://www.cashify.in/sell-old-mobile-phone/used-google-pixel-6a-8-gb-128-gb"
"Google","Pixel 6a","Pixel 6 Series","8 GB","256 GB",10100,10403,"https://www.cashify.in/sell-old-mobile-phone/used-google-pixel-6a-8-gb-256-gb"
"OPPO","OPPO A3","A Series","2 GB","32 GB",10000,10300,"https://www.cashify.in/sell-old-mobile-phone/used-oppo-a3-2-gb-32-gb"
"OPPO","OPPO A3","A Series","2 GB","64 GB",10000,10300,"https://www.cashify.in/sell-old-mobile-phone/used-oppo-a3-2-gb-64-gb"
"OPPO","OPPO A3","A Series","2 GB","128 GB",4000,4120,"https://www.cashify.in/sell-old-mobile-phone/used-oppo-a3-2-gb-128-gb"
"OPPO","OPPO A3","A Series","2 GB","256 GB",10000,10300,"https://www.cashify.in/sell-old-mobile-phone/used-oppo-a3-2-gb-256-gb"
"OPPO","OPPO A3","A Series","4 GB","32 GB",11200,11536,"https://www.cashify.in/sell-old-mobile-phone/used-oppo-a3-4-gb-32-gb"
"OPPO","OPPO A3","A Series","4 GB","64 GB",11200,11536,"https://www.cashify.in/sell-old-mobile-phone/used-oppo-a3-4-gb-64-gb"
"OPPO","OPPO A3","A Series","4 GB","128 GB",5200,5356,"https://www.cashify.in/sell-old-mobile-phone/used-oppo-a3-4-gb-128-gb"
"OPPO","OPPO A3","A Series","4 GB","256 GB",11200,11536,"https://www.cashify.in/sell-old-mobile-phone/used-oppo-a3-4-gb-256-gb"
"OPPO","OPPO A3","A Series","6 GB","32 GB",12400,12772,"https://www.cashify.in/sell-old-mobile-phone/used-oppo-a3-6-gb-32-gb"
"OPPO","OPPO A3","A Series","6 GB","64 GB",12400,12772,"https://www.cashify.in/sell-old-mobile-phone/used-oppo-a3-6-gb-64-gb"
"OPPO","OPPO A3","A Series","6 GB","128 GB",6400,6592,"https://www.cashify.in/sell-old-mobile-phone/used-oppo-a3-6-gb-128-gb"
"OPPO","OPPO A3","A Series","6 GB","256 GB",12400,12772,"https://www.cashify.in/sell-old-mobile-phone/used-oppo-a3-6-gb-256-gb"
"OPPO","OPPO A3","A Series","8 GB","32 GB",13600,14008,"https://www.cashify.in/sell-old-mobile-phone/used-oppo-a3-8-gb-32-gb"
"OPPO","OPPO A3","A Series","8 GB","64 GB",13600,14008,"https://www.cashify.in/sell-old-mobile-phone/used-oppo-a3-8-gb-64-gb"
"OPPO","OPPO A3","A Series","8 GB","128 GB",7600,7828,"https://www.cashify.in/sell-old-mobile-phone/used-oppo-a3-8-gb-128-gb"
"OPPO","OPPO A3","A Series","8 GB","256 GB",13600,14008,"https://www.cashify.in/sell-old-mobile-phone/used-oppo-a3-8-gb-256-gb"
"OPPO","OPPO A3x","A Series","2 GB","32 GB",10000,10300,"https://www.cashify.in/sell-old-mobile-phone/used-oppo-a3x-2-gb-32-gb"
"OPPO","OPPO A3x","A Series","2 GB","64 GB",10000,10300,"https://www.cashify.in/sell-old-mobile-phone/used-oppo-a3x-2-gb-64-gb"
"OPPO","OPPO A3x","A Series","2 GB","128 GB",4000,4120,"https://www.cashify.in/sell-old-mobile-phone/used-oppo-a3x-2-gb-128-gb"
"OPPO","OPPO A3x","A Series","2 GB","256 GB",10000,10300,"https://www.cashify.in/sell-old-mobile-phone/used-oppo-a3x-2-gb-256-gb"
"OPPO","OPPO A3x","A Series","4 GB","32 GB",11200,11536,"https://www.cashify.in/sell-old-mobile-phone/used-oppo-a3x-4-gb-32-gb"
"OPPO","OPPO A3x","A Series","4 GB","64 GB",11200,11536,"https://www.cashify.in/sell-old-mobile-phone/used-oppo-a3x-4-gb-64-gb"
"OPPO","OPPO A3x","A Series","4 GB","128 GB",5200,5356,"https://www.cashify.in/sell-old-mobile-phone/used-oppo-a3x-4-gb-128-gb"
"OPPO","OPPO A3x","A Series","4 GB","256 GB",11200,11536,"https://www.cashify.in/sell-old-mobile-phone/used-oppo-a3x-4-gb-256-gb"
"OPPO","OPPO A3x","A Series","6 GB","32 GB",12400,12772,"https://www.cashify.in/sell-old-mobile-phone/used-oppo-a3x-6-gb-32-gb"
"OPPO","OPPO A3x","A Series","6 GB","64 GB",12400,12772,"https://www.cashify.in/sell-old-mobile-phone/used-oppo-a3x-6-gb-64-gb"
"OPPO","OPPO A3x","A Series","6 GB","128 GB",6400,6592,"https://www.cashify.in/sell-old-mobile-phone/used-oppo-a3x-6-gb-128-gb"
"OPPO","OPPO A3x","A Series","6 GB","256 GB",12400,12772,"https://www.cashify.in/sell-old-mobile-phone/used-oppo-a3x-6-gb-256-gb"
"OPPO","OPPO A3x","A Series","8 GB","32 GB",13600,14008,"https://www.cashify.in/sell-old-mobile-phone/used-oppo-a3x-8-gb-32-gb"
"OPPO","OPPO A3x","A Series","8 GB","64 GB",13600,14008,"https://www.cashify.in/sell-old-mobile-phone/used-oppo-a3x-8-gb-64-gb"
"OPPO","OPPO A3x","A Series","8 GB","128 GB",7600,7828,"https://www.cashify.in/sell-old-mobile-phone/used-oppo-a3x-8-gb-128-gb"
"OPPO","OPPO A3x","A Series","8 GB","256 GB",13600,14008,"https://www.cashify.in/sell-old-mobile-phone/used-oppo-a3x-8-gb-256-gb"
"OPPO","OPPO A3 Pro","A Series","8 GB","128 GB",68000,70040,"https://www.cashify.in/sell-old-mobile-phone/used-oppo-a3-pro-8-gb-128-gb"
"OPPO","OPPO A3 Pro","A Series","8 GB","256 GB",74000,76220,"https://www.cashify.in/sell-old-mobile-phone/used-oppo-a3-pro-8-gb-256-gb"
"OPPO","OPPO A3 Pro","A Series","8 GB","512 GB",79000,81370,"https://www.cashify.in/sell-old-mobile-phone/used-oppo-a3-pro-8-gb-512-gb"
"OPPO","OPPO A3 Pro","A Series","8 GB","1024 GB",84000,86520,"https://www.cashify.in/sell-old-mobile-phone/used-oppo-a3-pro-8-gb-1024-gb"
"OPPO","OPPO A3 Pro","A Series","12 GB","128 GB",70400,72512,"https://www.cashify.in/sell-old-mobile-phone/used-oppo-a3-pro-12-gb-128-gb"
"OPPO","OPPO A3 Pro","A Series","12 GB","256 GB",76400,78692,"https://www.cashify.in/sell-old-mobile-phone/used-oppo-a3-pro-12-gb-256-gb"
"OPPO","OPPO A3 Pro","A Series","12 GB","512 GB",81400,83842,"https://www.cashify.in/sell-old-mobile-phone/used-oppo-a3-pro-12-gb-512-gb"
"OPPO","OPPO A3 Pro","A Series","12 GB","1024 GB",86400,88992,"https://www.cashify.in/sell-old-mobile-phone/used-oppo-a3-pro-12-gb-1024-gb"
"OPPO","OPPO A3 Pro","A Series","16 GB","128 GB",72800,74984,"https://www.cashify.in/sell-old-mobile-phone/used-oppo-a3-pro-16-gb-128-gb"
"OPPO","OPPO A3 Pro","A Series","16 GB","256 GB",78800,81164,"https://www.cashify.in/sell-old-mobile-phone/used-oppo-a3-pro-16-gb-256-gb"
"OPPO","OPPO A3 Pro","A Series","16 GB","512 GB",83800,86314,"https://www.cashify.in/sell-old-mobile-phone/used-oppo-a3-pro-16-gb-512-gb"
"OPPO","OPPO A3 Pro","A Series","16 GB","1024 GB",88800,91464,"https://www.cashify.in/sell-old-mobile-phone/used-oppo-a3-pro-16-gb-1024-gb"
"OPPO","OPPO A5","A Series","2 GB","32 GB",10000,10300,"https://www.cashify.in/sell-old-mobile-phone/used-oppo-a5-2-gb-32-gb"
"OPPO","OPPO A5","A Series","2 GB","64 GB",10000,10300,"https://www.cashify.in/sell-old-mobile-phone/used-oppo-a5-2-gb-64-gb"
"OPPO","OPPO A5","A Series","2 GB","128 GB",4000,4120,"https://www.cashify.in/sell-old-mobile-phone/used-oppo-a5-2-gb-128-gb"
"OPPO","OPPO A5","A Series","2 GB","256 GB",10000,10300,"https://www.cashify.in/sell-old-mobile-phone/used-oppo-a5-2-gb-256-gb"
"OPPO","OPPO A5","A Series","4 GB","32 GB",11200,11536,"https://www.cashify.in/sell-old-mobile-phone/used-oppo-a5-4-gb-32-gb"
"OPPO","OPPO A5","A Series","4 GB","64 GB",11200,11536,"https://www.cashify.in/sell-old-mobile-phone/used-oppo-a5-4-gb-64-gb"
"OPPO","OPPO A5","A Series","4 GB","128 GB",5200,5356,"https://www.cashify.in/sell-old-mobile-phone/used-oppo-a5-4-gb-128-gb"
"OPPO","OPPO A5","A Series","4 GB","256 GB",11200,11536,"https://www.cashify.in/sell-old-mobile-phone/used-oppo-a5-4-gb-256-gb"
"OPPO","OPPO A5","A Series","6 GB","32 GB",12400,12772,"https://www.cashify.in/sell-old-mobile-phone/used-oppo-a5-6-gb-32-gb"
"OPPO","OPPO A5","A Series","6 GB","64 GB",12400,12772,"https://www.cashify.in/sell-old-mobile-phone/used-oppo-a5-6-gb-64-gb"
"OPPO","OPPO A5","A Series","6 GB","128 GB",6400,6592,"https://www.cashify.in/sell-old-mobile-phone/used-oppo-a5-6-gb-128-gb"
"OPPO","OPPO A5","A Series","6 GB","256 GB",12400,12772,"https://www.cashify.in/sell-old-mobile-phone/used-oppo-a5-6-gb-256-gb"
"OPPO","OPPO A5","A Series","8 GB","32 GB",13600,14008,"https://www.cashify.in/sell-old-mobile-phone/used-oppo-a5-8-gb-32-gb"
"OPPO","OPPO A5","A Series","8 GB","64 GB",13600,14008,"https://www.cashify.in/sell-old-mobile-phone/used-oppo-a5-8-gb-64-gb"
"OPPO","OPPO A5","A Series","8 GB","128 GB",7600,7828,"https://www.cashify.in/sell-old-mobile-phone/used-oppo-a5-8-gb-128-gb"
"OPPO","OPPO A5","A Series","8 GB","256 GB",13600,14008,"https://www.cashify.in/sell-old-mobile-phone/used-oppo-a5-8-gb-256-gb"
"OPPO","OPPO A5x","A Series","2 GB","32 GB",10000,10300,"https://www.cashify.in/sell-old-mobile-phone/used-oppo-a5x-2-gb-32-gb"
"OPPO","OPPO A5x","A Series","2 GB","64 GB",10000,10300,"https://www.cashify.in/sell-old-mobile-phone/used-oppo-a5x-2-gb-64-gb"
"OPPO","OPPO A5x","A Series","2 GB","128 GB",4000,4120,"https://www.cashify.in/sell-old-mobile-phone/used-oppo-a5x-2-gb-128-gb"
"OPPO","OPPO A5x","A Series","2 GB","256 GB",10000,10300,"https://www.cashify.in/sell-old-mobile-phone/used-oppo-a5x-2-gb-256-gb"
"OPPO","OPPO A5x","A Series","4 GB","32 GB",11200,11536,"https://www.cashify.in/sell-old-mobile-phone/used-oppo-a5x-4-gb-32-gb"
"OPPO","OPPO A5x","A Series","4 GB","64 GB",11200,11536,"https://www.cashify.in/sell-old-mobile-phone/used-oppo-a5x-4-gb-64-gb"
"OPPO","OPPO A5x","A Series","4 GB","128 GB",5200,5356,"https://www.cashify.in/sell-old-mobile-phone/used-oppo-a5x-4-gb-128-gb"
"OPPO","OPPO A5x","A Series","4 GB","256 GB",11200,11536,"https://www.cashify.in/sell-old-mobile-phone/used-oppo-a5x-4-gb-256-gb"
"OPPO","OPPO A5x","A Series","6 GB","32 GB",12400,12772,"https://www.cashify.in/sell-old-mobile-phone/used-oppo-a5x-6-gb-32-gb"
"OPPO","OPPO A5x","A Series","6 GB","64 GB",12400,12772,"https://www.cashify.in/sell-old-mobile-phone/used-oppo-a5x-6-gb-64-gb"
"OPPO","OPPO A5x","A Series","6 GB","128 GB",6400,6592,"https://www.cashify.in/sell-old-mobile-phone/used-oppo-a5x-6-gb-128-gb"
"OPPO","OPPO A5x","A Series","6 GB","256 GB",12400,12772,"https://www.cashify.in/sell-old-mobile-phone/used-oppo-a5x-6-gb-256-gb"
"OPPO","OPPO A5x","A Series","8 GB","32 GB",13600,14008,"https://www.cashify.in/sell-old-mobile-phone/used-oppo-a5x-8-gb-32-gb"
"OPPO","OPPO A5x","A Series","8 GB","64 GB",13600,14008,"https://www.cashify.in/sell-old-mobile-phone/used-oppo-a5x-8-gb-64-gb"
"OPPO","OPPO A5x","A Series","8 GB","128 GB",7600,7828,"https://www.cashify.in/sell-old-mobile-phone/used-oppo-a5x-8-gb-128-gb"
"OPPO","OPPO A5x","A Series","8 GB","256 GB",13600,14008,"https://www.cashify.in/sell-old-mobile-phone/used-oppo-a5x-8-gb-256-gb"
"OPPO","OPPO A5 Pro","A Series","8 GB","128 GB",68000,70040,"https://www.cashify.in/sell-old-mobile-phone/used-oppo-a5-pro-8-gb-128-gb"
"OPPO","OPPO A5 Pro","A Series","8 GB","256 GB",74000,76220,"https://www.cashify.in/sell-old-mobile-phone/used-oppo-a5-pro-8-gb-256-gb"
"OPPO","OPPO A5 Pro","A Series","8 GB","512 GB",79000,81370,"https://www.cashify.in/sell-old-mobile-phone/used-oppo-a5-pro-8-gb-512-gb"
"OPPO","OPPO A5 Pro","A Series","8 GB","1024 GB",84000,86520,"https://www.cashify.in/sell-old-mobile-phone/used-oppo-a5-pro-8-gb-1024-gb"
"OPPO","OPPO A5 Pro","A Series","12 GB","128 GB",70400,72512,"https://www.cashify.in/sell-old-mobile-phone/used-oppo-a5-pro-12-gb-128-gb"
"OPPO","OPPO A5 Pro","A Series","12 GB","256 GB",76400,78692,"https://www.cashify.in/sell-old-mobile-phone/used-oppo-a5-pro-12-gb-256-gb"
"OPPO","OPPO A5 Pro","A Series","12 GB","512 GB",81400,83842,"https://www.cashify.in/sell-old-mobile-phone/used-oppo-a5-pro-12-gb-512-gb"
"OPPO","OPPO A5 Pro","A Series","12 GB","1024 GB",86400,88992,"https://www.cashify.in/sell-old-mobile-phone/used-oppo-a5-pro-12-gb-1024-gb"
"OPPO","OPPO A5 Pro","A Series","16 GB","128 GB",72800,74984,"https://www.cashify.in/sell-old-mobile-phone/used-oppo-a5-pro-16-gb-128-gb"
"OPPO","OPPO A5 Pro","A Series","16 GB","256 GB",78800,81164,"https://www.cashify.in/sell-old-mobile-phone/used-oppo-a5-pro-16-gb-256-gb"
"OPPO","OPPO A5 Pro","A Series","16 GB","512 GB",83800,86314,"https://www.cashify.in/sell-old-mobile-phone/used-oppo-a5-pro-16-gb-512-gb"
"OPPO","OPPO A5 Pro","A Series","16 GB","1024 GB",88800,91464,"https://www.cashify.in/sell-old-mobile-phone/used-oppo-a5-pro-16-gb-1024-gb"
"OPPO","OPPO F25 Pro","F Series","6 GB","128 GB",19500,20085,"https://www.cashify.in/sell-old-mobile-phone/used-oppo-f25-pro-6-gb-128-gb"
"OPPO","OPPO F25 Pro","F Series","6 GB","256 GB",25500,26265,"https://www.cashify.in/sell-old-mobile-phone/used-oppo-f25-pro-6-gb-256-gb"
"OPPO","OPPO F25 Pro","F Series","6 GB","512 GB",30500,31415,"https://www.cashify.in/sell-old-mobile-phone/used-oppo-f25-pro-6-gb-512-gb"
"OPPO","OPPO F25 Pro","F Series","8 GB","128 GB",20700,21321,"https://www.cashify.in/sell-old-mobile-phone/used-oppo-f25-pro-8-gb-128-gb"
"OPPO","OPPO F25 Pro","F Series","8 GB","256 GB",26700,27501,"https://www.cashify.in/sell-old-mobile-phone/used-oppo-f25-pro-8-gb-256-gb"
"OPPO","OPPO F25 Pro","F Series","8 GB","512 GB",31700,32651,"https://www.cashify.in/sell-old-mobile-phone/used-oppo-f25-pro-8-gb-512-gb"
"OPPO","OPPO F25 Pro","F Series","12 GB","128 GB",23100,23793,"https://www.cashify.in/sell-old-mobile-phone/used-oppo-f25-pro-12-gb-128-gb"
"OPPO","OPPO F25 Pro","F Series","12 GB","256 GB",29100,29973,"https://www.cashify.in/sell-old-mobile-phone/used-oppo-f25-pro-12-gb-256-gb"
"OPPO","OPPO F25 Pro","F Series","12 GB","512 GB",34100,35123,"https://www.cashify.in/sell-old-mobile-phone/used-oppo-f25-pro-12-gb-512-gb"
"OPPO","OPPO F27 Pro+","F Series","6 GB","128 GB",19500,20085,"https://www.cashify.in/sell-old-mobile-phone/used-oppo-f27-pro-6-gb-128-gb"
"OPPO","OPPO F27 Pro+","F Series","6 GB","256 GB",25500,26265,"https://www.cashify.in/sell-old-mobile-phone/used-oppo-f27-pro-6-gb-256-gb"
"OPPO","OPPO F27 Pro+","F Series","6 GB","512 GB",30500,31415,"https://www.cashify.in/sell-old-mobile-phone/used-oppo-f27-pro-6-gb-512-gb"
"OPPO","OPPO F27 Pro+","F Series","8 GB","128 GB",20700,21321,"https://www.cashify.in/sell-old-mobile-phone/used-oppo-f27-pro-8-gb-128-gb"
"OPPO","OPPO F27 Pro+","F Series","8 GB","256 GB",26700,27501,"https://www.cashify.in/sell-old-mobile-phone/used-oppo-f27-pro-8-gb-256-gb"
"OPPO","OPPO F27 Pro+","F Series","8 GB","512 GB",31700,32651,"https://www.cashify.in/sell-old-mobile-phone/used-oppo-f27-pro-8-gb-512-gb"
"OPPO","OPPO F27 Pro+","F Series","12 GB","128 GB",23100,23793,"https://www.cashify.in/sell-old-mobile-phone/used-oppo-f27-pro-12-gb-128-gb"
"OPPO","OPPO F27 Pro+","F Series","12 GB","256 GB",29100,29973,"https://www.cashify.in/sell-old-mobile-phone/used-oppo-f27-pro-12-gb-256-gb"
"OPPO","OPPO F27 Pro+","F Series","12 GB","512 GB",34100,35123,"https://www.cashify.in/sell-old-mobile-phone/used-oppo-f27-pro-12-gb-512-gb"
"OPPO","OPPO Reno 12","Reno Series","8 GB","128 GB",29000,29870,"https://www.cashify.in/sell-old-mobile-phone/used-oppo-reno-12-8-gb-128-gb"
"OPPO","OPPO Reno 12","Reno Series","8 GB","256 GB",35000,36050,"https://www.cashify.in/sell-old-mobile-phone/used-oppo-reno-12-8-gb-256-gb"
"OPPO","OPPO Reno 12","Reno Series","8 GB","512 GB",40500,41715,"https://www.cashify.in/sell-old-mobile-phone/used-oppo-reno-12-8-gb-512-gb"
"OPPO","OPPO Reno 12","Reno Series","8 GB","1024 GB",45500,46865,"https://www.cashify.in/sell-old-mobile-phone/used-oppo-reno-12-8-gb-1024-gb"
"OPPO","OPPO Reno 12","Reno Series","12 GB","128 GB",31400,32342,"https://www.cashify.in/sell-old-mobile-phone/used-oppo-reno-12-12-gb-128-gb"
"OPPO","OPPO Reno 12","Reno Series","12 GB","256 GB",37400,38522,"https://www.cashify.in/sell-old-mobile-phone/used-oppo-reno-12-12-gb-256-gb"
"OPPO","OPPO Reno 12","Reno Series","12 GB","512 GB",42900,44187,"https://www.cashify.in/sell-old-mobile-phone/used-oppo-reno-12-12-gb-512-gb"
"OPPO","OPPO Reno 12","Reno Series","12 GB","1024 GB",47900,49337,"https://www.cashify.in/sell-old-mobile-phone/used-oppo-reno-12-12-gb-1024-gb"
"OPPO","OPPO Reno 12 Pro","Reno Series","8 GB","128 GB",41500,42745,"https://www.cashify.in/sell-old-mobile-phone/used-oppo-reno-12-pro-8-gb-128-gb"
"OPPO","OPPO Reno 12 Pro","Reno Series","8 GB","256 GB",47500,48925,"https://www.cashify.in/sell-old-mobile-phone/used-oppo-reno-12-pro-8-gb-256-gb"
"OPPO","OPPO Reno 12 Pro","Reno Series","8 GB","512 GB",52500,54075,"https://www.cashify.in/sell-old-mobile-phone/used-oppo-reno-12-pro-8-gb-512-gb"
"OPPO","OPPO Reno 12 Pro","Reno Series","8 GB","1024 GB",57500,59225,"https://www.cashify.in/sell-old-mobile-phone/used-oppo-reno-12-pro-8-gb-1024-gb"
"OPPO","OPPO Reno 12 Pro","Reno Series","12 GB","128 GB",43900,45217,"https://www.cashify.in/sell-old-mobile-phone/used-oppo-reno-12-pro-12-gb-128-gb"
"OPPO","OPPO Reno 12 Pro","Reno Series","12 GB","256 GB",49900,51397,"https://www.cashify.in/sell-old-mobile-phone/used-oppo-reno-12-pro-12-gb-256-gb"
"OPPO","OPPO Reno 12 Pro","Reno Series","12 GB","512 GB",54900,56547,"https://www.cashify.in/sell-old-mobile-phone/used-oppo-reno-12-pro-12-gb-512-gb"
"OPPO","OPPO Reno 12 Pro","Reno Series","12 GB","1024 GB",59900,61697,"https://www.cashify.in/sell-old-mobile-phone/used-oppo-reno-12-pro-12-gb-1024-gb"
"OPPO","OPPO Find X8","Find X Series","8 GB","128 GB",64000,65920,"https://www.cashify.in/sell-old-mobile-phone/used-oppo-find-x8-8-gb-128-gb"
"OPPO","OPPO Find X8","Find X Series","8 GB","256 GB",70000,72100,"https://www.cashify.in/sell-old-mobile-phone/used-oppo-find-x8-8-gb-256-gb"
"OPPO","OPPO Find X8","Find X Series","8 GB","512 GB",75500,77765,"https://www.cashify.in/sell-old-mobile-phone/used-oppo-find-x8-8-gb-512-gb"
"OPPO","OPPO Find X8","Find X Series","8 GB","1024 GB",80500,82915,"https://www.cashify.in/sell-old-mobile-phone/used-oppo-find-x8-8-gb-1024-gb"
"OPPO","OPPO Find X8","Find X Series","12 GB","128 GB",66400,68392,"https://www.cashify.in/sell-old-mobile-phone/used-oppo-find-x8-12-gb-128-gb"
"OPPO","OPPO Find X8","Find X Series","12 GB","256 GB",72400,74572,"https://www.cashify.in/sell-old-mobile-phone/used-oppo-find-x8-12-gb-256-gb"
"OPPO","OPPO Find X8","Find X Series","12 GB","512 GB",77900,80237,"https://www.cashify.in/sell-old-mobile-phone/used-oppo-find-x8-12-gb-512-gb"
"OPPO","OPPO Find X8","Find X Series","12 GB","1024 GB",82900,85387,"https://www.cashify.in/sell-old-mobile-phone/used-oppo-find-x8-12-gb-1024-gb"
"OPPO","OPPO Find X8","Find X Series","16 GB","128 GB",68800,70864,"https://www.cashify.in/sell-old-mobile-phone/used-oppo-find-x8-16-gb-128-gb"
"OPPO","OPPO Find X8","Find X Series","16 GB","256 GB",74800,77044,"https://www.cashify.in/sell-old-mobile-phone/used-oppo-find-x8-16-gb-256-gb"
"OPPO","OPPO Find X8","Find X Series","16 GB","512 GB",80300,82709,"https://www.cashify.in/sell-old-mobile-phone/used-oppo-find-x8-16-gb-512-gb"
"OPPO","OPPO Find X8","Find X Series","16 GB","1024 GB",85300,87859,"https://www.cashify.in/sell-old-mobile-phone/used-oppo-find-x8-16-gb-1024-gb"
"OPPO","OPPO Find X8 Pro","Find X Series","8 GB","128 GB",68000,70040,"https://www.cashify.in/sell-old-mobile-phone/used-oppo-find-x8-pro-8-gb-128-gb"
"OPPO","OPPO Find X8 Pro","Find X Series","8 GB","256 GB",74000,76220,"https://www.cashify.in/sell-old-mobile-phone/used-oppo-find-x8-pro-8-gb-256-gb"
"OPPO","OPPO Find X8 Pro","Find X Series","8 GB","512 GB",79000,81370,"https://www.cashify.in/sell-old-mobile-phone/used-oppo-find-x8-pro-8-gb-512-gb"
"OPPO","OPPO Find X8 Pro","Find X Series","8 GB","1024 GB",84000,86520,"https://www.cashify.in/sell-old-mobile-phone/used-oppo-find-x8-pro-8-gb-1024-gb"
"OPPO","OPPO Find X8 Pro","Find X Series","12 GB","128 GB",70400,72512,"https://www.cashify.in/sell-old-mobile-phone/used-oppo-find-x8-pro-12-gb-128-gb"
"OPPO","OPPO Find X8 Pro","Find X Series","12 GB","256 GB",76400,78692,"https://www.cashify.in/sell-old-mobile-phone/used-oppo-find-x8-pro-12-gb-256-gb"
"OPPO","OPPO Find X8 Pro","Find X Series","12 GB","512 GB",81400,83842,"https://www.cashify.in/sell-old-mobile-phone/used-oppo-find-x8-pro-12-gb-512-gb"
"OPPO","OPPO Find X8 Pro","Find X Series","12 GB","1024 GB",86400,88992,"https://www.cashify.in/sell-old-mobile-phone/used-oppo-find-x8-pro-12-gb-1024-gb"
"OPPO","OPPO Find X8 Pro","Find X Series","16 GB","128 GB",72800,74984,"https://www.cashify.in/sell-old-mobile-phone/used-oppo-find-x8-pro-16-gb-128-gb"
"OPPO","OPPO Find X8 Pro","Find X Series","16 GB","256 GB",78800,81164,"https://www.cashify.in/sell-old-mobile-phone/used-oppo-find-x8-pro-16-gb-256-gb"
"OPPO","OPPO Find X8 Pro","Find X Series","16 GB","512 GB",83800,86314,"https://www.cashify.in/sell-old-mobile-phone/used-oppo-find-x8-pro-16-gb-512-gb"
"OPPO","OPPO Find X8 Pro","Find X Series","16 GB","1024 GB",88800,91464,"https://www.cashify.in/sell-old-mobile-phone/used-oppo-find-x8-pro-16-gb-1024-gb"
"Nothing","Nothing Phone 1","Phone Series","6 GB","128 GB",5000,5150,"https://www.cashify.in/sell-old-mobile-phone/used-nothing-phone-1-6-gb-128-gb"
"Nothing","Nothing Phone 1","Phone Series","6 GB","256 GB",11000,11330,"https://www.cashify.in/sell-old-mobile-phone/used-nothing-phone-1-6-gb-256-gb"
"Nothing","Nothing Phone 1","Phone Series","6 GB","512 GB",16500,16995,"https://www.cashify.in/sell-old-mobile-phone/used-nothing-phone-1-6-gb-512-gb"
"Nothing","Nothing Phone 1","Phone Series","8 GB","128 GB",6200,6386,"https://www.cashify.in/sell-old-mobile-phone/used-nothing-phone-1-8-gb-128-gb"
"Nothing","Nothing Phone 1","Phone Series","8 GB","256 GB",12200,12566,"https://www.cashify.in/sell-old-mobile-phone/used-nothing-phone-1-8-gb-256-gb"
"Nothing","Nothing Phone 1","Phone Series","8 GB","512 GB",17700,18231,"https://www.cashify.in/sell-old-mobile-phone/used-nothing-phone-1-8-gb-512-gb"
"Nothing","Nothing Phone 1","Phone Series","12 GB","128 GB",8600,8858,"https://www.cashify.in/sell-old-mobile-phone/used-nothing-phone-1-12-gb-128-gb"
"Nothing","Nothing Phone 1","Phone Series","12 GB","256 GB",14600,15038,"https://www.cashify.in/sell-old-mobile-phone/used-nothing-phone-1-12-gb-256-gb"
"Nothing","Nothing Phone 1","Phone Series","12 GB","512 GB",20100,20703,"https://www.cashify.in/sell-old-mobile-phone/used-nothing-phone-1-12-gb-512-gb"
"Nothing","Nothing Phone 2","Phone Series","8 GB","128 GB",23500,24205,"https://www.cashify.in/sell-old-mobile-phone/used-nothing-phone-2-8-gb-128-gb"
"Nothing","Nothing Phone 2","Phone Series","8 GB","256 GB",29500,30385,"https://www.cashify.in/sell-old-mobile-phone/used-nothing-phone-2-8-gb-256-gb"
"Nothing","Nothing Phone 2","Phone Series","8 GB","512 GB",35000,36050,"https://www.cashify.in/sell-old-mobile-phone/used-nothing-phone-2-8-gb-512-gb"
"Nothing","Nothing Phone 2","Phone Series","8 GB","1024 GB",40000,41200,"https://www.cashify.in/sell-old-mobile-phone/used-nothing-phone-2-8-gb-1024-gb"
"Nothing","Nothing Phone 2","Phone Series","12 GB","128 GB",25900,26677,"https://www.cashify.in/sell-old-mobile-phone/used-nothing-phone-2-12-gb-128-gb"
"Nothing","Nothing Phone 2","Phone Series","12 GB","256 GB",31900,32857,"https://www.cashify.in/sell-old-mobile-phone/used-nothing-phone-2-12-gb-256-gb"
"Nothing","Nothing Phone 2","Phone Series","12 GB","512 GB",37400,38522,"https://www.cashify.in/sell-old-mobile-phone/used-nothing-phone-2-12-gb-512-gb"
"Nothing","Nothing Phone 2","Phone Series","12 GB","1024 GB",42400,43672,"https://www.cashify.in/sell-old-mobile-phone/used-nothing-phone-2-12-gb-1024-gb"
"Nothing","Nothing Phone 2a","Phone Series","2 GB","32 GB",10000,10300,"https://www.cashify.in/sell-old-mobile-phone/used-nothing-phone-2a-2-gb-32-gb"
"Nothing","Nothing Phone 2a","Phone Series","2 GB","64 GB",10000,10300,"https://www.cashify.in/sell-old-mobile-phone/used-nothing-phone-2a-2-gb-64-gb"
"Nothing","Nothing Phone 2a","Phone Series","2 GB","128 GB",4000,4120,"https://www.cashify.in/sell-old-mobile-phone/used-nothing-phone-2a-2-gb-128-gb"
"Nothing","Nothing Phone 2a","Phone Series","2 GB","256 GB",10000,10300,"https://www.cashify.in/sell-old-mobile-phone/used-nothing-phone-2a-2-gb-256-gb"
"Nothing","Nothing Phone 2a","Phone Series","4 GB","32 GB",11200,11536,"https://www.cashify.in/sell-old-mobile-phone/used-nothing-phone-2a-4-gb-32-gb"
"Nothing","Nothing Phone 2a","Phone Series","4 GB","64 GB",11200,11536,"https://www.cashify.in/sell-old-mobile-phone/used-nothing-phone-2a-4-gb-64-gb"
"Nothing","Nothing Phone 2a","Phone Series","4 GB","128 GB",5200,5356,"https://www.cashify.in/sell-old-mobile-phone/used-nothing-phone-2a-4-gb-128-gb"
"Nothing","Nothing Phone 2a","Phone Series","4 GB","256 GB",11200,11536,"https://www.cashify.in/sell-old-mobile-phone/used-nothing-phone-2a-4-gb-256-gb"
"Nothing","Nothing Phone 2a","Phone Series","6 GB","32 GB",12400,12772,"https://www.cashify.in/sell-old-mobile-phone/used-nothing-phone-2a-6-gb-32-gb"
"Nothing","Nothing Phone 2a","Phone Series","6 GB","64 GB",12400,12772,"https://www.cashify.in/sell-old-mobile-phone/used-nothing-phone-2a-6-gb-64-gb"
"Nothing","Nothing Phone 2a","Phone Series","6 GB","128 GB",6400,6592,"https://www.cashify.in/sell-old-mobile-phone/used-nothing-phone-2a-6-gb-128-gb"
"Nothing","Nothing Phone 2a","Phone Series","6 GB","256 GB",12400,12772,"https://www.cashify.in/sell-old-mobile-phone/used-nothing-phone-2a-6-gb-256-gb"
"Nothing","Nothing Phone 2a","Phone Series","8 GB","32 GB",13600,14008,"https://www.cashify.in/sell-old-mobile-phone/used-nothing-phone-2a-8-gb-32-gb"
"Nothing","Nothing Phone 2a","Phone Series","8 GB","64 GB",13600,14008,"https://www.cashify.in/sell-old-mobile-phone/used-nothing-phone-2a-8-gb-64-gb"
"Nothing","Nothing Phone 2a","Phone Series","8 GB","128 GB",7600,7828,"https://www.cashify.in/sell-old-mobile-phone/used-nothing-phone-2a-8-gb-128-gb"
"Nothing","Nothing Phone 2a","Phone Series","8 GB","256 GB",13600,14008,"https://www.cashify.in/sell-old-mobile-phone/used-nothing-phone-2a-8-gb-256-gb"
"Nothing","CMF Phone 1","Phone Series","2 GB","32 GB",10000,10300,"https://www.cashify.in/sell-old-mobile-phone/used-nothing-cmf-phone-1-2-gb-32-gb"
"Nothing","CMF Phone 1","Phone Series","2 GB","64 GB",10000,10300,"https://www.cashify.in/sell-old-mobile-phone/used-nothing-cmf-phone-1-2-gb-64-gb"
"Nothing","CMF Phone 1","Phone Series","2 GB","128 GB",4000,4120,"https://www.cashify.in/sell-old-mobile-phone/used-nothing-cmf-phone-1-2-gb-128-gb"
"Nothing","CMF Phone 1","Phone Series","2 GB","256 GB",10000,10300,"https://www.cashify.in/sell-old-mobile-phone/used-nothing-cmf-phone-1-2-gb-256-gb"
"Nothing","CMF Phone 1","Phone Series","4 GB","32 GB",11200,11536,"https://www.cashify.in/sell-old-mobile-phone/used-nothing-cmf-phone-1-4-gb-32-gb"
"Nothing","CMF Phone 1","Phone Series","4 GB","64 GB",11200,11536,"https://www.cashify.in/sell-old-mobile-phone/used-nothing-cmf-phone-1-4-gb-64-gb"
"Nothing","CMF Phone 1","Phone Series","4 GB","128 GB",5200,5356,"https://www.cashify.in/sell-old-mobile-phone/used-nothing-cmf-phone-1-4-gb-128-gb"
"Nothing","CMF Phone 1","Phone Series","4 GB","256 GB",11200,11536,"https://www.cashify.in/sell-old-mobile-phone/used-nothing-cmf-phone-1-4-gb-256-gb"
"Nothing","CMF Phone 1","Phone Series","6 GB","32 GB",12400,12772,"https://www.cashify.in/sell-old-mobile-phone/used-nothing-cmf-phone-1-6-gb-32-gb"
"Nothing","CMF Phone 1","Phone Series","6 GB","64 GB",12400,12772,"https://www.cashify.in/sell-old-mobile-phone/used-nothing-cmf-phone-1-6-gb-64-gb"
"Nothing","CMF Phone 1","Phone Series","6 GB","128 GB",6400,6592,"https://www.cashify.in/sell-old-mobile-phone/used-nothing-cmf-phone-1-6-gb-128-gb"
"Nothing","CMF Phone 1","Phone Series","6 GB","256 GB",12400,12772,"https://www.cashify.in/sell-old-mobile-phone/used-nothing-cmf-phone-1-6-gb-256-gb"
"Nothing","CMF Phone 1","Phone Series","8 GB","32 GB",13600,14008,"https://www.cashify.in/sell-old-mobile-phone/used-nothing-cmf-phone-1-8-gb-32-gb"
"Nothing","CMF Phone 1","Phone Series","8 GB","64 GB",13600,14008,"https://www.cashify.in/sell-old-mobile-phone/used-nothing-cmf-phone-1-8-gb-64-gb"
"Nothing","CMF Phone 1","Phone Series","8 GB","128 GB",7600,7828,"https://www.cashify.in/sell-old-mobile-phone/used-nothing-cmf-phone-1-8-gb-128-gb"
"Nothing","CMF Phone 1","Phone Series","8 GB","256 GB",13600,14008,"https://www.cashify.in/sell-old-mobile-phone/used-nothing-cmf-phone-1-8-gb-256-gb"
"Motorola","Motorola G04","G Series","2 GB","32 GB",10000,10300,"https://www.cashify.in/sell-old-mobile-phone/used-motorola-g04-2-gb-32-gb"
"Motorola","Motorola G04","G Series","2 GB","64 GB",10000,10300,"https://www.cashify.in/sell-old-mobile-phone/used-motorola-g04-2-gb-64-gb"
"Motorola","Motorola G04","G Series","2 GB","128 GB",4000,4120,"https://www.cashify.in/sell-old-mobile-phone/used-motorola-g04-2-gb-128-gb"
"Motorola","Motorola G04","G Series","2 GB","256 GB",10000,10300,"https://www.cashify.in/sell-old-mobile-phone/used-motorola-g04-2-gb-256-gb"
"Motorola","Motorola G04","G Series","4 GB","32 GB",11200,11536,"https://www.cashify.in/sell-old-mobile-phone/used-motorola-g04-4-gb-32-gb"
"Motorola","Motorola G04","G Series","4 GB","64 GB",11200,11536,"https://www.cashify.in/sell-old-mobile-phone/used-motorola-g04-4-gb-64-gb"
"Motorola","Motorola G04","G Series","4 GB","128 GB",5200,5356,"https://www.cashify.in/sell-old-mobile-phone/used-motorola-g04-4-gb-128-gb"
"Motorola","Motorola G04","G Series","4 GB","256 GB",11200,11536,"https://www.cashify.in/sell-old-mobile-phone/used-motorola-g04-4-gb-256-gb"
"Motorola","Motorola G04","G Series","6 GB","32 GB",12400,12772,"https://www.cashify.in/sell-old-mobile-phone/used-motorola-g04-6-gb-32-gb"
"Motorola","Motorola G04","G Series","6 GB","64 GB",12400,12772,"https://www.cashify.in/sell-old-mobile-phone/used-motorola-g04-6-gb-64-gb"
"Motorola","Motorola G04","G Series","6 GB","128 GB",6400,6592,"https://www.cashify.in/sell-old-mobile-phone/used-motorola-g04-6-gb-128-gb"
"Motorola","Motorola G04","G Series","6 GB","256 GB",12400,12772,"https://www.cashify.in/sell-old-mobile-phone/used-motorola-g04-6-gb-256-gb"
"Motorola","Motorola G04","G Series","8 GB","32 GB",13600,14008,"https://www.cashify.in/sell-old-mobile-phone/used-motorola-g04-8-gb-32-gb"
"Motorola","Motorola G04","G Series","8 GB","64 GB",13600,14008,"https://www.cashify.in/sell-old-mobile-phone/used-motorola-g04-8-gb-64-gb"
"Motorola","Motorola G04","G Series","8 GB","128 GB",7600,7828,"https://www.cashify.in/sell-old-mobile-phone/used-motorola-g04-8-gb-128-gb"
"Motorola","Motorola G04","G Series","8 GB","256 GB",13600,14008,"https://www.cashify.in/sell-old-mobile-phone/used-motorola-g04-8-gb-256-gb"
"Motorola","Motorola G05","G Series","2 GB","32 GB",11500,11845,"https://www.cashify.in/sell-old-mobile-phone/used-motorola-g05-2-gb-32-gb"
"Motorola","Motorola G05","G Series","2 GB","64 GB",11500,11845,"https://www.cashify.in/sell-old-mobile-phone/used-motorola-g05-2-gb-64-gb"
"Motorola","Motorola G05","G Series","2 GB","128 GB",5500,5665,"https://www.cashify.in/sell-old-mobile-phone/used-motorola-g05-2-gb-128-gb"
"Motorola","Motorola G05","G Series","2 GB","256 GB",11500,11845,"https://www.cashify.in/sell-old-mobile-phone/used-motorola-g05-2-gb-256-gb"
"Motorola","Motorola G05","G Series","4 GB","32 GB",12700,13081,"https://www.cashify.in/sell-old-mobile-phone/used-motorola-g05-4-gb-32-gb"
"Motorola","Motorola G05","G Series","4 GB","64 GB",12700,13081,"https://www.cashify.in/sell-old-mobile-phone/used-motorola-g05-4-gb-64-gb"
"Motorola","Motorola G05","G Series","4 GB","128 GB",6700,6901,"https://www.cashify.in/sell-old-mobile-phone/used-motorola-g05-4-gb-128-gb"
"Motorola","Motorola G05","G Series","4 GB","256 GB",12700,13081,"https://www.cashify.in/sell-old-mobile-phone/used-motorola-g05-4-gb-256-gb"
"Motorola","Motorola G05","G Series","6 GB","32 GB",13900,14317,"https://www.cashify.in/sell-old-mobile-phone/used-motorola-g05-6-gb-32-gb"
"Motorola","Motorola G05","G Series","6 GB","64 GB",13900,14317,"https://www.cashify.in/sell-old-mobile-phone/used-motorola-g05-6-gb-64-gb"
"Motorola","Motorola G05","G Series","6 GB","128 GB",7900,8137,"https://www.cashify.in/sell-old-mobile-phone/used-motorola-g05-6-gb-128-gb"
"Motorola","Motorola G05","G Series","6 GB","256 GB",13900,14317,"https://www.cashify.in/sell-old-mobile-phone/used-motorola-g05-6-gb-256-gb"
"Motorola","Motorola G05","G Series","8 GB","32 GB",15100,15553,"https://www.cashify.in/sell-old-mobile-phone/used-motorola-g05-8-gb-32-gb"
"Motorola","Motorola G05","G Series","8 GB","64 GB",15100,15553,"https://www.cashify.in/sell-old-mobile-phone/used-motorola-g05-8-gb-64-gb"
"Motorola","Motorola G05","G Series","8 GB","128 GB",9100,9373,"https://www.cashify.in/sell-old-mobile-phone/used-motorola-g05-8-gb-128-gb"
"Motorola","Motorola G05","G Series","8 GB","256 GB",15100,15553,"https://www.cashify.in/sell-old-mobile-phone/used-motorola-g05-8-gb-256-gb"
"Motorola","Motorola Edge 50 Fusion","Edge Series","6 GB","128 GB",12000,12360,"https://www.cashify.in/sell-old-mobile-phone/used-motorola-edge-50-fusion-6-gb-128-gb"
"Motorola","Motorola Edge 50 Fusion","Edge Series","6 GB","256 GB",18000,18540,"https://www.cashify.in/sell-old-mobile-phone/used-motorola-edge-50-fusion-6-gb-256-gb"
"Motorola","Motorola Edge 50 Fusion","Edge Series","6 GB","512 GB",23500,24205,"https://www.cashify.in/sell-old-mobile-phone/used-motorola-edge-50-fusion-6-gb-512-gb"
"Motorola","Motorola Edge 50 Fusion","Edge Series","8 GB","128 GB",13200,13596,"https://www.cashify.in/sell-old-mobile-phone/used-motorola-edge-50-fusion-8-gb-128-gb"
"Motorola","Motorola Edge 50 Fusion","Edge Series","8 GB","256 GB",19200,19776,"https://www.cashify.in/sell-old-mobile-phone/used-motorola-edge-50-fusion-8-gb-256-gb"
"Motorola","Motorola Edge 50 Fusion","Edge Series","8 GB","512 GB",24700,25441,"https://www.cashify.in/sell-old-mobile-phone/used-motorola-edge-50-fusion-8-gb-512-gb"
"Motorola","Motorola Edge 50 Fusion","Edge Series","12 GB","128 GB",15600,16068,"https://www.cashify.in/sell-old-mobile-phone/used-motorola-edge-50-fusion-12-gb-128-gb"
"Motorola","Motorola Edge 50 Fusion","Edge Series","12 GB","256 GB",21600,22248,"https://www.cashify.in/sell-old-mobile-phone/used-motorola-edge-50-fusion-12-gb-256-gb"
"Motorola","Motorola Edge 50 Fusion","Edge Series","12 GB","512 GB",27100,27913,"https://www.cashify.in/sell-old-mobile-phone/used-motorola-edge-50-fusion-12-gb-512-gb"
"Motorola","Motorola Edge 50 Pro","Edge Series","8 GB","128 GB",34000,35020,"https://www.cashify.in/sell-old-mobile-phone/used-motorola-edge-50-pro-8-gb-128-gb"
"Motorola","Motorola Edge 50 Pro","Edge Series","8 GB","256 GB",40000,41200,"https://www.cashify.in/sell-old-mobile-phone/used-motorola-edge-50-pro-8-gb-256-gb"
"Motorola","Motorola Edge 50 Pro","Edge Series","8 GB","512 GB",45000,46350,"https://www.cashify.in/sell-old-mobile-phone/used-motorola-edge-50-pro-8-gb-512-gb"
"Motorola","Motorola Edge 50 Pro","Edge Series","8 GB","1024 GB",50000,51500,"https://www.cashify.in/sell-old-mobile-phone/used-motorola-edge-50-pro-8-gb-1024-gb"
"Motorola","Motorola Edge 50 Pro","Edge Series","12 GB","128 GB",36400,37492,"https://www.cashify.in/sell-old-mobile-phone/used-motorola-edge-50-pro-12-gb-128-gb"
"Motorola","Motorola Edge 50 Pro","Edge Series","12 GB","256 GB",42400,43672,"https://www.cashify.in/sell-old-mobile-phone/used-motorola-edge-50-pro-12-gb-256-gb"
"Motorola","Motorola Edge 50 Pro","Edge Series","12 GB","512 GB",47400,48822,"https://www.cashify.in/sell-old-mobile-phone/used-motorola-edge-50-pro-12-gb-512-gb"
"Motorola","Motorola Edge 50 Pro","Edge Series","12 GB","1024 GB",52400,53972,"https://www.cashify.in/sell-old-mobile-phone/used-motorola-edge-50-pro-12-gb-1024-gb"
"Motorola","Motorola Edge 50 Ultra","Edge Series","8 GB","256 GB",66000,67980,"https://www.cashify.in/sell-old-mobile-phone/used-motorola-edge-50-ultra-8-gb-256-gb"
"Motorola","Motorola Edge 50 Ultra","Edge Series","8 GB","512 GB",71500,73645,"https://www.cashify.in/sell-old-mobile-phone/used-motorola-edge-50-ultra-8-gb-512-gb"
"Motorola","Motorola Edge 50 Ultra","Edge Series","8 GB","1024 GB",76500,78795,"https://www.cashify.in/sell-old-mobile-phone/used-motorola-edge-50-ultra-8-gb-1024-gb"
"Motorola","Motorola Edge 50 Ultra","Edge Series","12 GB","256 GB",68400,70452,"https://www.cashify.in/sell-old-mobile-phone/used-motorola-edge-50-ultra-12-gb-256-gb"
"Motorola","Motorola Edge 50 Ultra","Edge Series","12 GB","512 GB",73900,76117,"https://www.cashify.in/sell-old-mobile-phone/used-motorola-edge-50-ultra-12-gb-512-gb"
"Motorola","Motorola Edge 50 Ultra","Edge Series","12 GB","1024 GB",78900,81267,"https://www.cashify.in/sell-old-mobile-phone/used-motorola-edge-50-ultra-12-gb-1024-gb"
"Motorola","Motorola Edge 50 Ultra","Edge Series","16 GB","256 GB",70800,72924,"https://www.cashify.in/sell-old-mobile-phone/used-motorola-edge-50-ultra-16-gb-256-gb"
"Motorola","Motorola Edge 50 Ultra","Edge Series","16 GB","512 GB",76300,78589,"https://www.cashify.in/sell-old-mobile-phone/used-motorola-edge-50-ultra-16-gb-512-gb"
"Motorola","Motorola Edge 50 Ultra","Edge Series","16 GB","1024 GB",81300,83739,"https://www.cashify.in/sell-old-mobile-phone/used-motorola-edge-50-ultra-16-gb-1024-gb"
"Motorola","Motorola Razr 50 Ultra","Razr Series","8 GB","256 GB",66000,67980,"https://www.cashify.in/sell-old-mobile-phone/used-motorola-razr-50-ultra-8-gb-256-gb"
"Motorola","Motorola Razr 50 Ultra","Razr Series","8 GB","512 GB",71500,73645,"https://www.cashify.in/sell-old-mobile-phone/used-motorola-razr-50-ultra-8-gb-512-gb"
"Motorola","Motorola Razr 50 Ultra","Razr Series","8 GB","1024 GB",76500,78795,"https://www.cashify.in/sell-old-mobile-phone/used-motorola-razr-50-ultra-8-gb-1024-gb"
"Motorola","Motorola Razr 50 Ultra","Razr Series","12 GB","256 GB",68400,70452,"https://www.cashify.in/sell-old-mobile-phone/used-motorola-razr-50-ultra-12-gb-256-gb"
"Motorola","Motorola Razr 50 Ultra","Razr Series","12 GB","512 GB",73900,76117,"https://www.cashify.in/sell-old-mobile-phone/used-motorola-razr-50-ultra-12-gb-512-gb"
"Motorola","Motorola Razr 50 Ultra","Razr Series","12 GB","1024 GB",78900,81267,"https://www.cashify.in/sell-old-mobile-phone/used-motorola-razr-50-ultra-12-gb-1024-gb"
"Motorola","Motorola Razr 50 Ultra","Razr Series","16 GB","256 GB",70800,72924,"https://www.cashify.in/sell-old-mobile-phone/used-motorola-razr-50-ultra-16-gb-256-gb"
"Motorola","Motorola Razr 50 Ultra","Razr Series","16 GB","512 GB",76300,78589,"https://www.cashify.in/sell-old-mobile-phone/used-motorola-razr-50-ultra-16-gb-512-gb"
"Motorola","Motorola Razr 50 Ultra","Razr Series","16 GB","1024 GB",81300,83739,"https://www.cashify.in/sell-old-mobile-phone/used-motorola-razr-50-ultra-16-gb-1024-gb"
"Apple","iPhone 17e","iPhone 17 Series","N/A","256 GB",43000,44290,"https://www.cashify.in/sell-old-mobile-phone/used-apple-iphone-17e-256-gb"
"Apple","iPhone 17e","iPhone 17 Series","N/A","512 GB",52200,53766,"https://www.cashify.in/sell-old-mobile-phone/used-apple-iphone-17e-512-gb"
"Samsung","Galaxy S26 Ultra","S Series","8 GB","256 GB",94500,97335,"https://www.cashify.in/sell-old-mobile-phone/used-samsung-galaxy-s26-ultra-8-gb-256-gb"
"Samsung","Galaxy S26 Ultra","S Series","8 GB","512 GB",100000,103000,"https://www.cashify.in/sell-old-mobile-phone/used-samsung-galaxy-s26-ultra-8-gb-512-gb"
"Samsung","Galaxy S26 Ultra","S Series","8 GB","1024 GB",105000,108150,"https://www.cashify.in/sell-old-mobile-phone/used-samsung-galaxy-s26-ultra-8-gb-1024-gb"
"Samsung","Galaxy S26 Ultra","S Series","12 GB","256 GB",96900,99807,"https://www.cashify.in/sell-old-mobile-phone/used-samsung-galaxy-s26-ultra-12-gb-256-gb"
"Samsung","Galaxy S26 Ultra","S Series","12 GB","512 GB",102400,105472,"https://www.cashify.in/sell-old-mobile-phone/used-samsung-galaxy-s26-ultra-12-gb-512-gb"
"Samsung","Galaxy S26 Ultra","S Series","12 GB","1024 GB",107400,110622,"https://www.cashify.in/sell-old-mobile-phone/used-samsung-galaxy-s26-ultra-12-gb-1024-gb"
"Samsung","Galaxy S26 Ultra","S Series","16 GB","256 GB",99300,102279,"https://www.cashify.in/sell-old-mobile-phone/used-samsung-galaxy-s26-ultra-16-gb-256-gb"
"Samsung","Galaxy S26 Ultra","S Series","16 GB","512 GB",104800,107944,"https://www.cashify.in/sell-old-mobile-phone/used-samsung-galaxy-s26-ultra-16-gb-512-gb"
"Samsung","Galaxy S26 Ultra","S Series","16 GB","1024 GB",109800,113094,"https://www.cashify.in/sell-old-mobile-phone/used-samsung-galaxy-s26-ultra-16-gb-1024-gb"
"Samsung","Galaxy S26 Plus","S Series","8 GB","128 GB",52000,53560,"https://www.cashify.in/sell-old-mobile-phone/used-samsung-galaxy-s26-plus-8-gb-128-gb"
"Samsung","Galaxy S26 Plus","S Series","8 GB","256 GB",58000,59740,"https://www.cashify.in/sell-old-mobile-phone/used-samsung-galaxy-s26-plus-8-gb-256-gb"
"Samsung","Galaxy S26 Plus","S Series","8 GB","512 GB",63500,65405,"https://www.cashify.in/sell-old-mobile-phone/used-samsung-galaxy-s26-plus-8-gb-512-gb"
"Samsung","Galaxy S26 Plus","S Series","8 GB","1024 GB",68500,70555,"https://www.cashify.in/sell-old-mobile-phone/used-samsung-galaxy-s26-plus-8-gb-1024-gb"
"Samsung","Galaxy S26 Plus","S Series","12 GB","128 GB",54400,56032,"https://www.cashify.in/sell-old-mobile-phone/used-samsung-galaxy-s26-plus-12-gb-128-gb"
"Samsung","Galaxy S26 Plus","S Series","12 GB","256 GB",60400,62212,"https://www.cashify.in/sell-old-mobile-phone/used-samsung-galaxy-s26-plus-12-gb-256-gb"
"Samsung","Galaxy S26 Plus","S Series","12 GB","512 GB",65900,67877,"https://www.cashify.in/sell-old-mobile-phone/used-samsung-galaxy-s26-plus-12-gb-512-gb"
"Samsung","Galaxy S26 Plus","S Series","12 GB","1024 GB",70900,73027,"https://www.cashify.in/sell-old-mobile-phone/used-samsung-galaxy-s26-plus-12-gb-1024-gb"
"Samsung","Galaxy S26","S Series","8 GB","128 GB",48000,49440,"https://www.cashify.in/sell-old-mobile-phone/used-samsung-galaxy-s26-8-gb-128-gb"
"Samsung","Galaxy S26","S Series","8 GB","256 GB",54000,55620,"https://www.cashify.in/sell-old-mobile-phone/used-samsung-galaxy-s26-8-gb-256-gb"
"Samsung","Galaxy S26","S Series","8 GB","512 GB",59500,61285,"https://www.cashify.in/sell-old-mobile-phone/used-samsung-galaxy-s26-8-gb-512-gb"
"Samsung","Galaxy S26","S Series","8 GB","1024 GB",64500,66435,"https://www.cashify.in/sell-old-mobile-phone/used-samsung-galaxy-s26-8-gb-1024-gb"
"Samsung","Galaxy S26","S Series","12 GB","128 GB",50400,51912,"https://www.cashify.in/sell-old-mobile-phone/used-samsung-galaxy-s26-12-gb-128-gb"
"Samsung","Galaxy S26","S Series","12 GB","256 GB",56400,58092,"https://www.cashify.in/sell-old-mobile-phone/used-samsung-galaxy-s26-12-gb-256-gb"
"Samsung","Galaxy S26","S Series","12 GB","512 GB",61900,63757,"https://www.cashify.in/sell-old-mobile-phone/used-samsung-galaxy-s26-12-gb-512-gb"
"Samsung","Galaxy S26","S Series","12 GB","1024 GB",66900,68907,"https://www.cashify.in/sell-old-mobile-phone/used-samsung-galaxy-s26-12-gb-1024-gb"
"Samsung","Galaxy S25 FE","S Series","8 GB","128 GB",41500,42745,"https://www.cashify.in/sell-old-mobile-phone/used-samsung-galaxy-s25-fe-8-gb-128-gb"
"Samsung","Galaxy S25 FE","S Series","8 GB","256 GB",47500,48925,"https://www.cashify.in/sell-old-mobile-phone/used-samsung-galaxy-s25-fe-8-gb-256-gb"
"Samsung","Galaxy S25 FE","S Series","8 GB","512 GB",53000,54590,"https://www.cashify.in/sell-old-mobile-phone/used-samsung-galaxy-s25-fe-8-gb-512-gb"
"Samsung","Galaxy S25 FE","S Series","8 GB","1024 GB",58000,59740,"https://www.cashify.in/sell-old-mobile-phone/used-samsung-galaxy-s25-fe-8-gb-1024-gb"
"Samsung","Galaxy S25 FE","S Series","12 GB","128 GB",43900,45217,"https://www.cashify.in/sell-old-mobile-phone/used-samsung-galaxy-s25-fe-12-gb-128-gb"
"Samsung","Galaxy S25 FE","S Series","12 GB","256 GB",49900,51397,"https://www.cashify.in/sell-old-mobile-phone/used-samsung-galaxy-s25-fe-12-gb-256-gb"
"Samsung","Galaxy S25 FE","S Series","12 GB","512 GB",55400,57062,"https://www.cashify.in/sell-old-mobile-phone/used-samsung-galaxy-s25-fe-12-gb-512-gb"
"Samsung","Galaxy S25 FE","S Series","12 GB","1024 GB",60400,62212,"https://www.cashify.in/sell-old-mobile-phone/used-samsung-galaxy-s25-fe-12-gb-1024-gb"
"Samsung","Galaxy S25 Edge","S Series","8 GB","128 GB",41500,42745,"https://www.cashify.in/sell-old-mobile-phone/used-samsung-galaxy-s25-edge-8-gb-128-gb"
"Samsung","Galaxy S25 Edge","S Series","8 GB","256 GB",47500,48925,"https://www.cashify.in/sell-old-mobile-phone/used-samsung-galaxy-s25-edge-8-gb-256-gb"
"Samsung","Galaxy S25 Edge","S Series","8 GB","512 GB",53000,54590,"https://www.cashify.in/sell-old-mobile-phone/used-samsung-galaxy-s25-edge-8-gb-512-gb"
"Samsung","Galaxy S25 Edge","S Series","8 GB","1024 GB",58000,59740,"https://www.cashify.in/sell-old-mobile-phone/used-samsung-galaxy-s25-edge-8-gb-1024-gb"
"Samsung","Galaxy S25 Edge","S Series","12 GB","128 GB",43900,45217,"https://www.cashify.in/sell-old-mobile-phone/used-samsung-galaxy-s25-edge-12-gb-128-gb"
"Samsung","Galaxy S25 Edge","S Series","12 GB","256 GB",49900,51397,"https://www.cashify.in/sell-old-mobile-phone/used-samsung-galaxy-s25-edge-12-gb-256-gb"
"Samsung","Galaxy S25 Edge","S Series","12 GB","512 GB",55400,57062,"https://www.cashify.in/sell-old-mobile-phone/used-samsung-galaxy-s25-edge-12-gb-512-gb"
"Samsung","Galaxy S25 Edge","S Series","12 GB","1024 GB",60400,62212,"https://www.cashify.in/sell-old-mobile-phone/used-samsung-galaxy-s25-edge-12-gb-1024-gb"
"Samsung","Galaxy Z Fold 7","Z Fold & Z Flip","8 GB","256 GB",84500,87035,"https://www.cashify.in/sell-old-mobile-phone/used-samsung-galaxy-z-fold-7-8-gb-256-gb"
"Samsung","Galaxy Z Fold 7","Z Fold & Z Flip","8 GB","512 GB",90000,92700,"https://www.cashify.in/sell-old-mobile-phone/used-samsung-galaxy-z-fold-7-8-gb-512-gb"
"Samsung","Galaxy Z Fold 7","Z Fold & Z Flip","8 GB","1024 GB",95000,97850,"https://www.cashify.in/sell-old-mobile-phone/used-samsung-galaxy-z-fold-7-8-gb-1024-gb"
"Samsung","Galaxy Z Fold 7","Z Fold & Z Flip","12 GB","256 GB",86900,89507,"https://www.cashify.in/sell-old-mobile-phone/used-samsung-galaxy-z-fold-7-12-gb-256-gb"
"Samsung","Galaxy Z Fold 7","Z Fold & Z Flip","12 GB","512 GB",92400,95172,"https://www.cashify.in/sell-old-mobile-phone/used-samsung-galaxy-z-fold-7-12-gb-512-gb"
"Samsung","Galaxy Z Fold 7","Z Fold & Z Flip","12 GB","1024 GB",97400,100322,"https://www.cashify.in/sell-old-mobile-phone/used-samsung-galaxy-z-fold-7-12-gb-1024-gb"
"Samsung","Galaxy Z Fold 7","Z Fold & Z Flip","16 GB","256 GB",89300,91979,"https://www.cashify.in/sell-old-mobile-phone/used-samsung-galaxy-z-fold-7-16-gb-256-gb"
"Samsung","Galaxy Z Fold 7","Z Fold & Z Flip","16 GB","512 GB",94800,97644,"https://www.cashify.in/sell-old-mobile-phone/used-samsung-galaxy-z-fold-7-16-gb-512-gb"
"Samsung","Galaxy Z Fold 7","Z Fold & Z Flip","16 GB","1024 GB",99800,102794,"https://www.cashify.in/sell-old-mobile-phone/used-samsung-galaxy-z-fold-7-16-gb-1024-gb"
"Samsung","Galaxy Z Flip 7","Z Fold & Z Flip","8 GB","128 GB",74500,76735,"https://www.cashify.in/sell-old-mobile-phone/used-samsung-galaxy-z-flip-7-8-gb-128-gb"
"Samsung","Galaxy Z Flip 7","Z Fold & Z Flip","8 GB","256 GB",80500,82915,"https://www.cashify.in/sell-old-mobile-phone/used-samsung-galaxy-z-flip-7-8-gb-256-gb"
"Samsung","Galaxy Z Flip 7","Z Fold & Z Flip","8 GB","512 GB",86000,88580,"https://www.cashify.in/sell-old-mobile-phone/used-samsung-galaxy-z-flip-7-8-gb-512-gb"
"Samsung","Galaxy Z Flip 7","Z Fold & Z Flip","8 GB","1024 GB",91000,93730,"https://www.cashify.in/sell-old-mobile-phone/used-samsung-galaxy-z-flip-7-8-gb-1024-gb"
"Samsung","Galaxy Z Flip 7","Z Fold & Z Flip","12 GB","128 GB",76900,79207,"https://www.cashify.in/sell-old-mobile-phone/used-samsung-galaxy-z-flip-7-12-gb-128-gb"
"Samsung","Galaxy Z Flip 7","Z Fold & Z Flip","12 GB","256 GB",82900,85387,"https://www.cashify.in/sell-old-mobile-phone/used-samsung-galaxy-z-flip-7-12-gb-256-gb"
"Samsung","Galaxy Z Flip 7","Z Fold & Z Flip","12 GB","512 GB",88400,91052,"https://www.cashify.in/sell-old-mobile-phone/used-samsung-galaxy-z-flip-7-12-gb-512-gb"
"Samsung","Galaxy Z Flip 7","Z Fold & Z Flip","12 GB","1024 GB",93400,96202,"https://www.cashify.in/sell-old-mobile-phone/used-samsung-galaxy-z-flip-7-12-gb-1024-gb"
"Samsung","Galaxy Z Flip 7","Z Fold & Z Flip","16 GB","128 GB",79300,81679,"https://www.cashify.in/sell-old-mobile-phone/used-samsung-galaxy-z-flip-7-16-gb-128-gb"
"Samsung","Galaxy Z Flip 7","Z Fold & Z Flip","16 GB","256 GB",85300,87859,"https://www.cashify.in/sell-old-mobile-phone/used-samsung-galaxy-z-flip-7-16-gb-256-gb"
"Samsung","Galaxy Z Flip 7","Z Fold & Z Flip","16 GB","512 GB",90800,93524,"https://www.cashify.in/sell-old-mobile-phone/used-samsung-galaxy-z-flip-7-16-gb-512-gb"
"Samsung","Galaxy Z Flip 7","Z Fold & Z Flip","16 GB","1024 GB",95800,98674,"https://www.cashify.in/sell-old-mobile-phone/used-samsung-galaxy-z-flip-7-16-gb-1024-gb"
"Samsung","Galaxy Z Flip 7 FE","Z Fold & Z Flip","8 GB","128 GB",74500,76735,"https://www.cashify.in/sell-old-mobile-phone/used-samsung-galaxy-z-flip-7-fe-8-gb-128-gb"
"Samsung","Galaxy Z Flip 7 FE","Z Fold & Z Flip","8 GB","256 GB",80500,82915,"https://www.cashify.in/sell-old-mobile-phone/used-samsung-galaxy-z-flip-7-fe-8-gb-256-gb"
"Samsung","Galaxy Z Flip 7 FE","Z Fold & Z Flip","8 GB","512 GB",86000,88580,"https://www.cashify.in/sell-old-mobile-phone/used-samsung-galaxy-z-flip-7-fe-8-gb-512-gb"
"Samsung","Galaxy Z Flip 7 FE","Z Fold & Z Flip","8 GB","1024 GB",91000,93730,"https://www.cashify.in/sell-old-mobile-phone/used-samsung-galaxy-z-flip-7-fe-8-gb-1024-gb"
"Samsung","Galaxy Z Flip 7 FE","Z Fold & Z Flip","12 GB","128 GB",76900,79207,"https://www.cashify.in/sell-old-mobile-phone/used-samsung-galaxy-z-flip-7-fe-12-gb-128-gb"
"Samsung","Galaxy Z Flip 7 FE","Z Fold & Z Flip","12 GB","256 GB",82900,85387,"https://www.cashify.in/sell-old-mobile-phone/used-samsung-galaxy-z-flip-7-fe-12-gb-256-gb"
"Samsung","Galaxy Z Flip 7 FE","Z Fold & Z Flip","12 GB","512 GB",88400,91052,"https://www.cashify.in/sell-old-mobile-phone/used-samsung-galaxy-z-flip-7-fe-12-gb-512-gb"
"Samsung","Galaxy Z Flip 7 FE","Z Fold & Z Flip","12 GB","1024 GB",93400,96202,"https://www.cashify.in/sell-old-mobile-phone/used-samsung-galaxy-z-flip-7-fe-12-gb-1024-gb"
"Samsung","Galaxy Z Flip 7 FE","Z Fold & Z Flip","16 GB","128 GB",79300,81679,"https://www.cashify.in/sell-old-mobile-phone/used-samsung-galaxy-z-flip-7-fe-16-gb-128-gb"
"Samsung","Galaxy Z Flip 7 FE","Z Fold & Z Flip","16 GB","256 GB",85300,87859,"https://www.cashify.in/sell-old-mobile-phone/used-samsung-galaxy-z-flip-7-fe-16-gb-256-gb"
"Samsung","Galaxy Z Flip 7 FE","Z Fold & Z Flip","16 GB","512 GB",90800,93524,"https://www.cashify.in/sell-old-mobile-phone/used-samsung-galaxy-z-flip-7-fe-16-gb-512-gb"
"Samsung","Galaxy Z Flip 7 FE","Z Fold & Z Flip","16 GB","1024 GB",95800,98674,"https://www.cashify.in/sell-old-mobile-phone/used-samsung-galaxy-z-flip-7-fe-16-gb-1024-gb"
"Samsung","Galaxy A17","A Series","2 GB","32 GB",10500,10815,"https://www.cashify.in/sell-old-mobile-phone/used-samsung-galaxy-a17-2-gb-32-gb"
"Samsung","Galaxy A17","A Series","2 GB","64 GB",10500,10815,"https://www.cashify.in/sell-old-mobile-phone/used-samsung-galaxy-a17-2-gb-64-gb"
"Samsung","Galaxy A17","A Series","2 GB","128 GB",4500,4635,"https://www.cashify.in/sell-old-mobile-phone/used-samsung-galaxy-a17-2-gb-128-gb"
"Samsung","Galaxy A17","A Series","2 GB","256 GB",10500,10815,"https://www.cashify.in/sell-old-mobile-phone/used-samsung-galaxy-a17-2-gb-256-gb"
"Samsung","Galaxy A17","A Series","4 GB","32 GB",11700,12051,"https://www.cashify.in/sell-old-mobile-phone/used-samsung-galaxy-a17-4-gb-32-gb"
"Samsung","Galaxy A17","A Series","4 GB","64 GB",11700,12051,"https://www.cashify.in/sell-old-mobile-phone/used-samsung-galaxy-a17-4-gb-64-gb"
"Samsung","Galaxy A17","A Series","4 GB","128 GB",5700,5871,"https://www.cashify.in/sell-old-mobile-phone/used-samsung-galaxy-a17-4-gb-128-gb"
"Samsung","Galaxy A17","A Series","4 GB","256 GB",11700,12051,"https://www.cashify.in/sell-old-mobile-phone/used-samsung-galaxy-a17-4-gb-256-gb"
"Samsung","Galaxy A17","A Series","6 GB","32 GB",12900,13287,"https://www.cashify.in/sell-old-mobile-phone/used-samsung-galaxy-a17-6-gb-32-gb"
"Samsung","Galaxy A17","A Series","6 GB","64 GB",12900,13287,"https://www.cashify.in/sell-old-mobile-phone/used-samsung-galaxy-a17-6-gb-64-gb"
"Samsung","Galaxy A17","A Series","6 GB","128 GB",6900,7107,"https://www.cashify.in/sell-old-mobile-phone/used-samsung-galaxy-a17-6-gb-128-gb"
"Samsung","Galaxy A17","A Series","6 GB","256 GB",12900,13287,"https://www.cashify.in/sell-old-mobile-phone/used-samsung-galaxy-a17-6-gb-256-gb"
"Samsung","Galaxy A17","A Series","8 GB","32 GB",14100,14523,"https://www.cashify.in/sell-old-mobile-phone/used-samsung-galaxy-a17-8-gb-32-gb"
"Samsung","Galaxy A17","A Series","8 GB","64 GB",14100,14523,"https://www.cashify.in/sell-old-mobile-phone/used-samsung-galaxy-a17-8-gb-64-gb"
"Samsung","Galaxy A17","A Series","8 GB","128 GB",8100,8343,"https://www.cashify.in/sell-old-mobile-phone/used-samsung-galaxy-a17-8-gb-128-gb"
"Samsung","Galaxy A17","A Series","8 GB","256 GB",14100,14523,"https://www.cashify.in/sell-old-mobile-phone/used-samsung-galaxy-a17-8-gb-256-gb"
"Samsung","Galaxy A27","A Series","2 GB","32 GB",10500,10815,"https://www.cashify.in/sell-old-mobile-phone/used-samsung-galaxy-a27-2-gb-32-gb"
"Samsung","Galaxy A27","A Series","2 GB","64 GB",10500,10815,"https://www.cashify.in/sell-old-mobile-phone/used-samsung-galaxy-a27-2-gb-64-gb"
"Samsung","Galaxy A27","A Series","2 GB","128 GB",4500,4635,"https://www.cashify.in/sell-old-mobile-phone/used-samsung-galaxy-a27-2-gb-128-gb"
"Samsung","Galaxy A27","A Series","2 GB","256 GB",10500,10815,"https://www.cashify.in/sell-old-mobile-phone/used-samsung-galaxy-a27-2-gb-256-gb"
"Samsung","Galaxy A27","A Series","4 GB","32 GB",11700,12051,"https://www.cashify.in/sell-old-mobile-phone/used-samsung-galaxy-a27-4-gb-32-gb"
"Samsung","Galaxy A27","A Series","4 GB","64 GB",11700,12051,"https://www.cashify.in/sell-old-mobile-phone/used-samsung-galaxy-a27-4-gb-64-gb"
"Samsung","Galaxy A27","A Series","4 GB","128 GB",5700,5871,"https://www.cashify.in/sell-old-mobile-phone/used-samsung-galaxy-a27-4-gb-128-gb"
"Samsung","Galaxy A27","A Series","4 GB","256 GB",11700,12051,"https://www.cashify.in/sell-old-mobile-phone/used-samsung-galaxy-a27-4-gb-256-gb"
"Samsung","Galaxy A27","A Series","6 GB","32 GB",12900,13287,"https://www.cashify.in/sell-old-mobile-phone/used-samsung-galaxy-a27-6-gb-32-gb"
"Samsung","Galaxy A27","A Series","6 GB","64 GB",12900,13287,"https://www.cashify.in/sell-old-mobile-phone/used-samsung-galaxy-a27-6-gb-64-gb"
"Samsung","Galaxy A27","A Series","6 GB","128 GB",6900,7107,"https://www.cashify.in/sell-old-mobile-phone/used-samsung-galaxy-a27-6-gb-128-gb"
"Samsung","Galaxy A27","A Series","6 GB","256 GB",12900,13287,"https://www.cashify.in/sell-old-mobile-phone/used-samsung-galaxy-a27-6-gb-256-gb"
"Samsung","Galaxy A27","A Series","8 GB","32 GB",14100,14523,"https://www.cashify.in/sell-old-mobile-phone/used-samsung-galaxy-a27-8-gb-32-gb"
"Samsung","Galaxy A27","A Series","8 GB","64 GB",14100,14523,"https://www.cashify.in/sell-old-mobile-phone/used-samsung-galaxy-a27-8-gb-64-gb"
"Samsung","Galaxy A27","A Series","8 GB","128 GB",8100,8343,"https://www.cashify.in/sell-old-mobile-phone/used-samsung-galaxy-a27-8-gb-128-gb"
"Samsung","Galaxy A27","A Series","8 GB","256 GB",14100,14523,"https://www.cashify.in/sell-old-mobile-phone/used-samsung-galaxy-a27-8-gb-256-gb"
"Samsung","Galaxy A37","A Series","2 GB","32 GB",10500,10815,"https://www.cashify.in/sell-old-mobile-phone/used-samsung-galaxy-a37-2-gb-32-gb"
"Samsung","Galaxy A37","A Series","2 GB","64 GB",10500,10815,"https://www.cashify.in/sell-old-mobile-phone/used-samsung-galaxy-a37-2-gb-64-gb"
"Samsung","Galaxy A37","A Series","2 GB","128 GB",4500,4635,"https://www.cashify.in/sell-old-mobile-phone/used-samsung-galaxy-a37-2-gb-128-gb"
"Samsung","Galaxy A37","A Series","2 GB","256 GB",10500,10815,"https://www.cashify.in/sell-old-mobile-phone/used-samsung-galaxy-a37-2-gb-256-gb"
"Samsung","Galaxy A37","A Series","4 GB","32 GB",11700,12051,"https://www.cashify.in/sell-old-mobile-phone/used-samsung-galaxy-a37-4-gb-32-gb"
"Samsung","Galaxy A37","A Series","4 GB","64 GB",11700,12051,"https://www.cashify.in/sell-old-mobile-phone/used-samsung-galaxy-a37-4-gb-64-gb"
"Samsung","Galaxy A37","A Series","4 GB","128 GB",5700,5871,"https://www.cashify.in/sell-old-mobile-phone/used-samsung-galaxy-a37-4-gb-128-gb"
"Samsung","Galaxy A37","A Series","4 GB","256 GB",11700,12051,"https://www.cashify.in/sell-old-mobile-phone/used-samsung-galaxy-a37-4-gb-256-gb"
"Samsung","Galaxy A37","A Series","6 GB","32 GB",12900,13287,"https://www.cashify.in/sell-old-mobile-phone/used-samsung-galaxy-a37-6-gb-32-gb"
"Samsung","Galaxy A37","A Series","6 GB","64 GB",12900,13287,"https://www.cashify.in/sell-old-mobile-phone/used-samsung-galaxy-a37-6-gb-64-gb"
"Samsung","Galaxy A37","A Series","6 GB","128 GB",6900,7107,"https://www.cashify.in/sell-old-mobile-phone/used-samsung-galaxy-a37-6-gb-128-gb"
"Samsung","Galaxy A37","A Series","6 GB","256 GB",12900,13287,"https://www.cashify.in/sell-old-mobile-phone/used-samsung-galaxy-a37-6-gb-256-gb"
"Samsung","Galaxy A37","A Series","8 GB","32 GB",14100,14523,"https://www.cashify.in/sell-old-mobile-phone/used-samsung-galaxy-a37-8-gb-32-gb"
"Samsung","Galaxy A37","A Series","8 GB","64 GB",14100,14523,"https://www.cashify.in/sell-old-mobile-phone/used-samsung-galaxy-a37-8-gb-64-gb"
"Samsung","Galaxy A37","A Series","8 GB","128 GB",8100,8343,"https://www.cashify.in/sell-old-mobile-phone/used-samsung-galaxy-a37-8-gb-128-gb"
"Samsung","Galaxy A37","A Series","8 GB","256 GB",14100,14523,"https://www.cashify.in/sell-old-mobile-phone/used-samsung-galaxy-a37-8-gb-256-gb"
"Samsung","Galaxy A57","A Series","2 GB","32 GB",10500,10815,"https://www.cashify.in/sell-old-mobile-phone/used-samsung-galaxy-a57-2-gb-32-gb"
"Samsung","Galaxy A57","A Series","2 GB","64 GB",10500,10815,"https://www.cashify.in/sell-old-mobile-phone/used-samsung-galaxy-a57-2-gb-64-gb"
"Samsung","Galaxy A57","A Series","2 GB","128 GB",4500,4635,"https://www.cashify.in/sell-old-mobile-phone/used-samsung-galaxy-a57-2-gb-128-gb"
"Samsung","Galaxy A57","A Series","2 GB","256 GB",10500,10815,"https://www.cashify.in/sell-old-mobile-phone/used-samsung-galaxy-a57-2-gb-256-gb"
"Samsung","Galaxy A57","A Series","4 GB","32 GB",11700,12051,"https://www.cashify.in/sell-old-mobile-phone/used-samsung-galaxy-a57-4-gb-32-gb"
"Samsung","Galaxy A57","A Series","4 GB","64 GB",11700,12051,"https://www.cashify.in/sell-old-mobile-phone/used-samsung-galaxy-a57-4-gb-64-gb"
"Samsung","Galaxy A57","A Series","4 GB","128 GB",5700,5871,"https://www.cashify.in/sell-old-mobile-phone/used-samsung-galaxy-a57-4-gb-128-gb"
"Samsung","Galaxy A57","A Series","4 GB","256 GB",11700,12051,"https://www.cashify.in/sell-old-mobile-phone/used-samsung-galaxy-a57-4-gb-256-gb"
"Samsung","Galaxy A57","A Series","6 GB","32 GB",12900,13287,"https://www.cashify.in/sell-old-mobile-phone/used-samsung-galaxy-a57-6-gb-32-gb"
"Samsung","Galaxy A57","A Series","6 GB","64 GB",12900,13287,"https://www.cashify.in/sell-old-mobile-phone/used-samsung-galaxy-a57-6-gb-64-gb"
"Samsung","Galaxy A57","A Series","6 GB","128 GB",6900,7107,"https://www.cashify.in/sell-old-mobile-phone/used-samsung-galaxy-a57-6-gb-128-gb"
"Samsung","Galaxy A57","A Series","6 GB","256 GB",12900,13287,"https://www.cashify.in/sell-old-mobile-phone/used-samsung-galaxy-a57-6-gb-256-gb"
"Samsung","Galaxy A57","A Series","8 GB","32 GB",14100,14523,"https://www.cashify.in/sell-old-mobile-phone/used-samsung-galaxy-a57-8-gb-32-gb"
"Samsung","Galaxy A57","A Series","8 GB","64 GB",14100,14523,"https://www.cashify.in/sell-old-mobile-phone/used-samsung-galaxy-a57-8-gb-64-gb"
"Samsung","Galaxy A57","A Series","8 GB","128 GB",8100,8343,"https://www.cashify.in/sell-old-mobile-phone/used-samsung-galaxy-a57-8-gb-128-gb"
"Samsung","Galaxy A57","A Series","8 GB","256 GB",14100,14523,"https://www.cashify.in/sell-old-mobile-phone/used-samsung-galaxy-a57-8-gb-256-gb"
"Samsung","Galaxy F07","F Series","2 GB","32 GB",10500,10815,"https://www.cashify.in/sell-old-mobile-phone/used-samsung-galaxy-f07-2-gb-32-gb"
"Samsung","Galaxy F07","F Series","2 GB","64 GB",10500,10815,"https://www.cashify.in/sell-old-mobile-phone/used-samsung-galaxy-f07-2-gb-64-gb"
"Samsung","Galaxy F07","F Series","2 GB","128 GB",4500,4635,"https://www.cashify.in/sell-old-mobile-phone/used-samsung-galaxy-f07-2-gb-128-gb"
"Samsung","Galaxy F07","F Series","2 GB","256 GB",10500,10815,"https://www.cashify.in/sell-old-mobile-phone/used-samsung-galaxy-f07-2-gb-256-gb"
"Samsung","Galaxy F07","F Series","4 GB","32 GB",11700,12051,"https://www.cashify.in/sell-old-mobile-phone/used-samsung-galaxy-f07-4-gb-32-gb"
"Samsung","Galaxy F07","F Series","4 GB","64 GB",11700,12051,"https://www.cashify.in/sell-old-mobile-phone/used-samsung-galaxy-f07-4-gb-64-gb"
"Samsung","Galaxy F07","F Series","4 GB","128 GB",5700,5871,"https://www.cashify.in/sell-old-mobile-phone/used-samsung-galaxy-f07-4-gb-128-gb"
"Samsung","Galaxy F07","F Series","4 GB","256 GB",11700,12051,"https://www.cashify.in/sell-old-mobile-phone/used-samsung-galaxy-f07-4-gb-256-gb"
"Samsung","Galaxy F07","F Series","6 GB","32 GB",12900,13287,"https://www.cashify.in/sell-old-mobile-phone/used-samsung-galaxy-f07-6-gb-32-gb"
"Samsung","Galaxy F07","F Series","6 GB","64 GB",12900,13287,"https://www.cashify.in/sell-old-mobile-phone/used-samsung-galaxy-f07-6-gb-64-gb"
"Samsung","Galaxy F07","F Series","6 GB","128 GB",6900,7107,"https://www.cashify.in/sell-old-mobile-phone/used-samsung-galaxy-f07-6-gb-128-gb"
"Samsung","Galaxy F07","F Series","6 GB","256 GB",12900,13287,"https://www.cashify.in/sell-old-mobile-phone/used-samsung-galaxy-f07-6-gb-256-gb"
"Samsung","Galaxy F07","F Series","8 GB","32 GB",14100,14523,"https://www.cashify.in/sell-old-mobile-phone/used-samsung-galaxy-f07-8-gb-32-gb"
"Samsung","Galaxy F07","F Series","8 GB","64 GB",14100,14523,"https://www.cashify.in/sell-old-mobile-phone/used-samsung-galaxy-f07-8-gb-64-gb"
"Samsung","Galaxy F07","F Series","8 GB","128 GB",8100,8343,"https://www.cashify.in/sell-old-mobile-phone/used-samsung-galaxy-f07-8-gb-128-gb"
"Samsung","Galaxy F07","F Series","8 GB","256 GB",14100,14523,"https://www.cashify.in/sell-old-mobile-phone/used-samsung-galaxy-f07-8-gb-256-gb"
"Samsung","Galaxy F70","F Series","2 GB","32 GB",10500,10815,"https://www.cashify.in/sell-old-mobile-phone/used-samsung-galaxy-f70-2-gb-32-gb"
"Samsung","Galaxy F70","F Series","2 GB","64 GB",10500,10815,"https://www.cashify.in/sell-old-mobile-phone/used-samsung-galaxy-f70-2-gb-64-gb"
"Samsung","Galaxy F70","F Series","2 GB","128 GB",4500,4635,"https://www.cashify.in/sell-old-mobile-phone/used-samsung-galaxy-f70-2-gb-128-gb"
"Samsung","Galaxy F70","F Series","2 GB","256 GB",10500,10815,"https://www.cashify.in/sell-old-mobile-phone/used-samsung-galaxy-f70-2-gb-256-gb"
"Samsung","Galaxy F70","F Series","4 GB","32 GB",11700,12051,"https://www.cashify.in/sell-old-mobile-phone/used-samsung-galaxy-f70-4-gb-32-gb"
"Samsung","Galaxy F70","F Series","4 GB","64 GB",11700,12051,"https://www.cashify.in/sell-old-mobile-phone/used-samsung-galaxy-f70-4-gb-64-gb"
"Samsung","Galaxy F70","F Series","4 GB","128 GB",5700,5871,"https://www.cashify.in/sell-old-mobile-phone/used-samsung-galaxy-f70-4-gb-128-gb"
"Samsung","Galaxy F70","F Series","4 GB","256 GB",11700,12051,"https://www.cashify.in/sell-old-mobile-phone/used-samsung-galaxy-f70-4-gb-256-gb"
"Samsung","Galaxy F70","F Series","6 GB","32 GB",12900,13287,"https://www.cashify.in/sell-old-mobile-phone/used-samsung-galaxy-f70-6-gb-32-gb"
"Samsung","Galaxy F70","F Series","6 GB","64 GB",12900,13287,"https://www.cashify.in/sell-old-mobile-phone/used-samsung-galaxy-f70-6-gb-64-gb"
"Samsung","Galaxy F70","F Series","6 GB","128 GB",6900,7107,"https://www.cashify.in/sell-old-mobile-phone/used-samsung-galaxy-f70-6-gb-128-gb"
"Samsung","Galaxy F70","F Series","6 GB","256 GB",12900,13287,"https://www.cashify.in/sell-old-mobile-phone/used-samsung-galaxy-f70-6-gb-256-gb"
"Samsung","Galaxy F70","F Series","8 GB","32 GB",14100,14523,"https://www.cashify.in/sell-old-mobile-phone/used-samsung-galaxy-f70-8-gb-32-gb"
"Samsung","Galaxy F70","F Series","8 GB","64 GB",14100,14523,"https://www.cashify.in/sell-old-mobile-phone/used-samsung-galaxy-f70-8-gb-64-gb"
"Samsung","Galaxy F70","F Series","8 GB","128 GB",8100,8343,"https://www.cashify.in/sell-old-mobile-phone/used-samsung-galaxy-f70-8-gb-128-gb"
"Samsung","Galaxy F70","F Series","8 GB","256 GB",14100,14523,"https://www.cashify.in/sell-old-mobile-phone/used-samsung-galaxy-f70-8-gb-256-gb"
"Samsung","Galaxy M07","M Series","2 GB","32 GB",10500,10815,"https://www.cashify.in/sell-old-mobile-phone/used-samsung-galaxy-m07-2-gb-32-gb"
"Samsung","Galaxy M07","M Series","2 GB","64 GB",10500,10815,"https://www.cashify.in/sell-old-mobile-phone/used-samsung-galaxy-m07-2-gb-64-gb"
"Samsung","Galaxy M07","M Series","2 GB","128 GB",4500,4635,"https://www.cashify.in/sell-old-mobile-phone/used-samsung-galaxy-m07-2-gb-128-gb"
"Samsung","Galaxy M07","M Series","2 GB","256 GB",10500,10815,"https://www.cashify.in/sell-old-mobile-phone/used-samsung-galaxy-m07-2-gb-256-gb"
"Samsung","Galaxy M07","M Series","4 GB","32 GB",11700,12051,"https://www.cashify.in/sell-old-mobile-phone/used-samsung-galaxy-m07-4-gb-32-gb"
"Samsung","Galaxy M07","M Series","4 GB","64 GB",11700,12051,"https://www.cashify.in/sell-old-mobile-phone/used-samsung-galaxy-m07-4-gb-64-gb"
"Samsung","Galaxy M07","M Series","4 GB","128 GB",5700,5871,"https://www.cashify.in/sell-old-mobile-phone/used-samsung-galaxy-m07-4-gb-128-gb"
"Samsung","Galaxy M07","M Series","4 GB","256 GB",11700,12051,"https://www.cashify.in/sell-old-mobile-phone/used-samsung-galaxy-m07-4-gb-256-gb"
"Samsung","Galaxy M07","M Series","6 GB","32 GB",12900,13287,"https://www.cashify.in/sell-old-mobile-phone/used-samsung-galaxy-m07-6-gb-32-gb"
"Samsung","Galaxy M07","M Series","6 GB","64 GB",12900,13287,"https://www.cashify.in/sell-old-mobile-phone/used-samsung-galaxy-m07-6-gb-64-gb"
"Samsung","Galaxy M07","M Series","6 GB","128 GB",6900,7107,"https://www.cashify.in/sell-old-mobile-phone/used-samsung-galaxy-m07-6-gb-128-gb"
"Samsung","Galaxy M07","M Series","6 GB","256 GB",12900,13287,"https://www.cashify.in/sell-old-mobile-phone/used-samsung-galaxy-m07-6-gb-256-gb"
"Samsung","Galaxy M07","M Series","8 GB","32 GB",14100,14523,"https://www.cashify.in/sell-old-mobile-phone/used-samsung-galaxy-m07-8-gb-32-gb"
"Samsung","Galaxy M07","M Series","8 GB","64 GB",14100,14523,"https://www.cashify.in/sell-old-mobile-phone/used-samsung-galaxy-m07-8-gb-64-gb"
"Samsung","Galaxy M07","M Series","8 GB","128 GB",8100,8343,"https://www.cashify.in/sell-old-mobile-phone/used-samsung-galaxy-m07-8-gb-128-gb"
"Samsung","Galaxy M07","M Series","8 GB","256 GB",14100,14523,"https://www.cashify.in/sell-old-mobile-phone/used-samsung-galaxy-m07-8-gb-256-gb"
"Samsung","Galaxy Z Fold 8","Z Fold & Z Flip","8 GB","256 GB",94500,97335,"https://www.cashify.in/sell-old-mobile-phone/used-samsung-galaxy-z-fold-8-8-gb-256-gb"
"Samsung","Galaxy Z Fold 8","Z Fold & Z Flip","8 GB","512 GB",100000,103000,"https://www.cashify.in/sell-old-mobile-phone/used-samsung-galaxy-z-fold-8-8-gb-512-gb"
"Samsung","Galaxy Z Fold 8","Z Fold & Z Flip","8 GB","1024 GB",105000,108150,"https://www.cashify.in/sell-old-mobile-phone/used-samsung-galaxy-z-fold-8-8-gb-1024-gb"
"Samsung","Galaxy Z Fold 8","Z Fold & Z Flip","12 GB","256 GB",96900,99807,"https://www.cashify.in/sell-old-mobile-phone/used-samsung-galaxy-z-fold-8-12-gb-256-gb"
"Samsung","Galaxy Z Fold 8","Z Fold & Z Flip","12 GB","512 GB",102400,105472,"https://www.cashify.in/sell-old-mobile-phone/used-samsung-galaxy-z-fold-8-12-gb-512-gb"
"Samsung","Galaxy Z Fold 8","Z Fold & Z Flip","12 GB","1024 GB",107400,110622,"https://www.cashify.in/sell-old-mobile-phone/used-samsung-galaxy-z-fold-8-12-gb-1024-gb"
"Samsung","Galaxy Z Fold 8","Z Fold & Z Flip","16 GB","256 GB",99300,102279,"https://www.cashify.in/sell-old-mobile-phone/used-samsung-galaxy-z-fold-8-16-gb-256-gb"
"Samsung","Galaxy Z Fold 8","Z Fold & Z Flip","16 GB","512 GB",104800,107944,"https://www.cashify.in/sell-old-mobile-phone/used-samsung-galaxy-z-fold-8-16-gb-512-gb"
"Samsung","Galaxy Z Fold 8","Z Fold & Z Flip","16 GB","1024 GB",109800,113094,"https://www.cashify.in/sell-old-mobile-phone/used-samsung-galaxy-z-fold-8-16-gb-1024-gb"
"Samsung","Galaxy Z Fold 8 Ultra","Z Fold & Z Flip","8 GB","256 GB",94500,97335,"https://www.cashify.in/sell-old-mobile-phone/used-samsung-galaxy-z-fold-8-ultra-8-gb-256-gb"
"Samsung","Galaxy Z Fold 8 Ultra","Z Fold & Z Flip","8 GB","512 GB",100000,103000,"https://www.cashify.in/sell-old-mobile-phone/used-samsung-galaxy-z-fold-8-ultra-8-gb-512-gb"
"Samsung","Galaxy Z Fold 8 Ultra","Z Fold & Z Flip","8 GB","1024 GB",105000,108150,"https://www.cashify.in/sell-old-mobile-phone/used-samsung-galaxy-z-fold-8-ultra-8-gb-1024-gb"
"Samsung","Galaxy Z Fold 8 Ultra","Z Fold & Z Flip","12 GB","256 GB",96900,99807,"https://www.cashify.in/sell-old-mobile-phone/used-samsung-galaxy-z-fold-8-ultra-12-gb-256-gb"
"Samsung","Galaxy Z Fold 8 Ultra","Z Fold & Z Flip","12 GB","512 GB",102400,105472,"https://www.cashify.in/sell-old-mobile-phone/used-samsung-galaxy-z-fold-8-ultra-12-gb-512-gb"
"Samsung","Galaxy Z Fold 8 Ultra","Z Fold & Z Flip","12 GB","1024 GB",107400,110622,"https://www.cashify.in/sell-old-mobile-phone/used-samsung-galaxy-z-fold-8-ultra-12-gb-1024-gb"
"Samsung","Galaxy Z Fold 8 Ultra","Z Fold & Z Flip","16 GB","256 GB",99300,102279,"https://www.cashify.in/sell-old-mobile-phone/used-samsung-galaxy-z-fold-8-ultra-16-gb-256-gb"
"Samsung","Galaxy Z Fold 8 Ultra","Z Fold & Z Flip","16 GB","512 GB",104800,107944,"https://www.cashify.in/sell-old-mobile-phone/used-samsung-galaxy-z-fold-8-ultra-16-gb-512-gb"
"Samsung","Galaxy Z Fold 8 Ultra","Z Fold & Z Flip","16 GB","1024 GB",109800,113094,"https://www.cashify.in/sell-old-mobile-phone/used-samsung-galaxy-z-fold-8-ultra-16-gb-1024-gb"
"Samsung","Galaxy Z Flip 8","Z Fold & Z Flip","8 GB","128 GB",84500,87035,"https://www.cashify.in/sell-old-mobile-phone/used-samsung-galaxy-z-flip-8-8-gb-128-gb"
"Samsung","Galaxy Z Flip 8","Z Fold & Z Flip","8 GB","256 GB",90500,93215,"https://www.cashify.in/sell-old-mobile-phone/used-samsung-galaxy-z-flip-8-8-gb-256-gb"
"Samsung","Galaxy Z Flip 8","Z Fold & Z Flip","8 GB","512 GB",96000,98880,"https://www.cashify.in/sell-old-mobile-phone/used-samsung-galaxy-z-flip-8-8-gb-512-gb"
"Samsung","Galaxy Z Flip 8","Z Fold & Z Flip","8 GB","1024 GB",101000,104030,"https://www.cashify.in/sell-old-mobile-phone/used-samsung-galaxy-z-flip-8-8-gb-1024-gb"
"Samsung","Galaxy Z Flip 8","Z Fold & Z Flip","12 GB","128 GB",86900,89507,"https://www.cashify.in/sell-old-mobile-phone/used-samsung-galaxy-z-flip-8-12-gb-128-gb"
"Samsung","Galaxy Z Flip 8","Z Fold & Z Flip","12 GB","256 GB",92900,95687,"https://www.cashify.in/sell-old-mobile-phone/used-samsung-galaxy-z-flip-8-12-gb-256-gb"
"Samsung","Galaxy Z Flip 8","Z Fold & Z Flip","12 GB","512 GB",98400,101352,"https://www.cashify.in/sell-old-mobile-phone/used-samsung-galaxy-z-flip-8-12-gb-512-gb"
"Samsung","Galaxy Z Flip 8","Z Fold & Z Flip","12 GB","1024 GB",103400,106502,"https://www.cashify.in/sell-old-mobile-phone/used-samsung-galaxy-z-flip-8-12-gb-1024-gb"
"Samsung","Galaxy Z Flip 8","Z Fold & Z Flip","16 GB","128 GB",89300,91979,"https://www.cashify.in/sell-old-mobile-phone/used-samsung-galaxy-z-flip-8-16-gb-128-gb"
"Samsung","Galaxy Z Flip 8","Z Fold & Z Flip","16 GB","256 GB",95300,98159,"https://www.cashify.in/sell-old-mobile-phone/used-samsung-galaxy-z-flip-8-16-gb-256-gb"
"Samsung","Galaxy Z Flip 8","Z Fold & Z Flip","16 GB","512 GB",100800,103824,"https://www.cashify.in/sell-old-mobile-phone/used-samsung-galaxy-z-flip-8-16-gb-512-gb"
"Samsung","Galaxy Z Flip 8","Z Fold & Z Flip","16 GB","1024 GB",105800,108974,"https://www.cashify.in/sell-old-mobile-phone/used-samsung-galaxy-z-flip-8-16-gb-1024-gb"
"Samsung","Galaxy M47","M Series","2 GB","32 GB",11500,11845,"https://www.cashify.in/sell-old-mobile-phone/used-samsung-galaxy-m47-2-gb-32-gb"
"Samsung","Galaxy M47","M Series","2 GB","64 GB",11500,11845,"https://www.cashify.in/sell-old-mobile-phone/used-samsung-galaxy-m47-2-gb-64-gb"
"Samsung","Galaxy M47","M Series","2 GB","128 GB",5500,5665,"https://www.cashify.in/sell-old-mobile-phone/used-samsung-galaxy-m47-2-gb-128-gb"
"Samsung","Galaxy M47","M Series","2 GB","256 GB",11500,11845,"https://www.cashify.in/sell-old-mobile-phone/used-samsung-galaxy-m47-2-gb-256-gb"
"Samsung","Galaxy M47","M Series","4 GB","32 GB",12700,13081,"https://www.cashify.in/sell-old-mobile-phone/used-samsung-galaxy-m47-4-gb-32-gb"
"Samsung","Galaxy M47","M Series","4 GB","64 GB",12700,13081,"https://www.cashify.in/sell-old-mobile-phone/used-samsung-galaxy-m47-4-gb-64-gb"
"Samsung","Galaxy M47","M Series","4 GB","128 GB",6700,6901,"https://www.cashify.in/sell-old-mobile-phone/used-samsung-galaxy-m47-4-gb-128-gb"
"Samsung","Galaxy M47","M Series","4 GB","256 GB",12700,13081,"https://www.cashify.in/sell-old-mobile-phone/used-samsung-galaxy-m47-4-gb-256-gb"
"Samsung","Galaxy M47","M Series","6 GB","32 GB",13900,14317,"https://www.cashify.in/sell-old-mobile-phone/used-samsung-galaxy-m47-6-gb-32-gb"
"Samsung","Galaxy M47","M Series","6 GB","64 GB",13900,14317,"https://www.cashify.in/sell-old-mobile-phone/used-samsung-galaxy-m47-6-gb-64-gb"
"Samsung","Galaxy M47","M Series","6 GB","128 GB",7900,8137,"https://www.cashify.in/sell-old-mobile-phone/used-samsung-galaxy-m47-6-gb-128-gb"
"Samsung","Galaxy M47","M Series","6 GB","256 GB",13900,14317,"https://www.cashify.in/sell-old-mobile-phone/used-samsung-galaxy-m47-6-gb-256-gb"
"Samsung","Galaxy M47","M Series","8 GB","32 GB",15100,15553,"https://www.cashify.in/sell-old-mobile-phone/used-samsung-galaxy-m47-8-gb-32-gb"
"Samsung","Galaxy M47","M Series","8 GB","64 GB",15100,15553,"https://www.cashify.in/sell-old-mobile-phone/used-samsung-galaxy-m47-8-gb-64-gb"
"Samsung","Galaxy M47","M Series","8 GB","128 GB",9100,9373,"https://www.cashify.in/sell-old-mobile-phone/used-samsung-galaxy-m47-8-gb-128-gb"
"Samsung","Galaxy M47","M Series","8 GB","256 GB",15100,15553,"https://www.cashify.in/sell-old-mobile-phone/used-samsung-galaxy-m47-8-gb-256-gb"
"Samsung","Galaxy F47","F Series","2 GB","32 GB",11500,11845,"https://www.cashify.in/sell-old-mobile-phone/used-samsung-galaxy-f47-2-gb-32-gb"
"Samsung","Galaxy F47","F Series","2 GB","64 GB",11500,11845,"https://www.cashify.in/sell-old-mobile-phone/used-samsung-galaxy-f47-2-gb-64-gb"
"Samsung","Galaxy F47","F Series","2 GB","128 GB",5500,5665,"https://www.cashify.in/sell-old-mobile-phone/used-samsung-galaxy-f47-2-gb-128-gb"
"Samsung","Galaxy F47","F Series","2 GB","256 GB",11500,11845,"https://www.cashify.in/sell-old-mobile-phone/used-samsung-galaxy-f47-2-gb-256-gb"
"Samsung","Galaxy F47","F Series","4 GB","32 GB",12700,13081,"https://www.cashify.in/sell-old-mobile-phone/used-samsung-galaxy-f47-4-gb-32-gb"
"Samsung","Galaxy F47","F Series","4 GB","64 GB",12700,13081,"https://www.cashify.in/sell-old-mobile-phone/used-samsung-galaxy-f47-4-gb-64-gb"
"Samsung","Galaxy F47","F Series","4 GB","128 GB",6700,6901,"https://www.cashify.in/sell-old-mobile-phone/used-samsung-galaxy-f47-4-gb-128-gb"
"Samsung","Galaxy F47","F Series","4 GB","256 GB",12700,13081,"https://www.cashify.in/sell-old-mobile-phone/used-samsung-galaxy-f47-4-gb-256-gb"
"Samsung","Galaxy F47","F Series","6 GB","32 GB",13900,14317,"https://www.cashify.in/sell-old-mobile-phone/used-samsung-galaxy-f47-6-gb-32-gb"
"Samsung","Galaxy F47","F Series","6 GB","64 GB",13900,14317,"https://www.cashify.in/sell-old-mobile-phone/used-samsung-galaxy-f47-6-gb-64-gb"
"Samsung","Galaxy F47","F Series","6 GB","128 GB",7900,8137,"https://www.cashify.in/sell-old-mobile-phone/used-samsung-galaxy-f47-6-gb-128-gb"
"Samsung","Galaxy F47","F Series","6 GB","256 GB",13900,14317,"https://www.cashify.in/sell-old-mobile-phone/used-samsung-galaxy-f47-6-gb-256-gb"
"Samsung","Galaxy F47","F Series","8 GB","32 GB",15100,15553,"https://www.cashify.in/sell-old-mobile-phone/used-samsung-galaxy-f47-8-gb-32-gb"
"Samsung","Galaxy F47","F Series","8 GB","64 GB",15100,15553,"https://www.cashify.in/sell-old-mobile-phone/used-samsung-galaxy-f47-8-gb-64-gb"
"Samsung","Galaxy F47","F Series","8 GB","128 GB",9100,9373,"https://www.cashify.in/sell-old-mobile-phone/used-samsung-galaxy-f47-8-gb-128-gb"
"Samsung","Galaxy F47","F Series","8 GB","256 GB",15100,15553,"https://www.cashify.in/sell-old-mobile-phone/used-samsung-galaxy-f47-8-gb-256-gb"
"vivo","vivo X300 Ultra","X Series & Folds","8 GB","256 GB",78000,80340,"https://www.cashify.in/sell-old-mobile-phone/used-vivo-x300-ultra-8-gb-256-gb"
"vivo","vivo X300 Ultra","X Series & Folds","8 GB","512 GB",83500,86005,"https://www.cashify.in/sell-old-mobile-phone/used-vivo-x300-ultra-8-gb-512-gb"
"vivo","vivo X300 Ultra","X Series & Folds","8 GB","1024 GB",88500,91155,"https://www.cashify.in/sell-old-mobile-phone/used-vivo-x300-ultra-8-gb-1024-gb"
"vivo","vivo X300 Ultra","X Series & Folds","12 GB","256 GB",80400,82812,"https://www.cashify.in/sell-old-mobile-phone/used-vivo-x300-ultra-12-gb-256-gb"
"vivo","vivo X300 Ultra","X Series & Folds","12 GB","512 GB",85900,88477,"https://www.cashify.in/sell-old-mobile-phone/used-vivo-x300-ultra-12-gb-512-gb"
"vivo","vivo X300 Ultra","X Series & Folds","12 GB","1024 GB",90900,93627,"https://www.cashify.in/sell-old-mobile-phone/used-vivo-x300-ultra-12-gb-1024-gb"
"vivo","vivo X300 Ultra","X Series & Folds","16 GB","256 GB",82800,85284,"https://www.cashify.in/sell-old-mobile-phone/used-vivo-x300-ultra-16-gb-256-gb"
"vivo","vivo X300 Ultra","X Series & Folds","16 GB","512 GB",88300,90949,"https://www.cashify.in/sell-old-mobile-phone/used-vivo-x300-ultra-16-gb-512-gb"
"vivo","vivo X300 Ultra","X Series & Folds","16 GB","1024 GB",93300,96099,"https://www.cashify.in/sell-old-mobile-phone/used-vivo-x300-ultra-16-gb-1024-gb"
"vivo","vivo X300 Pro","X Series & Folds","8 GB","128 GB",68000,70040,"https://www.cashify.in/sell-old-mobile-phone/used-vivo-x300-pro-8-gb-128-gb"
"vivo","vivo X300 Pro","X Series & Folds","8 GB","256 GB",74000,76220,"https://www.cashify.in/sell-old-mobile-phone/used-vivo-x300-pro-8-gb-256-gb"
"vivo","vivo X300 Pro","X Series & Folds","8 GB","512 GB",79000,81370,"https://www.cashify.in/sell-old-mobile-phone/used-vivo-x300-pro-8-gb-512-gb"
"vivo","vivo X300 Pro","X Series & Folds","8 GB","1024 GB",84000,86520,"https://www.cashify.in/sell-old-mobile-phone/used-vivo-x300-pro-8-gb-1024-gb"
"vivo","vivo X300 Pro","X Series & Folds","12 GB","128 GB",70400,72512,"https://www.cashify.in/sell-old-mobile-phone/used-vivo-x300-pro-12-gb-128-gb"
"vivo","vivo X300 Pro","X Series & Folds","12 GB","256 GB",76400,78692,"https://www.cashify.in/sell-old-mobile-phone/used-vivo-x300-pro-12-gb-256-gb"
"vivo","vivo X300 Pro","X Series & Folds","12 GB","512 GB",81400,83842,"https://www.cashify.in/sell-old-mobile-phone/used-vivo-x300-pro-12-gb-512-gb"
"vivo","vivo X300 Pro","X Series & Folds","12 GB","1024 GB",86400,88992,"https://www.cashify.in/sell-old-mobile-phone/used-vivo-x300-pro-12-gb-1024-gb"
"vivo","vivo X300 Pro","X Series & Folds","16 GB","128 GB",72800,74984,"https://www.cashify.in/sell-old-mobile-phone/used-vivo-x300-pro-16-gb-128-gb"
"vivo","vivo X300 Pro","X Series & Folds","16 GB","256 GB",78800,81164,"https://www.cashify.in/sell-old-mobile-phone/used-vivo-x300-pro-16-gb-256-gb"
"vivo","vivo X300 Pro","X Series & Folds","16 GB","512 GB",83800,86314,"https://www.cashify.in/sell-old-mobile-phone/used-vivo-x300-pro-16-gb-512-gb"
"vivo","vivo X300 Pro","X Series & Folds","16 GB","1024 GB",88800,91464,"https://www.cashify.in/sell-old-mobile-phone/used-vivo-x300-pro-16-gb-1024-gb"
"vivo","vivo X300","X Series & Folds","8 GB","128 GB",64000,65920,"https://www.cashify.in/sell-old-mobile-phone/used-vivo-x300-8-gb-128-gb"
"vivo","vivo X300","X Series & Folds","8 GB","256 GB",70000,72100,"https://www.cashify.in/sell-old-mobile-phone/used-vivo-x300-8-gb-256-gb"
"vivo","vivo X300","X Series & Folds","8 GB","512 GB",75500,77765,"https://www.cashify.in/sell-old-mobile-phone/used-vivo-x300-8-gb-512-gb"
"vivo","vivo X300","X Series & Folds","8 GB","1024 GB",80500,82915,"https://www.cashify.in/sell-old-mobile-phone/used-vivo-x300-8-gb-1024-gb"
"vivo","vivo X300","X Series & Folds","12 GB","128 GB",66400,68392,"https://www.cashify.in/sell-old-mobile-phone/used-vivo-x300-12-gb-128-gb"
"vivo","vivo X300","X Series & Folds","12 GB","256 GB",72400,74572,"https://www.cashify.in/sell-old-mobile-phone/used-vivo-x300-12-gb-256-gb"
"vivo","vivo X300","X Series & Folds","12 GB","512 GB",77900,80237,"https://www.cashify.in/sell-old-mobile-phone/used-vivo-x300-12-gb-512-gb"
"vivo","vivo X300","X Series & Folds","12 GB","1024 GB",82900,85387,"https://www.cashify.in/sell-old-mobile-phone/used-vivo-x300-12-gb-1024-gb"
"vivo","vivo X300","X Series & Folds","16 GB","128 GB",68800,70864,"https://www.cashify.in/sell-old-mobile-phone/used-vivo-x300-16-gb-128-gb"
"vivo","vivo X300","X Series & Folds","16 GB","256 GB",74800,77044,"https://www.cashify.in/sell-old-mobile-phone/used-vivo-x300-16-gb-256-gb"
"vivo","vivo X300","X Series & Folds","16 GB","512 GB",80300,82709,"https://www.cashify.in/sell-old-mobile-phone/used-vivo-x300-16-gb-512-gb"
"vivo","vivo X300","X Series & Folds","16 GB","1024 GB",85300,87859,"https://www.cashify.in/sell-old-mobile-phone/used-vivo-x300-16-gb-1024-gb"
"vivo","vivo X300 FE","X Series & Folds","8 GB","128 GB",64000,65920,"https://www.cashify.in/sell-old-mobile-phone/used-vivo-x300-fe-8-gb-128-gb"
"vivo","vivo X300 FE","X Series & Folds","8 GB","256 GB",70000,72100,"https://www.cashify.in/sell-old-mobile-phone/used-vivo-x300-fe-8-gb-256-gb"
"vivo","vivo X300 FE","X Series & Folds","8 GB","512 GB",75500,77765,"https://www.cashify.in/sell-old-mobile-phone/used-vivo-x300-fe-8-gb-512-gb"
"vivo","vivo X300 FE","X Series & Folds","8 GB","1024 GB",80500,82915,"https://www.cashify.in/sell-old-mobile-phone/used-vivo-x300-fe-8-gb-1024-gb"
"vivo","vivo X300 FE","X Series & Folds","12 GB","128 GB",66400,68392,"https://www.cashify.in/sell-old-mobile-phone/used-vivo-x300-fe-12-gb-128-gb"
"vivo","vivo X300 FE","X Series & Folds","12 GB","256 GB",72400,74572,"https://www.cashify.in/sell-old-mobile-phone/used-vivo-x300-fe-12-gb-256-gb"
"vivo","vivo X300 FE","X Series & Folds","12 GB","512 GB",77900,80237,"https://www.cashify.in/sell-old-mobile-phone/used-vivo-x300-fe-12-gb-512-gb"
"vivo","vivo X300 FE","X Series & Folds","12 GB","1024 GB",82900,85387,"https://www.cashify.in/sell-old-mobile-phone/used-vivo-x300-fe-12-gb-1024-gb"
"vivo","vivo X300 FE","X Series & Folds","16 GB","128 GB",68800,70864,"https://www.cashify.in/sell-old-mobile-phone/used-vivo-x300-fe-16-gb-128-gb"
"vivo","vivo X300 FE","X Series & Folds","16 GB","256 GB",74800,77044,"https://www.cashify.in/sell-old-mobile-phone/used-vivo-x300-fe-16-gb-256-gb"
"vivo","vivo X300 FE","X Series & Folds","16 GB","512 GB",80300,82709,"https://www.cashify.in/sell-old-mobile-phone/used-vivo-x300-fe-16-gb-512-gb"
"vivo","vivo X300 FE","X Series & Folds","16 GB","1024 GB",85300,87859,"https://www.cashify.in/sell-old-mobile-phone/used-vivo-x300-fe-16-gb-1024-gb"
"vivo","vivo X5 Fold","X Series & Folds","8 GB","256 GB",78000,80340,"https://www.cashify.in/sell-old-mobile-phone/used-vivo-x5-fold-8-gb-256-gb"
"vivo","vivo X5 Fold","X Series & Folds","8 GB","512 GB",83500,86005,"https://www.cashify.in/sell-old-mobile-phone/used-vivo-x5-fold-8-gb-512-gb"
"vivo","vivo X5 Fold","X Series & Folds","8 GB","1024 GB",88500,91155,"https://www.cashify.in/sell-old-mobile-phone/used-vivo-x5-fold-8-gb-1024-gb"
"vivo","vivo X5 Fold","X Series & Folds","12 GB","256 GB",80400,82812,"https://www.cashify.in/sell-old-mobile-phone/used-vivo-x5-fold-12-gb-256-gb"
"vivo","vivo X5 Fold","X Series & Folds","12 GB","512 GB",85900,88477,"https://www.cashify.in/sell-old-mobile-phone/used-vivo-x5-fold-12-gb-512-gb"
"vivo","vivo X5 Fold","X Series & Folds","12 GB","1024 GB",90900,93627,"https://www.cashify.in/sell-old-mobile-phone/used-vivo-x5-fold-12-gb-1024-gb"
"vivo","vivo X5 Fold","X Series & Folds","16 GB","256 GB",82800,85284,"https://www.cashify.in/sell-old-mobile-phone/used-vivo-x5-fold-16-gb-256-gb"
"vivo","vivo X5 Fold","X Series & Folds","16 GB","512 GB",88300,90949,"https://www.cashify.in/sell-old-mobile-phone/used-vivo-x5-fold-16-gb-512-gb"
"vivo","vivo X5 Fold","X Series & Folds","16 GB","1024 GB",93300,96099,"https://www.cashify.in/sell-old-mobile-phone/used-vivo-x5-fold-16-gb-1024-gb"
"vivo","vivo V70","V Series","6 GB","128 GB",11500,11845,"https://www.cashify.in/sell-old-mobile-phone/used-vivo-v70-6-gb-128-gb"
"vivo","vivo V70","V Series","6 GB","256 GB",17500,18025,"https://www.cashify.in/sell-old-mobile-phone/used-vivo-v70-6-gb-256-gb"
"vivo","vivo V70","V Series","6 GB","512 GB",23000,23690,"https://www.cashify.in/sell-old-mobile-phone/used-vivo-v70-6-gb-512-gb"
"vivo","vivo V70","V Series","8 GB","128 GB",12700,13081,"https://www.cashify.in/sell-old-mobile-phone/used-vivo-v70-8-gb-128-gb"
"vivo","vivo V70","V Series","8 GB","256 GB",18700,19261,"https://www.cashify.in/sell-old-mobile-phone/used-vivo-v70-8-gb-256-gb"
"vivo","vivo V70","V Series","8 GB","512 GB",24200,24926,"https://www.cashify.in/sell-old-mobile-phone/used-vivo-v70-8-gb-512-gb"
"vivo","vivo V70","V Series","12 GB","128 GB",15100,15553,"https://www.cashify.in/sell-old-mobile-phone/used-vivo-v70-12-gb-128-gb"
"vivo","vivo V70","V Series","12 GB","256 GB",21100,21733,"https://www.cashify.in/sell-old-mobile-phone/used-vivo-v70-12-gb-256-gb"
"vivo","vivo V70","V Series","12 GB","512 GB",26600,27398,"https://www.cashify.in/sell-old-mobile-phone/used-vivo-v70-12-gb-512-gb"
"vivo","vivo V70 Elite","V Series","8 GB","128 GB",29000,29870,"https://www.cashify.in/sell-old-mobile-phone/used-vivo-v70-elite-8-gb-128-gb"
"vivo","vivo V70 Elite","V Series","8 GB","256 GB",35000,36050,"https://www.cashify.in/sell-old-mobile-phone/used-vivo-v70-elite-8-gb-256-gb"
"vivo","vivo V70 Elite","V Series","8 GB","512 GB",40500,41715,"https://www.cashify.in/sell-old-mobile-phone/used-vivo-v70-elite-8-gb-512-gb"
"vivo","vivo V70 Elite","V Series","8 GB","1024 GB",45500,46865,"https://www.cashify.in/sell-old-mobile-phone/used-vivo-v70-elite-8-gb-1024-gb"
"vivo","vivo V70 Elite","V Series","12 GB","128 GB",31400,32342,"https://www.cashify.in/sell-old-mobile-phone/used-vivo-v70-elite-12-gb-128-gb"
"vivo","vivo V70 Elite","V Series","12 GB","256 GB",37400,38522,"https://www.cashify.in/sell-old-mobile-phone/used-vivo-v70-elite-12-gb-256-gb"
"vivo","vivo V70 Elite","V Series","12 GB","512 GB",42900,44187,"https://www.cashify.in/sell-old-mobile-phone/used-vivo-v70-elite-12-gb-512-gb"
"vivo","vivo V70 Elite","V Series","12 GB","1024 GB",47900,49337,"https://www.cashify.in/sell-old-mobile-phone/used-vivo-v70-elite-12-gb-1024-gb"
"vivo","vivo V70 FE","V Series","6 GB","128 GB",11500,11845,"https://www.cashify.in/sell-old-mobile-phone/used-vivo-v70-fe-6-gb-128-gb"
"vivo","vivo V70 FE","V Series","6 GB","256 GB",17500,18025,"https://www.cashify.in/sell-old-mobile-phone/used-vivo-v70-fe-6-gb-256-gb"
"vivo","vivo V70 FE","V Series","6 GB","512 GB",23000,23690,"https://www.cashify.in/sell-old-mobile-phone/used-vivo-v70-fe-6-gb-512-gb"
"vivo","vivo V70 FE","V Series","8 GB","128 GB",12700,13081,"https://www.cashify.in/sell-old-mobile-phone/used-vivo-v70-fe-8-gb-128-gb"
"vivo","vivo V70 FE","V Series","8 GB","256 GB",18700,19261,"https://www.cashify.in/sell-old-mobile-phone/used-vivo-v70-fe-8-gb-256-gb"
"vivo","vivo V70 FE","V Series","8 GB","512 GB",24200,24926,"https://www.cashify.in/sell-old-mobile-phone/used-vivo-v70-fe-8-gb-512-gb"
"vivo","vivo V70 FE","V Series","12 GB","128 GB",15100,15553,"https://www.cashify.in/sell-old-mobile-phone/used-vivo-v70-fe-12-gb-128-gb"
"vivo","vivo V70 FE","V Series","12 GB","256 GB",21100,21733,"https://www.cashify.in/sell-old-mobile-phone/used-vivo-v70-fe-12-gb-256-gb"
"vivo","vivo V70 FE","V Series","12 GB","512 GB",26600,27398,"https://www.cashify.in/sell-old-mobile-phone/used-vivo-v70-fe-12-gb-512-gb"
"vivo","vivo V60","V Series","6 GB","128 GB",11500,11845,"https://www.cashify.in/sell-old-mobile-phone/used-vivo-v60-6-gb-128-gb"
"vivo","vivo V60","V Series","6 GB","256 GB",17500,18025,"https://www.cashify.in/sell-old-mobile-phone/used-vivo-v60-6-gb-256-gb"
"vivo","vivo V60","V Series","6 GB","512 GB",23000,23690,"https://www.cashify.in/sell-old-mobile-phone/used-vivo-v60-6-gb-512-gb"
"vivo","vivo V60","V Series","8 GB","128 GB",12700,13081,"https://www.cashify.in/sell-old-mobile-phone/used-vivo-v60-8-gb-128-gb"
"vivo","vivo V60","V Series","8 GB","256 GB",18700,19261,"https://www.cashify.in/sell-old-mobile-phone/used-vivo-v60-8-gb-256-gb"
"vivo","vivo V60","V Series","8 GB","512 GB",24200,24926,"https://www.cashify.in/sell-old-mobile-phone/used-vivo-v60-8-gb-512-gb"
"vivo","vivo V60","V Series","12 GB","128 GB",15100,15553,"https://www.cashify.in/sell-old-mobile-phone/used-vivo-v60-12-gb-128-gb"
"vivo","vivo V60","V Series","12 GB","256 GB",21100,21733,"https://www.cashify.in/sell-old-mobile-phone/used-vivo-v60-12-gb-256-gb"
"vivo","vivo V60","V Series","12 GB","512 GB",26600,27398,"https://www.cashify.in/sell-old-mobile-phone/used-vivo-v60-12-gb-512-gb"
"vivo","vivo V60e","V Series","6 GB","128 GB",11500,11845,"https://www.cashify.in/sell-old-mobile-phone/used-vivo-v60e-6-gb-128-gb"
"vivo","vivo V60e","V Series","6 GB","256 GB",17500,18025,"https://www.cashify.in/sell-old-mobile-phone/used-vivo-v60e-6-gb-256-gb"
"vivo","vivo V60e","V Series","6 GB","512 GB",23000,23690,"https://www.cashify.in/sell-old-mobile-phone/used-vivo-v60e-6-gb-512-gb"
"vivo","vivo V60e","V Series","8 GB","128 GB",12700,13081,"https://www.cashify.in/sell-old-mobile-phone/used-vivo-v60e-8-gb-128-gb"
"vivo","vivo V60e","V Series","8 GB","256 GB",18700,19261,"https://www.cashify.in/sell-old-mobile-phone/used-vivo-v60e-8-gb-256-gb"
"vivo","vivo V60e","V Series","8 GB","512 GB",24200,24926,"https://www.cashify.in/sell-old-mobile-phone/used-vivo-v60e-8-gb-512-gb"
"vivo","vivo V60e","V Series","12 GB","128 GB",15100,15553,"https://www.cashify.in/sell-old-mobile-phone/used-vivo-v60e-12-gb-128-gb"
"vivo","vivo V60e","V Series","12 GB","256 GB",21100,21733,"https://www.cashify.in/sell-old-mobile-phone/used-vivo-v60e-12-gb-256-gb"
"vivo","vivo V60e","V Series","12 GB","512 GB",26600,27398,"https://www.cashify.in/sell-old-mobile-phone/used-vivo-v60e-12-gb-512-gb"
"vivo","vivo T4","T Series","6 GB","128 GB",11500,11845,"https://www.cashify.in/sell-old-mobile-phone/used-vivo-t4-6-gb-128-gb"
"vivo","vivo T4","T Series","6 GB","256 GB",17500,18025,"https://www.cashify.in/sell-old-mobile-phone/used-vivo-t4-6-gb-256-gb"
"vivo","vivo T4","T Series","6 GB","512 GB",23000,23690,"https://www.cashify.in/sell-old-mobile-phone/used-vivo-t4-6-gb-512-gb"
"vivo","vivo T4","T Series","8 GB","128 GB",12700,13081,"https://www.cashify.in/sell-old-mobile-phone/used-vivo-t4-8-gb-128-gb"
"vivo","vivo T4","T Series","8 GB","256 GB",18700,19261,"https://www.cashify.in/sell-old-mobile-phone/used-vivo-t4-8-gb-256-gb"
"vivo","vivo T4","T Series","8 GB","512 GB",24200,24926,"https://www.cashify.in/sell-old-mobile-phone/used-vivo-t4-8-gb-512-gb"
"vivo","vivo T4","T Series","12 GB","128 GB",15100,15553,"https://www.cashify.in/sell-old-mobile-phone/used-vivo-t4-12-gb-128-gb"
"vivo","vivo T4","T Series","12 GB","256 GB",21100,21733,"https://www.cashify.in/sell-old-mobile-phone/used-vivo-t4-12-gb-256-gb"
"vivo","vivo T4","T Series","12 GB","512 GB",26600,27398,"https://www.cashify.in/sell-old-mobile-phone/used-vivo-t4-12-gb-512-gb"
"vivo","vivo T4x","T Series","6 GB","128 GB",11500,11845,"https://www.cashify.in/sell-old-mobile-phone/used-vivo-t4x-6-gb-128-gb"
"vivo","vivo T4x","T Series","6 GB","256 GB",17500,18025,"https://www.cashify.in/sell-old-mobile-phone/used-vivo-t4x-6-gb-256-gb"
"vivo","vivo T4x","T Series","6 GB","512 GB",23000,23690,"https://www.cashify.in/sell-old-mobile-phone/used-vivo-t4x-6-gb-512-gb"
"vivo","vivo T4x","T Series","8 GB","128 GB",12700,13081,"https://www.cashify.in/sell-old-mobile-phone/used-vivo-t4x-8-gb-128-gb"
"vivo","vivo T4x","T Series","8 GB","256 GB",18700,19261,"https://www.cashify.in/sell-old-mobile-phone/used-vivo-t4x-8-gb-256-gb"
"vivo","vivo T4x","T Series","8 GB","512 GB",24200,24926,"https://www.cashify.in/sell-old-mobile-phone/used-vivo-t4x-8-gb-512-gb"
"vivo","vivo T4x","T Series","12 GB","128 GB",15100,15553,"https://www.cashify.in/sell-old-mobile-phone/used-vivo-t4x-12-gb-128-gb"
"vivo","vivo T4x","T Series","12 GB","256 GB",21100,21733,"https://www.cashify.in/sell-old-mobile-phone/used-vivo-t4x-12-gb-256-gb"
"vivo","vivo T4x","T Series","12 GB","512 GB",26600,27398,"https://www.cashify.in/sell-old-mobile-phone/used-vivo-t4x-12-gb-512-gb"
"vivo","vivo T4 Lite","T Series","2 GB","32 GB",10000,10300,"https://www.cashify.in/sell-old-mobile-phone/used-vivo-t4-lite-2-gb-32-gb"
"vivo","vivo T4 Lite","T Series","2 GB","64 GB",10000,10300,"https://www.cashify.in/sell-old-mobile-phone/used-vivo-t4-lite-2-gb-64-gb"
"vivo","vivo T4 Lite","T Series","2 GB","128 GB",4000,4120,"https://www.cashify.in/sell-old-mobile-phone/used-vivo-t4-lite-2-gb-128-gb"
"vivo","vivo T4 Lite","T Series","2 GB","256 GB",10000,10300,"https://www.cashify.in/sell-old-mobile-phone/used-vivo-t4-lite-2-gb-256-gb"
"vivo","vivo T4 Lite","T Series","4 GB","32 GB",11200,11536,"https://www.cashify.in/sell-old-mobile-phone/used-vivo-t4-lite-4-gb-32-gb"
"vivo","vivo T4 Lite","T Series","4 GB","64 GB",11200,11536,"https://www.cashify.in/sell-old-mobile-phone/used-vivo-t4-lite-4-gb-64-gb"
"vivo","vivo T4 Lite","T Series","4 GB","128 GB",5200,5356,"https://www.cashify.in/sell-old-mobile-phone/used-vivo-t4-lite-4-gb-128-gb"
"vivo","vivo T4 Lite","T Series","4 GB","256 GB",11200,11536,"https://www.cashify.in/sell-old-mobile-phone/used-vivo-t4-lite-4-gb-256-gb"
"vivo","vivo T4 Lite","T Series","6 GB","32 GB",12400,12772,"https://www.cashify.in/sell-old-mobile-phone/used-vivo-t4-lite-6-gb-32-gb"
"vivo","vivo T4 Lite","T Series","6 GB","64 GB",12400,12772,"https://www.cashify.in/sell-old-mobile-phone/used-vivo-t4-lite-6-gb-64-gb"
"vivo","vivo T4 Lite","T Series","6 GB","128 GB",6400,6592,"https://www.cashify.in/sell-old-mobile-phone/used-vivo-t4-lite-6-gb-128-gb"
"vivo","vivo T4 Lite","T Series","6 GB","256 GB",12400,12772,"https://www.cashify.in/sell-old-mobile-phone/used-vivo-t4-lite-6-gb-256-gb"
"vivo","vivo T4 Lite","T Series","8 GB","32 GB",13600,14008,"https://www.cashify.in/sell-old-mobile-phone/used-vivo-t4-lite-8-gb-32-gb"
"vivo","vivo T4 Lite","T Series","8 GB","64 GB",13600,14008,"https://www.cashify.in/sell-old-mobile-phone/used-vivo-t4-lite-8-gb-64-gb"
"vivo","vivo T4 Lite","T Series","8 GB","128 GB",7600,7828,"https://www.cashify.in/sell-old-mobile-phone/used-vivo-t4-lite-8-gb-128-gb"
"vivo","vivo T4 Lite","T Series","8 GB","256 GB",13600,14008,"https://www.cashify.in/sell-old-mobile-phone/used-vivo-t4-lite-8-gb-256-gb"
"vivo","vivo T4 Ultra","T Series","8 GB","256 GB",78000,80340,"https://www.cashify.in/sell-old-mobile-phone/used-vivo-t4-ultra-8-gb-256-gb"
"vivo","vivo T4 Ultra","T Series","8 GB","512 GB",83500,86005,"https://www.cashify.in/sell-old-mobile-phone/used-vivo-t4-ultra-8-gb-512-gb"
"vivo","vivo T4 Ultra","T Series","8 GB","1024 GB",88500,91155,"https://www.cashify.in/sell-old-mobile-phone/used-vivo-t4-ultra-8-gb-1024-gb"
"vivo","vivo T4 Ultra","T Series","12 GB","256 GB",80400,82812,"https://www.cashify.in/sell-old-mobile-phone/used-vivo-t4-ultra-12-gb-256-gb"
"vivo","vivo T4 Ultra","T Series","12 GB","512 GB",85900,88477,"https://www.cashify.in/sell-old-mobile-phone/used-vivo-t4-ultra-12-gb-512-gb"
"vivo","vivo T4 Ultra","T Series","12 GB","1024 GB",90900,93627,"https://www.cashify.in/sell-old-mobile-phone/used-vivo-t4-ultra-12-gb-1024-gb"
"vivo","vivo T4 Ultra","T Series","16 GB","256 GB",82800,85284,"https://www.cashify.in/sell-old-mobile-phone/used-vivo-t4-ultra-16-gb-256-gb"
"vivo","vivo T4 Ultra","T Series","16 GB","512 GB",88300,90949,"https://www.cashify.in/sell-old-mobile-phone/used-vivo-t4-ultra-16-gb-512-gb"
"vivo","vivo T4 Ultra","T Series","16 GB","1024 GB",93300,96099,"https://www.cashify.in/sell-old-mobile-phone/used-vivo-t4-ultra-16-gb-1024-gb"
"vivo","vivo T5x","T Series","6 GB","128 GB",11500,11845,"https://www.cashify.in/sell-old-mobile-phone/used-vivo-t5x-6-gb-128-gb"
"vivo","vivo T5x","T Series","6 GB","256 GB",17500,18025,"https://www.cashify.in/sell-old-mobile-phone/used-vivo-t5x-6-gb-256-gb"
"vivo","vivo T5x","T Series","6 GB","512 GB",23000,23690,"https://www.cashify.in/sell-old-mobile-phone/used-vivo-t5x-6-gb-512-gb"
"vivo","vivo T5x","T Series","8 GB","128 GB",12700,13081,"https://www.cashify.in/sell-old-mobile-phone/used-vivo-t5x-8-gb-128-gb"
"vivo","vivo T5x","T Series","8 GB","256 GB",18700,19261,"https://www.cashify.in/sell-old-mobile-phone/used-vivo-t5x-8-gb-256-gb"
"vivo","vivo T5x","T Series","8 GB","512 GB",24200,24926,"https://www.cashify.in/sell-old-mobile-phone/used-vivo-t5x-8-gb-512-gb"
"vivo","vivo T5x","T Series","12 GB","128 GB",15100,15553,"https://www.cashify.in/sell-old-mobile-phone/used-vivo-t5x-12-gb-128-gb"
"vivo","vivo T5x","T Series","12 GB","256 GB",21100,21733,"https://www.cashify.in/sell-old-mobile-phone/used-vivo-t5x-12-gb-256-gb"
"vivo","vivo T5x","T Series","12 GB","512 GB",26600,27398,"https://www.cashify.in/sell-old-mobile-phone/used-vivo-t5x-12-gb-512-gb"
"vivo","vivo T5 Pro","T Series","8 GB","128 GB",68000,70040,"https://www.cashify.in/sell-old-mobile-phone/used-vivo-t5-pro-8-gb-128-gb"
"vivo","vivo T5 Pro","T Series","8 GB","256 GB",74000,76220,"https://www.cashify.in/sell-old-mobile-phone/used-vivo-t5-pro-8-gb-256-gb"
"vivo","vivo T5 Pro","T Series","8 GB","512 GB",79000,81370,"https://www.cashify.in/sell-old-mobile-phone/used-vivo-t5-pro-8-gb-512-gb"
"vivo","vivo T5 Pro","T Series","8 GB","1024 GB",84000,86520,"https://www.cashify.in/sell-old-mobile-phone/used-vivo-t5-pro-8-gb-1024-gb"
"vivo","vivo T5 Pro","T Series","12 GB","128 GB",70400,72512,"https://www.cashify.in/sell-old-mobile-phone/used-vivo-t5-pro-12-gb-128-gb"
"vivo","vivo T5 Pro","T Series","12 GB","256 GB",76400,78692,"https://www.cashify.in/sell-old-mobile-phone/used-vivo-t5-pro-12-gb-256-gb"
"vivo","vivo T5 Pro","T Series","12 GB","512 GB",81400,83842,"https://www.cashify.in/sell-old-mobile-phone/used-vivo-t5-pro-12-gb-512-gb"
"vivo","vivo T5 Pro","T Series","12 GB","1024 GB",86400,88992,"https://www.cashify.in/sell-old-mobile-phone/used-vivo-t5-pro-12-gb-1024-gb"
"vivo","vivo T5 Pro","T Series","16 GB","128 GB",72800,74984,"https://www.cashify.in/sell-old-mobile-phone/used-vivo-t5-pro-16-gb-128-gb"
"vivo","vivo T5 Pro","T Series","16 GB","256 GB",78800,81164,"https://www.cashify.in/sell-old-mobile-phone/used-vivo-t5-pro-16-gb-256-gb"
"vivo","vivo T5 Pro","T Series","16 GB","512 GB",83800,86314,"https://www.cashify.in/sell-old-mobile-phone/used-vivo-t5-pro-16-gb-512-gb"
"vivo","vivo T5 Pro","T Series","16 GB","1024 GB",88800,91464,"https://www.cashify.in/sell-old-mobile-phone/used-vivo-t5-pro-16-gb-1024-gb"
"vivo","vivo Y400","Y Series","2 GB","32 GB",10000,10300,"https://www.cashify.in/sell-old-mobile-phone/used-vivo-y400-2-gb-32-gb"
"vivo","vivo Y400","Y Series","2 GB","64 GB",10000,10300,"https://www.cashify.in/sell-old-mobile-phone/used-vivo-y400-2-gb-64-gb"
"vivo","vivo Y400","Y Series","2 GB","128 GB",4000,4120,"https://www.cashify.in/sell-old-mobile-phone/used-vivo-y400-2-gb-128-gb"
"vivo","vivo Y400","Y Series","2 GB","256 GB",10000,10300,"https://www.cashify.in/sell-old-mobile-phone/used-vivo-y400-2-gb-256-gb"
"vivo","vivo Y400","Y Series","4 GB","32 GB",11200,11536,"https://www.cashify.in/sell-old-mobile-phone/used-vivo-y400-4-gb-32-gb"
"vivo","vivo Y400","Y Series","4 GB","64 GB",11200,11536,"https://www.cashify.in/sell-old-mobile-phone/used-vivo-y400-4-gb-64-gb"
"vivo","vivo Y400","Y Series","4 GB","128 GB",5200,5356,"https://www.cashify.in/sell-old-mobile-phone/used-vivo-y400-4-gb-128-gb"
"vivo","vivo Y400","Y Series","4 GB","256 GB",11200,11536,"https://www.cashify.in/sell-old-mobile-phone/used-vivo-y400-4-gb-256-gb"
"vivo","vivo Y400","Y Series","6 GB","32 GB",12400,12772,"https://www.cashify.in/sell-old-mobile-phone/used-vivo-y400-6-gb-32-gb"
"vivo","vivo Y400","Y Series","6 GB","64 GB",12400,12772,"https://www.cashify.in/sell-old-mobile-phone/used-vivo-y400-6-gb-64-gb"
"vivo","vivo Y400","Y Series","6 GB","128 GB",6400,6592,"https://www.cashify.in/sell-old-mobile-phone/used-vivo-y400-6-gb-128-gb"
"vivo","vivo Y400","Y Series","6 GB","256 GB",12400,12772,"https://www.cashify.in/sell-old-mobile-phone/used-vivo-y400-6-gb-256-gb"
"vivo","vivo Y400","Y Series","8 GB","32 GB",13600,14008,"https://www.cashify.in/sell-old-mobile-phone/used-vivo-y400-8-gb-32-gb"
"vivo","vivo Y400","Y Series","8 GB","64 GB",13600,14008,"https://www.cashify.in/sell-old-mobile-phone/used-vivo-y400-8-gb-64-gb"
"vivo","vivo Y400","Y Series","8 GB","128 GB",7600,7828,"https://www.cashify.in/sell-old-mobile-phone/used-vivo-y400-8-gb-128-gb"
"vivo","vivo Y400","Y Series","8 GB","256 GB",13600,14008,"https://www.cashify.in/sell-old-mobile-phone/used-vivo-y400-8-gb-256-gb"
"vivo","vivo Y400 Pro","Y Series","8 GB","128 GB",68000,70040,"https://www.cashify.in/sell-old-mobile-phone/used-vivo-y400-pro-8-gb-128-gb"
"vivo","vivo Y400 Pro","Y Series","8 GB","256 GB",74000,76220,"https://www.cashify.in/sell-old-mobile-phone/used-vivo-y400-pro-8-gb-256-gb"
"vivo","vivo Y400 Pro","Y Series","8 GB","512 GB",79000,81370,"https://www.cashify.in/sell-old-mobile-phone/used-vivo-y400-pro-8-gb-512-gb"
"vivo","vivo Y400 Pro","Y Series","8 GB","1024 GB",84000,86520,"https://www.cashify.in/sell-old-mobile-phone/used-vivo-y400-pro-8-gb-1024-gb"
"vivo","vivo Y400 Pro","Y Series","12 GB","128 GB",70400,72512,"https://www.cashify.in/sell-old-mobile-phone/used-vivo-y400-pro-12-gb-128-gb"
"vivo","vivo Y400 Pro","Y Series","12 GB","256 GB",76400,78692,"https://www.cashify.in/sell-old-mobile-phone/used-vivo-y400-pro-12-gb-256-gb"
"vivo","vivo Y400 Pro","Y Series","12 GB","512 GB",81400,83842,"https://www.cashify.in/sell-old-mobile-phone/used-vivo-y400-pro-12-gb-512-gb"
"vivo","vivo Y400 Pro","Y Series","12 GB","1024 GB",86400,88992,"https://www.cashify.in/sell-old-mobile-phone/used-vivo-y400-pro-12-gb-1024-gb"
"vivo","vivo Y400 Pro","Y Series","16 GB","128 GB",72800,74984,"https://www.cashify.in/sell-old-mobile-phone/used-vivo-y400-pro-16-gb-128-gb"
"vivo","vivo Y400 Pro","Y Series","16 GB","256 GB",78800,81164,"https://www.cashify.in/sell-old-mobile-phone/used-vivo-y400-pro-16-gb-256-gb"
"vivo","vivo Y400 Pro","Y Series","16 GB","512 GB",83800,86314,"https://www.cashify.in/sell-old-mobile-phone/used-vivo-y400-pro-16-gb-512-gb"
"vivo","vivo Y400 Pro","Y Series","16 GB","1024 GB",88800,91464,"https://www.cashify.in/sell-old-mobile-phone/used-vivo-y400-pro-16-gb-1024-gb"
"vivo","vivo S2","S Series","6 GB","128 GB",14000,14420,"https://www.cashify.in/sell-old-mobile-phone/used-vivo-s2-6-gb-128-gb"
"vivo","vivo S2","S Series","6 GB","256 GB",20000,20600,"https://www.cashify.in/sell-old-mobile-phone/used-vivo-s2-6-gb-256-gb"
"vivo","vivo S2","S Series","6 GB","512 GB",25500,26265,"https://www.cashify.in/sell-old-mobile-phone/used-vivo-s2-6-gb-512-gb"
"vivo","vivo S2","S Series","8 GB","128 GB",15200,15656,"https://www.cashify.in/sell-old-mobile-phone/used-vivo-s2-8-gb-128-gb"
"vivo","vivo S2","S Series","8 GB","256 GB",21200,21836,"https://www.cashify.in/sell-old-mobile-phone/used-vivo-s2-8-gb-256-gb"
"vivo","vivo S2","S Series","8 GB","512 GB",26700,27501,"https://www.cashify.in/sell-old-mobile-phone/used-vivo-s2-8-gb-512-gb"
"vivo","vivo S2","S Series","12 GB","128 GB",17600,18128,"https://www.cashify.in/sell-old-mobile-phone/used-vivo-s2-12-gb-128-gb"
"vivo","vivo S2","S Series","12 GB","256 GB",23600,24308,"https://www.cashify.in/sell-old-mobile-phone/used-vivo-s2-12-gb-256-gb"
"vivo","vivo S2","S Series","12 GB","512 GB",29100,29973,"https://www.cashify.in/sell-old-mobile-phone/used-vivo-s2-12-gb-512-gb"
"OPPO","OPPO A6","A Series","2 GB","32 GB",10000,10300,"https://www.cashify.in/sell-old-mobile-phone/used-oppo-a6-2-gb-32-gb"
"OPPO","OPPO A6","A Series","2 GB","64 GB",10000,10300,"https://www.cashify.in/sell-old-mobile-phone/used-oppo-a6-2-gb-64-gb"
"OPPO","OPPO A6","A Series","2 GB","128 GB",4000,4120,"https://www.cashify.in/sell-old-mobile-phone/used-oppo-a6-2-gb-128-gb"
"OPPO","OPPO A6","A Series","2 GB","256 GB",10000,10300,"https://www.cashify.in/sell-old-mobile-phone/used-oppo-a6-2-gb-256-gb"
"OPPO","OPPO A6","A Series","4 GB","32 GB",11200,11536,"https://www.cashify.in/sell-old-mobile-phone/used-oppo-a6-4-gb-32-gb"
"OPPO","OPPO A6","A Series","4 GB","64 GB",11200,11536,"https://www.cashify.in/sell-old-mobile-phone/used-oppo-a6-4-gb-64-gb"
"OPPO","OPPO A6","A Series","4 GB","128 GB",5200,5356,"https://www.cashify.in/sell-old-mobile-phone/used-oppo-a6-4-gb-128-gb"
"OPPO","OPPO A6","A Series","4 GB","256 GB",11200,11536,"https://www.cashify.in/sell-old-mobile-phone/used-oppo-a6-4-gb-256-gb"
"OPPO","OPPO A6","A Series","6 GB","32 GB",12400,12772,"https://www.cashify.in/sell-old-mobile-phone/used-oppo-a6-6-gb-32-gb"
"OPPO","OPPO A6","A Series","6 GB","64 GB",12400,12772,"https://www.cashify.in/sell-old-mobile-phone/used-oppo-a6-6-gb-64-gb"
"OPPO","OPPO A6","A Series","6 GB","128 GB",6400,6592,"https://www.cashify.in/sell-old-mobile-phone/used-oppo-a6-6-gb-128-gb"
"OPPO","OPPO A6","A Series","6 GB","256 GB",12400,12772,"https://www.cashify.in/sell-old-mobile-phone/used-oppo-a6-6-gb-256-gb"
"OPPO","OPPO A6","A Series","8 GB","32 GB",13600,14008,"https://www.cashify.in/sell-old-mobile-phone/used-oppo-a6-8-gb-32-gb"
"OPPO","OPPO A6","A Series","8 GB","64 GB",13600,14008,"https://www.cashify.in/sell-old-mobile-phone/used-oppo-a6-8-gb-64-gb"
"OPPO","OPPO A6","A Series","8 GB","128 GB",7600,7828,"https://www.cashify.in/sell-old-mobile-phone/used-oppo-a6-8-gb-128-gb"
"OPPO","OPPO A6","A Series","8 GB","256 GB",13600,14008,"https://www.cashify.in/sell-old-mobile-phone/used-oppo-a6-8-gb-256-gb"
"OPPO","OPPO A6 Pro","A Series","8 GB","128 GB",68000,70040,"https://www.cashify.in/sell-old-mobile-phone/used-oppo-a6-pro-8-gb-128-gb"
"OPPO","OPPO A6 Pro","A Series","8 GB","256 GB",74000,76220,"https://www.cashify.in/sell-old-mobile-phone/used-oppo-a6-pro-8-gb-256-gb"
"OPPO","OPPO A6 Pro","A Series","8 GB","512 GB",79000,81370,"https://www.cashify.in/sell-old-mobile-phone/used-oppo-a6-pro-8-gb-512-gb"
"OPPO","OPPO A6 Pro","A Series","8 GB","1024 GB",84000,86520,"https://www.cashify.in/sell-old-mobile-phone/used-oppo-a6-pro-8-gb-1024-gb"
"OPPO","OPPO A6 Pro","A Series","12 GB","128 GB",70400,72512,"https://www.cashify.in/sell-old-mobile-phone/used-oppo-a6-pro-12-gb-128-gb"
"OPPO","OPPO A6 Pro","A Series","12 GB","256 GB",76400,78692,"https://www.cashify.in/sell-old-mobile-phone/used-oppo-a6-pro-12-gb-256-gb"
"OPPO","OPPO A6 Pro","A Series","12 GB","512 GB",81400,83842,"https://www.cashify.in/sell-old-mobile-phone/used-oppo-a6-pro-12-gb-512-gb"
"OPPO","OPPO A6 Pro","A Series","12 GB","1024 GB",86400,88992,"https://www.cashify.in/sell-old-mobile-phone/used-oppo-a6-pro-12-gb-1024-gb"
"OPPO","OPPO A6 Pro","A Series","16 GB","128 GB",72800,74984,"https://www.cashify.in/sell-old-mobile-phone/used-oppo-a6-pro-16-gb-128-gb"
"OPPO","OPPO A6 Pro","A Series","16 GB","256 GB",78800,81164,"https://www.cashify.in/sell-old-mobile-phone/used-oppo-a6-pro-16-gb-256-gb"
"OPPO","OPPO A6 Pro","A Series","16 GB","512 GB",83800,86314,"https://www.cashify.in/sell-old-mobile-phone/used-oppo-a6-pro-16-gb-512-gb"
"OPPO","OPPO A6 Pro","A Series","16 GB","1024 GB",88800,91464,"https://www.cashify.in/sell-old-mobile-phone/used-oppo-a6-pro-16-gb-1024-gb"
"OPPO","OPPO A6x","A Series","2 GB","32 GB",10000,10300,"https://www.cashify.in/sell-old-mobile-phone/used-oppo-a6x-2-gb-32-gb"
"OPPO","OPPO A6x","A Series","2 GB","64 GB",10000,10300,"https://www.cashify.in/sell-old-mobile-phone/used-oppo-a6x-2-gb-64-gb"
"OPPO","OPPO A6x","A Series","2 GB","128 GB",4000,4120,"https://www.cashify.in/sell-old-mobile-phone/used-oppo-a6x-2-gb-128-gb"
"OPPO","OPPO A6x","A Series","2 GB","256 GB",10000,10300,"https://www.cashify.in/sell-old-mobile-phone/used-oppo-a6x-2-gb-256-gb"
"OPPO","OPPO A6x","A Series","4 GB","32 GB",11200,11536,"https://www.cashify.in/sell-old-mobile-phone/used-oppo-a6x-4-gb-32-gb"
"OPPO","OPPO A6x","A Series","4 GB","64 GB",11200,11536,"https://www.cashify.in/sell-old-mobile-phone/used-oppo-a6x-4-gb-64-gb"
"OPPO","OPPO A6x","A Series","4 GB","128 GB",5200,5356,"https://www.cashify.in/sell-old-mobile-phone/used-oppo-a6x-4-gb-128-gb"
"OPPO","OPPO A6x","A Series","4 GB","256 GB",11200,11536,"https://www.cashify.in/sell-old-mobile-phone/used-oppo-a6x-4-gb-256-gb"
"OPPO","OPPO A6x","A Series","6 GB","32 GB",12400,12772,"https://www.cashify.in/sell-old-mobile-phone/used-oppo-a6x-6-gb-32-gb"
"OPPO","OPPO A6x","A Series","6 GB","64 GB",12400,12772,"https://www.cashify.in/sell-old-mobile-phone/used-oppo-a6x-6-gb-64-gb"
"OPPO","OPPO A6x","A Series","6 GB","128 GB",6400,6592,"https://www.cashify.in/sell-old-mobile-phone/used-oppo-a6x-6-gb-128-gb"
"OPPO","OPPO A6x","A Series","6 GB","256 GB",12400,12772,"https://www.cashify.in/sell-old-mobile-phone/used-oppo-a6x-6-gb-256-gb"
"OPPO","OPPO A6x","A Series","8 GB","32 GB",13600,14008,"https://www.cashify.in/sell-old-mobile-phone/used-oppo-a6x-8-gb-32-gb"
"OPPO","OPPO A6x","A Series","8 GB","64 GB",13600,14008,"https://www.cashify.in/sell-old-mobile-phone/used-oppo-a6x-8-gb-64-gb"
"OPPO","OPPO A6x","A Series","8 GB","128 GB",7600,7828,"https://www.cashify.in/sell-old-mobile-phone/used-oppo-a6x-8-gb-128-gb"
"OPPO","OPPO A6x","A Series","8 GB","256 GB",13600,14008,"https://www.cashify.in/sell-old-mobile-phone/used-oppo-a6x-8-gb-256-gb"
"OPPO","OPPO F21","F Series","2 GB","32 GB",10000,10300,"https://www.cashify.in/sell-old-mobile-phone/used-oppo-f21-2-gb-32-gb"
"OPPO","OPPO F21","F Series","2 GB","64 GB",10000,10300,"https://www.cashify.in/sell-old-mobile-phone/used-oppo-f21-2-gb-64-gb"
"OPPO","OPPO F21","F Series","2 GB","128 GB",4000,4120,"https://www.cashify.in/sell-old-mobile-phone/used-oppo-f21-2-gb-128-gb"
"OPPO","OPPO F21","F Series","2 GB","256 GB",10000,10300,"https://www.cashify.in/sell-old-mobile-phone/used-oppo-f21-2-gb-256-gb"
"OPPO","OPPO F21","F Series","4 GB","32 GB",11200,11536,"https://www.cashify.in/sell-old-mobile-phone/used-oppo-f21-4-gb-32-gb"
"OPPO","OPPO F21","F Series","4 GB","64 GB",11200,11536,"https://www.cashify.in/sell-old-mobile-phone/used-oppo-f21-4-gb-64-gb"
"OPPO","OPPO F21","F Series","4 GB","128 GB",5200,5356,"https://www.cashify.in/sell-old-mobile-phone/used-oppo-f21-4-gb-128-gb"
"OPPO","OPPO F21","F Series","4 GB","256 GB",11200,11536,"https://www.cashify.in/sell-old-mobile-phone/used-oppo-f21-4-gb-256-gb"
"OPPO","OPPO F21","F Series","6 GB","32 GB",12400,12772,"https://www.cashify.in/sell-old-mobile-phone/used-oppo-f21-6-gb-32-gb"
"OPPO","OPPO F21","F Series","6 GB","64 GB",12400,12772,"https://www.cashify.in/sell-old-mobile-phone/used-oppo-f21-6-gb-64-gb"
"OPPO","OPPO F21","F Series","6 GB","128 GB",6400,6592,"https://www.cashify.in/sell-old-mobile-phone/used-oppo-f21-6-gb-128-gb"
"OPPO","OPPO F21","F Series","6 GB","256 GB",12400,12772,"https://www.cashify.in/sell-old-mobile-phone/used-oppo-f21-6-gb-256-gb"
"OPPO","OPPO F21","F Series","8 GB","32 GB",13600,14008,"https://www.cashify.in/sell-old-mobile-phone/used-oppo-f21-8-gb-32-gb"
"OPPO","OPPO F21","F Series","8 GB","64 GB",13600,14008,"https://www.cashify.in/sell-old-mobile-phone/used-oppo-f21-8-gb-64-gb"
"OPPO","OPPO F21","F Series","8 GB","128 GB",7600,7828,"https://www.cashify.in/sell-old-mobile-phone/used-oppo-f21-8-gb-128-gb"
"OPPO","OPPO F21","F Series","8 GB","256 GB",13600,14008,"https://www.cashify.in/sell-old-mobile-phone/used-oppo-f21-8-gb-256-gb"
"OPPO","OPPO F21 Pro 5G","F Series","8 GB","128 GB",68000,70040,"https://www.cashify.in/sell-old-mobile-phone/used-oppo-f21-pro-5g-8-gb-128-gb"
"OPPO","OPPO F21 Pro 5G","F Series","8 GB","256 GB",74000,76220,"https://www.cashify.in/sell-old-mobile-phone/used-oppo-f21-pro-5g-8-gb-256-gb"
"OPPO","OPPO F21 Pro 5G","F Series","8 GB","512 GB",79000,81370,"https://www.cashify.in/sell-old-mobile-phone/used-oppo-f21-pro-5g-8-gb-512-gb"
"OPPO","OPPO F21 Pro 5G","F Series","8 GB","1024 GB",84000,86520,"https://www.cashify.in/sell-old-mobile-phone/used-oppo-f21-pro-5g-8-gb-1024-gb"
"OPPO","OPPO F21 Pro 5G","F Series","12 GB","128 GB",70400,72512,"https://www.cashify.in/sell-old-mobile-phone/used-oppo-f21-pro-5g-12-gb-128-gb"
"OPPO","OPPO F21 Pro 5G","F Series","12 GB","256 GB",76400,78692,"https://www.cashify.in/sell-old-mobile-phone/used-oppo-f21-pro-5g-12-gb-256-gb"
"OPPO","OPPO F21 Pro 5G","F Series","12 GB","512 GB",81400,83842,"https://www.cashify.in/sell-old-mobile-phone/used-oppo-f21-pro-5g-12-gb-512-gb"
"OPPO","OPPO F21 Pro 5G","F Series","12 GB","1024 GB",86400,88992,"https://www.cashify.in/sell-old-mobile-phone/used-oppo-f21-pro-5g-12-gb-1024-gb"
"OPPO","OPPO F21 Pro 5G","F Series","16 GB","128 GB",72800,74984,"https://www.cashify.in/sell-old-mobile-phone/used-oppo-f21-pro-5g-16-gb-128-gb"
"OPPO","OPPO F21 Pro 5G","F Series","16 GB","256 GB",78800,81164,"https://www.cashify.in/sell-old-mobile-phone/used-oppo-f21-pro-5g-16-gb-256-gb"
"OPPO","OPPO F21 Pro 5G","F Series","16 GB","512 GB",83800,86314,"https://www.cashify.in/sell-old-mobile-phone/used-oppo-f21-pro-5g-16-gb-512-gb"
"OPPO","OPPO F21 Pro 5G","F Series","16 GB","1024 GB",88800,91464,"https://www.cashify.in/sell-old-mobile-phone/used-oppo-f21-pro-5g-16-gb-1024-gb"
"OPPO","OPPO F23","F Series","2 GB","32 GB",10000,10300,"https://www.cashify.in/sell-old-mobile-phone/used-oppo-f23-2-gb-32-gb"
"OPPO","OPPO F23","F Series","2 GB","64 GB",10000,10300,"https://www.cashify.in/sell-old-mobile-phone/used-oppo-f23-2-gb-64-gb"
"OPPO","OPPO F23","F Series","2 GB","128 GB",4000,4120,"https://www.cashify.in/sell-old-mobile-phone/used-oppo-f23-2-gb-128-gb"
"OPPO","OPPO F23","F Series","2 GB","256 GB",10000,10300,"https://www.cashify.in/sell-old-mobile-phone/used-oppo-f23-2-gb-256-gb"
"OPPO","OPPO F23","F Series","4 GB","32 GB",11200,11536,"https://www.cashify.in/sell-old-mobile-phone/used-oppo-f23-4-gb-32-gb"
"OPPO","OPPO F23","F Series","4 GB","64 GB",11200,11536,"https://www.cashify.in/sell-old-mobile-phone/used-oppo-f23-4-gb-64-gb"
"OPPO","OPPO F23","F Series","4 GB","128 GB",5200,5356,"https://www.cashify.in/sell-old-mobile-phone/used-oppo-f23-4-gb-128-gb"
"OPPO","OPPO F23","F Series","4 GB","256 GB",11200,11536,"https://www.cashify.in/sell-old-mobile-phone/used-oppo-f23-4-gb-256-gb"
"OPPO","OPPO F23","F Series","6 GB","32 GB",12400,12772,"https://www.cashify.in/sell-old-mobile-phone/used-oppo-f23-6-gb-32-gb"
"OPPO","OPPO F23","F Series","6 GB","64 GB",12400,12772,"https://www.cashify.in/sell-old-mobile-phone/used-oppo-f23-6-gb-64-gb"
"OPPO","OPPO F23","F Series","6 GB","128 GB",6400,6592,"https://www.cashify.in/sell-old-mobile-phone/used-oppo-f23-6-gb-128-gb"
"OPPO","OPPO F23","F Series","6 GB","256 GB",12400,12772,"https://www.cashify.in/sell-old-mobile-phone/used-oppo-f23-6-gb-256-gb"
"OPPO","OPPO F23","F Series","8 GB","32 GB",13600,14008,"https://www.cashify.in/sell-old-mobile-phone/used-oppo-f23-8-gb-32-gb"
"OPPO","OPPO F23","F Series","8 GB","64 GB",13600,14008,"https://www.cashify.in/sell-old-mobile-phone/used-oppo-f23-8-gb-64-gb"
"OPPO","OPPO F23","F Series","8 GB","128 GB",7600,7828,"https://www.cashify.in/sell-old-mobile-phone/used-oppo-f23-8-gb-128-gb"
"OPPO","OPPO F23","F Series","8 GB","256 GB",13600,14008,"https://www.cashify.in/sell-old-mobile-phone/used-oppo-f23-8-gb-256-gb"
"OPPO","OPPO F23 Pro","F Series","8 GB","128 GB",68000,70040,"https://www.cashify.in/sell-old-mobile-phone/used-oppo-f23-pro-8-gb-128-gb"
"OPPO","OPPO F23 Pro","F Series","8 GB","256 GB",74000,76220,"https://www.cashify.in/sell-old-mobile-phone/used-oppo-f23-pro-8-gb-256-gb"
"OPPO","OPPO F23 Pro","F Series","8 GB","512 GB",79000,81370,"https://www.cashify.in/sell-old-mobile-phone/used-oppo-f23-pro-8-gb-512-gb"
"OPPO","OPPO F23 Pro","F Series","8 GB","1024 GB",84000,86520,"https://www.cashify.in/sell-old-mobile-phone/used-oppo-f23-pro-8-gb-1024-gb"
"OPPO","OPPO F23 Pro","F Series","12 GB","128 GB",70400,72512,"https://www.cashify.in/sell-old-mobile-phone/used-oppo-f23-pro-12-gb-128-gb"
"OPPO","OPPO F23 Pro","F Series","12 GB","256 GB",76400,78692,"https://www.cashify.in/sell-old-mobile-phone/used-oppo-f23-pro-12-gb-256-gb"
"OPPO","OPPO F23 Pro","F Series","12 GB","512 GB",81400,83842,"https://www.cashify.in/sell-old-mobile-phone/used-oppo-f23-pro-12-gb-512-gb"
"OPPO","OPPO F23 Pro","F Series","12 GB","1024 GB",86400,88992,"https://www.cashify.in/sell-old-mobile-phone/used-oppo-f23-pro-12-gb-1024-gb"
"OPPO","OPPO F23 Pro","F Series","16 GB","128 GB",72800,74984,"https://www.cashify.in/sell-old-mobile-phone/used-oppo-f23-pro-16-gb-128-gb"
"OPPO","OPPO F23 Pro","F Series","16 GB","256 GB",78800,81164,"https://www.cashify.in/sell-old-mobile-phone/used-oppo-f23-pro-16-gb-256-gb"
"OPPO","OPPO F23 Pro","F Series","16 GB","512 GB",83800,86314,"https://www.cashify.in/sell-old-mobile-phone/used-oppo-f23-pro-16-gb-512-gb"
"OPPO","OPPO F23 Pro","F Series","16 GB","1024 GB",88800,91464,"https://www.cashify.in/sell-old-mobile-phone/used-oppo-f23-pro-16-gb-1024-gb"
"OPPO","OPPO F25","F Series","2 GB","32 GB",10000,10300,"https://www.cashify.in/sell-old-mobile-phone/used-oppo-f25-2-gb-32-gb"
"OPPO","OPPO F25","F Series","2 GB","64 GB",10000,10300,"https://www.cashify.in/sell-old-mobile-phone/used-oppo-f25-2-gb-64-gb"
"OPPO","OPPO F25","F Series","2 GB","128 GB",4000,4120,"https://www.cashify.in/sell-old-mobile-phone/used-oppo-f25-2-gb-128-gb"
"OPPO","OPPO F25","F Series","2 GB","256 GB",10000,10300,"https://www.cashify.in/sell-old-mobile-phone/used-oppo-f25-2-gb-256-gb"
"OPPO","OPPO F25","F Series","4 GB","32 GB",11200,11536,"https://www.cashify.in/sell-old-mobile-phone/used-oppo-f25-4-gb-32-gb"
"OPPO","OPPO F25","F Series","4 GB","64 GB",11200,11536,"https://www.cashify.in/sell-old-mobile-phone/used-oppo-f25-4-gb-64-gb"
"OPPO","OPPO F25","F Series","4 GB","128 GB",5200,5356,"https://www.cashify.in/sell-old-mobile-phone/used-oppo-f25-4-gb-128-gb"
"OPPO","OPPO F25","F Series","4 GB","256 GB",11200,11536,"https://www.cashify.in/sell-old-mobile-phone/used-oppo-f25-4-gb-256-gb"
"OPPO","OPPO F25","F Series","6 GB","32 GB",12400,12772,"https://www.cashify.in/sell-old-mobile-phone/used-oppo-f25-6-gb-32-gb"
"OPPO","OPPO F25","F Series","6 GB","64 GB",12400,12772,"https://www.cashify.in/sell-old-mobile-phone/used-oppo-f25-6-gb-64-gb"
"OPPO","OPPO F25","F Series","6 GB","128 GB",6400,6592,"https://www.cashify.in/sell-old-mobile-phone/used-oppo-f25-6-gb-128-gb"
"OPPO","OPPO F25","F Series","6 GB","256 GB",12400,12772,"https://www.cashify.in/sell-old-mobile-phone/used-oppo-f25-6-gb-256-gb"
"OPPO","OPPO F25","F Series","8 GB","32 GB",13600,14008,"https://www.cashify.in/sell-old-mobile-phone/used-oppo-f25-8-gb-32-gb"
"OPPO","OPPO F25","F Series","8 GB","64 GB",13600,14008,"https://www.cashify.in/sell-old-mobile-phone/used-oppo-f25-8-gb-64-gb"
"OPPO","OPPO F25","F Series","8 GB","128 GB",7600,7828,"https://www.cashify.in/sell-old-mobile-phone/used-oppo-f25-8-gb-128-gb"
"OPPO","OPPO F25","F Series","8 GB","256 GB",13600,14008,"https://www.cashify.in/sell-old-mobile-phone/used-oppo-f25-8-gb-256-gb"
"OPPO","OPPO F27","F Series","2 GB","32 GB",10000,10300,"https://www.cashify.in/sell-old-mobile-phone/used-oppo-f27-2-gb-32-gb"
"OPPO","OPPO F27","F Series","2 GB","64 GB",10000,10300,"https://www.cashify.in/sell-old-mobile-phone/used-oppo-f27-2-gb-64-gb"
"OPPO","OPPO F27","F Series","2 GB","128 GB",4000,4120,"https://www.cashify.in/sell-old-mobile-phone/used-oppo-f27-2-gb-128-gb"
"OPPO","OPPO F27","F Series","2 GB","256 GB",10000,10300,"https://www.cashify.in/sell-old-mobile-phone/used-oppo-f27-2-gb-256-gb"
"OPPO","OPPO F27","F Series","4 GB","32 GB",11200,11536,"https://www.cashify.in/sell-old-mobile-phone/used-oppo-f27-4-gb-32-gb"
"OPPO","OPPO F27","F Series","4 GB","64 GB",11200,11536,"https://www.cashify.in/sell-old-mobile-phone/used-oppo-f27-4-gb-64-gb"
"OPPO","OPPO F27","F Series","4 GB","128 GB",5200,5356,"https://www.cashify.in/sell-old-mobile-phone/used-oppo-f27-4-gb-128-gb"
"OPPO","OPPO F27","F Series","4 GB","256 GB",11200,11536,"https://www.cashify.in/sell-old-mobile-phone/used-oppo-f27-4-gb-256-gb"
"OPPO","OPPO F27","F Series","6 GB","32 GB",12400,12772,"https://www.cashify.in/sell-old-mobile-phone/used-oppo-f27-6-gb-32-gb"
"OPPO","OPPO F27","F Series","6 GB","64 GB",12400,12772,"https://www.cashify.in/sell-old-mobile-phone/used-oppo-f27-6-gb-64-gb"
"OPPO","OPPO F27","F Series","6 GB","128 GB",6400,6592,"https://www.cashify.in/sell-old-mobile-phone/used-oppo-f27-6-gb-128-gb"
"OPPO","OPPO F27","F Series","6 GB","256 GB",12400,12772,"https://www.cashify.in/sell-old-mobile-phone/used-oppo-f27-6-gb-256-gb"
"OPPO","OPPO F27","F Series","8 GB","32 GB",13600,14008,"https://www.cashify.in/sell-old-mobile-phone/used-oppo-f27-8-gb-32-gb"
"OPPO","OPPO F27","F Series","8 GB","64 GB",13600,14008,"https://www.cashify.in/sell-old-mobile-phone/used-oppo-f27-8-gb-64-gb"
"OPPO","OPPO F27","F Series","8 GB","128 GB",7600,7828,"https://www.cashify.in/sell-old-mobile-phone/used-oppo-f27-8-gb-128-gb"
"OPPO","OPPO F27","F Series","8 GB","256 GB",13600,14008,"https://www.cashify.in/sell-old-mobile-phone/used-oppo-f27-8-gb-256-gb"
"OPPO","OPPO F29","F Series","2 GB","32 GB",10000,10300,"https://www.cashify.in/sell-old-mobile-phone/used-oppo-f29-2-gb-32-gb"
"OPPO","OPPO F29","F Series","2 GB","64 GB",10000,10300,"https://www.cashify.in/sell-old-mobile-phone/used-oppo-f29-2-gb-64-gb"
"OPPO","OPPO F29","F Series","2 GB","128 GB",4000,4120,"https://www.cashify.in/sell-old-mobile-phone/used-oppo-f29-2-gb-128-gb"
"OPPO","OPPO F29","F Series","2 GB","256 GB",10000,10300,"https://www.cashify.in/sell-old-mobile-phone/used-oppo-f29-2-gb-256-gb"
"OPPO","OPPO F29","F Series","4 GB","32 GB",11200,11536,"https://www.cashify.in/sell-old-mobile-phone/used-oppo-f29-4-gb-32-gb"
"OPPO","OPPO F29","F Series","4 GB","64 GB",11200,11536,"https://www.cashify.in/sell-old-mobile-phone/used-oppo-f29-4-gb-64-gb"
"OPPO","OPPO F29","F Series","4 GB","128 GB",5200,5356,"https://www.cashify.in/sell-old-mobile-phone/used-oppo-f29-4-gb-128-gb"
"OPPO","OPPO F29","F Series","4 GB","256 GB",11200,11536,"https://www.cashify.in/sell-old-mobile-phone/used-oppo-f29-4-gb-256-gb"
"OPPO","OPPO F29","F Series","6 GB","32 GB",12400,12772,"https://www.cashify.in/sell-old-mobile-phone/used-oppo-f29-6-gb-32-gb"
"OPPO","OPPO F29","F Series","6 GB","64 GB",12400,12772,"https://www.cashify.in/sell-old-mobile-phone/used-oppo-f29-6-gb-64-gb"
"OPPO","OPPO F29","F Series","6 GB","128 GB",6400,6592,"https://www.cashify.in/sell-old-mobile-phone/used-oppo-f29-6-gb-128-gb"
"OPPO","OPPO F29","F Series","6 GB","256 GB",12400,12772,"https://www.cashify.in/sell-old-mobile-phone/used-oppo-f29-6-gb-256-gb"
"OPPO","OPPO F29","F Series","8 GB","32 GB",13600,14008,"https://www.cashify.in/sell-old-mobile-phone/used-oppo-f29-8-gb-32-gb"
"OPPO","OPPO F29","F Series","8 GB","64 GB",13600,14008,"https://www.cashify.in/sell-old-mobile-phone/used-oppo-f29-8-gb-64-gb"
"OPPO","OPPO F29","F Series","8 GB","128 GB",7600,7828,"https://www.cashify.in/sell-old-mobile-phone/used-oppo-f29-8-gb-128-gb"
"OPPO","OPPO F29","F Series","8 GB","256 GB",13600,14008,"https://www.cashify.in/sell-old-mobile-phone/used-oppo-f29-8-gb-256-gb"
"OPPO","OPPO F29 Pro","F Series","8 GB","128 GB",68000,70040,"https://www.cashify.in/sell-old-mobile-phone/used-oppo-f29-pro-8-gb-128-gb"
"OPPO","OPPO F29 Pro","F Series","8 GB","256 GB",74000,76220,"https://www.cashify.in/sell-old-mobile-phone/used-oppo-f29-pro-8-gb-256-gb"
"OPPO","OPPO F29 Pro","F Series","8 GB","512 GB",79000,81370,"https://www.cashify.in/sell-old-mobile-phone/used-oppo-f29-pro-8-gb-512-gb"
"OPPO","OPPO F29 Pro","F Series","8 GB","1024 GB",84000,86520,"https://www.cashify.in/sell-old-mobile-phone/used-oppo-f29-pro-8-gb-1024-gb"
"OPPO","OPPO F29 Pro","F Series","12 GB","128 GB",70400,72512,"https://www.cashify.in/sell-old-mobile-phone/used-oppo-f29-pro-12-gb-128-gb"
"OPPO","OPPO F29 Pro","F Series","12 GB","256 GB",76400,78692,"https://www.cashify.in/sell-old-mobile-phone/used-oppo-f29-pro-12-gb-256-gb"
"OPPO","OPPO F29 Pro","F Series","12 GB","512 GB",81400,83842,"https://www.cashify.in/sell-old-mobile-phone/used-oppo-f29-pro-12-gb-512-gb"
"OPPO","OPPO F29 Pro","F Series","12 GB","1024 GB",86400,88992,"https://www.cashify.in/sell-old-mobile-phone/used-oppo-f29-pro-12-gb-1024-gb"
"OPPO","OPPO F29 Pro","F Series","16 GB","128 GB",72800,74984,"https://www.cashify.in/sell-old-mobile-phone/used-oppo-f29-pro-16-gb-128-gb"
"OPPO","OPPO F29 Pro","F Series","16 GB","256 GB",78800,81164,"https://www.cashify.in/sell-old-mobile-phone/used-oppo-f29-pro-16-gb-256-gb"
"OPPO","OPPO F29 Pro","F Series","16 GB","512 GB",83800,86314,"https://www.cashify.in/sell-old-mobile-phone/used-oppo-f29-pro-16-gb-512-gb"
"OPPO","OPPO F29 Pro","F Series","16 GB","1024 GB",88800,91464,"https://www.cashify.in/sell-old-mobile-phone/used-oppo-f29-pro-16-gb-1024-gb"
"OPPO","OPPO F31","F Series","2 GB","32 GB",10000,10300,"https://www.cashify.in/sell-old-mobile-phone/used-oppo-f31-2-gb-32-gb"
"OPPO","OPPO F31","F Series","2 GB","64 GB",10000,10300,"https://www.cashify.in/sell-old-mobile-phone/used-oppo-f31-2-gb-64-gb"
"OPPO","OPPO F31","F Series","2 GB","128 GB",4000,4120,"https://www.cashify.in/sell-old-mobile-phone/used-oppo-f31-2-gb-128-gb"
"OPPO","OPPO F31","F Series","2 GB","256 GB",10000,10300,"https://www.cashify.in/sell-old-mobile-phone/used-oppo-f31-2-gb-256-gb"
"OPPO","OPPO F31","F Series","4 GB","32 GB",11200,11536,"https://www.cashify.in/sell-old-mobile-phone/used-oppo-f31-4-gb-32-gb"
"OPPO","OPPO F31","F Series","4 GB","64 GB",11200,11536,"https://www.cashify.in/sell-old-mobile-phone/used-oppo-f31-4-gb-64-gb"
"OPPO","OPPO F31","F Series","4 GB","128 GB",5200,5356,"https://www.cashify.in/sell-old-mobile-phone/used-oppo-f31-4-gb-128-gb"
"OPPO","OPPO F31","F Series","4 GB","256 GB",11200,11536,"https://www.cashify.in/sell-old-mobile-phone/used-oppo-f31-4-gb-256-gb"
"OPPO","OPPO F31","F Series","6 GB","32 GB",12400,12772,"https://www.cashify.in/sell-old-mobile-phone/used-oppo-f31-6-gb-32-gb"
"OPPO","OPPO F31","F Series","6 GB","64 GB",12400,12772,"https://www.cashify.in/sell-old-mobile-phone/used-oppo-f31-6-gb-64-gb"
"OPPO","OPPO F31","F Series","6 GB","128 GB",6400,6592,"https://www.cashify.in/sell-old-mobile-phone/used-oppo-f31-6-gb-128-gb"
"OPPO","OPPO F31","F Series","6 GB","256 GB",12400,12772,"https://www.cashify.in/sell-old-mobile-phone/used-oppo-f31-6-gb-256-gb"
"OPPO","OPPO F31","F Series","8 GB","32 GB",13600,14008,"https://www.cashify.in/sell-old-mobile-phone/used-oppo-f31-8-gb-32-gb"
"OPPO","OPPO F31","F Series","8 GB","64 GB",13600,14008,"https://www.cashify.in/sell-old-mobile-phone/used-oppo-f31-8-gb-64-gb"
"OPPO","OPPO F31","F Series","8 GB","128 GB",7600,7828,"https://www.cashify.in/sell-old-mobile-phone/used-oppo-f31-8-gb-128-gb"
"OPPO","OPPO F31","F Series","8 GB","256 GB",13600,14008,"https://www.cashify.in/sell-old-mobile-phone/used-oppo-f31-8-gb-256-gb"
"OPPO","OPPO F31 Pro","F Series","8 GB","128 GB",68000,70040,"https://www.cashify.in/sell-old-mobile-phone/used-oppo-f31-pro-8-gb-128-gb"
"OPPO","OPPO F31 Pro","F Series","8 GB","256 GB",74000,76220,"https://www.cashify.in/sell-old-mobile-phone/used-oppo-f31-pro-8-gb-256-gb"
"OPPO","OPPO F31 Pro","F Series","8 GB","512 GB",79000,81370,"https://www.cashify.in/sell-old-mobile-phone/used-oppo-f31-pro-8-gb-512-gb"
"OPPO","OPPO F31 Pro","F Series","8 GB","1024 GB",84000,86520,"https://www.cashify.in/sell-old-mobile-phone/used-oppo-f31-pro-8-gb-1024-gb"
"OPPO","OPPO F31 Pro","F Series","12 GB","128 GB",70400,72512,"https://www.cashify.in/sell-old-mobile-phone/used-oppo-f31-pro-12-gb-128-gb"
"OPPO","OPPO F31 Pro","F Series","12 GB","256 GB",76400,78692,"https://www.cashify.in/sell-old-mobile-phone/used-oppo-f31-pro-12-gb-256-gb"
"OPPO","OPPO F31 Pro","F Series","12 GB","512 GB",81400,83842,"https://www.cashify.in/sell-old-mobile-phone/used-oppo-f31-pro-12-gb-512-gb"
"OPPO","OPPO F31 Pro","F Series","12 GB","1024 GB",86400,88992,"https://www.cashify.in/sell-old-mobile-phone/used-oppo-f31-pro-12-gb-1024-gb"
"OPPO","OPPO F31 Pro","F Series","16 GB","128 GB",72800,74984,"https://www.cashify.in/sell-old-mobile-phone/used-oppo-f31-pro-16-gb-128-gb"
"OPPO","OPPO F31 Pro","F Series","16 GB","256 GB",78800,81164,"https://www.cashify.in/sell-old-mobile-phone/used-oppo-f31-pro-16-gb-256-gb"
"OPPO","OPPO F31 Pro","F Series","16 GB","512 GB",83800,86314,"https://www.cashify.in/sell-old-mobile-phone/used-oppo-f31-pro-16-gb-512-gb"
"OPPO","OPPO F31 Pro","F Series","16 GB","1024 GB",88800,91464,"https://www.cashify.in/sell-old-mobile-phone/used-oppo-f31-pro-16-gb-1024-gb"
"OPPO","OPPO F31 Pro+","F Series","8 GB","128 GB",68000,70040,"https://www.cashify.in/sell-old-mobile-phone/used-oppo-f31-pro-8-gb-128-gb"
"OPPO","OPPO F31 Pro+","F Series","8 GB","256 GB",74000,76220,"https://www.cashify.in/sell-old-mobile-phone/used-oppo-f31-pro-8-gb-256-gb"
"OPPO","OPPO F31 Pro+","F Series","8 GB","512 GB",79000,81370,"https://www.cashify.in/sell-old-mobile-phone/used-oppo-f31-pro-8-gb-512-gb"
"OPPO","OPPO F31 Pro+","F Series","8 GB","1024 GB",84000,86520,"https://www.cashify.in/sell-old-mobile-phone/used-oppo-f31-pro-8-gb-1024-gb"
"OPPO","OPPO F31 Pro+","F Series","12 GB","128 GB",70400,72512,"https://www.cashify.in/sell-old-mobile-phone/used-oppo-f31-pro-12-gb-128-gb"
"OPPO","OPPO F31 Pro+","F Series","12 GB","256 GB",76400,78692,"https://www.cashify.in/sell-old-mobile-phone/used-oppo-f31-pro-12-gb-256-gb"
"OPPO","OPPO F31 Pro+","F Series","12 GB","512 GB",81400,83842,"https://www.cashify.in/sell-old-mobile-phone/used-oppo-f31-pro-12-gb-512-gb"
"OPPO","OPPO F31 Pro+","F Series","12 GB","1024 GB",86400,88992,"https://www.cashify.in/sell-old-mobile-phone/used-oppo-f31-pro-12-gb-1024-gb"
"OPPO","OPPO F31 Pro+","F Series","16 GB","128 GB",72800,74984,"https://www.cashify.in/sell-old-mobile-phone/used-oppo-f31-pro-16-gb-128-gb"
"OPPO","OPPO F31 Pro+","F Series","16 GB","256 GB",78800,81164,"https://www.cashify.in/sell-old-mobile-phone/used-oppo-f31-pro-16-gb-256-gb"
"OPPO","OPPO F31 Pro+","F Series","16 GB","512 GB",83800,86314,"https://www.cashify.in/sell-old-mobile-phone/used-oppo-f31-pro-16-gb-512-gb"
"OPPO","OPPO F31 Pro+","F Series","16 GB","1024 GB",88800,91464,"https://www.cashify.in/sell-old-mobile-phone/used-oppo-f31-pro-16-gb-1024-gb"
"OPPO","OPPO F33","F Series","2 GB","32 GB",10000,10300,"https://www.cashify.in/sell-old-mobile-phone/used-oppo-f33-2-gb-32-gb"
"OPPO","OPPO F33","F Series","2 GB","64 GB",10000,10300,"https://www.cashify.in/sell-old-mobile-phone/used-oppo-f33-2-gb-64-gb"
"OPPO","OPPO F33","F Series","2 GB","128 GB",4000,4120,"https://www.cashify.in/sell-old-mobile-phone/used-oppo-f33-2-gb-128-gb"
"OPPO","OPPO F33","F Series","2 GB","256 GB",10000,10300,"https://www.cashify.in/sell-old-mobile-phone/used-oppo-f33-2-gb-256-gb"
"OPPO","OPPO F33","F Series","4 GB","32 GB",11200,11536,"https://www.cashify.in/sell-old-mobile-phone/used-oppo-f33-4-gb-32-gb"
"OPPO","OPPO F33","F Series","4 GB","64 GB",11200,11536,"https://www.cashify.in/sell-old-mobile-phone/used-oppo-f33-4-gb-64-gb"
"OPPO","OPPO F33","F Series","4 GB","128 GB",5200,5356,"https://www.cashify.in/sell-old-mobile-phone/used-oppo-f33-4-gb-128-gb"
"OPPO","OPPO F33","F Series","4 GB","256 GB",11200,11536,"https://www.cashify.in/sell-old-mobile-phone/used-oppo-f33-4-gb-256-gb"
"OPPO","OPPO F33","F Series","6 GB","32 GB",12400,12772,"https://www.cashify.in/sell-old-mobile-phone/used-oppo-f33-6-gb-32-gb"
"OPPO","OPPO F33","F Series","6 GB","64 GB",12400,12772,"https://www.cashify.in/sell-old-mobile-phone/used-oppo-f33-6-gb-64-gb"
"OPPO","OPPO F33","F Series","6 GB","128 GB",6400,6592,"https://www.cashify.in/sell-old-mobile-phone/used-oppo-f33-6-gb-128-gb"
"OPPO","OPPO F33","F Series","6 GB","256 GB",12400,12772,"https://www.cashify.in/sell-old-mobile-phone/used-oppo-f33-6-gb-256-gb"
"OPPO","OPPO F33","F Series","8 GB","32 GB",13600,14008,"https://www.cashify.in/sell-old-mobile-phone/used-oppo-f33-8-gb-32-gb"
"OPPO","OPPO F33","F Series","8 GB","64 GB",13600,14008,"https://www.cashify.in/sell-old-mobile-phone/used-oppo-f33-8-gb-64-gb"
"OPPO","OPPO F33","F Series","8 GB","128 GB",7600,7828,"https://www.cashify.in/sell-old-mobile-phone/used-oppo-f33-8-gb-128-gb"
"OPPO","OPPO F33","F Series","8 GB","256 GB",13600,14008,"https://www.cashify.in/sell-old-mobile-phone/used-oppo-f33-8-gb-256-gb"
"OPPO","OPPO F33 Pro","F Series","8 GB","128 GB",68000,70040,"https://www.cashify.in/sell-old-mobile-phone/used-oppo-f33-pro-8-gb-128-gb"
"OPPO","OPPO F33 Pro","F Series","8 GB","256 GB",74000,76220,"https://www.cashify.in/sell-old-mobile-phone/used-oppo-f33-pro-8-gb-256-gb"
"OPPO","OPPO F33 Pro","F Series","8 GB","512 GB",79000,81370,"https://www.cashify.in/sell-old-mobile-phone/used-oppo-f33-pro-8-gb-512-gb"
"OPPO","OPPO F33 Pro","F Series","8 GB","1024 GB",84000,86520,"https://www.cashify.in/sell-old-mobile-phone/used-oppo-f33-pro-8-gb-1024-gb"
"OPPO","OPPO F33 Pro","F Series","12 GB","128 GB",70400,72512,"https://www.cashify.in/sell-old-mobile-phone/used-oppo-f33-pro-12-gb-128-gb"
"OPPO","OPPO F33 Pro","F Series","12 GB","256 GB",76400,78692,"https://www.cashify.in/sell-old-mobile-phone/used-oppo-f33-pro-12-gb-256-gb"
"OPPO","OPPO F33 Pro","F Series","12 GB","512 GB",81400,83842,"https://www.cashify.in/sell-old-mobile-phone/used-oppo-f33-pro-12-gb-512-gb"
"OPPO","OPPO F33 Pro","F Series","12 GB","1024 GB",86400,88992,"https://www.cashify.in/sell-old-mobile-phone/used-oppo-f33-pro-12-gb-1024-gb"
"OPPO","OPPO F33 Pro","F Series","16 GB","128 GB",72800,74984,"https://www.cashify.in/sell-old-mobile-phone/used-oppo-f33-pro-16-gb-128-gb"
"OPPO","OPPO F33 Pro","F Series","16 GB","256 GB",78800,81164,"https://www.cashify.in/sell-old-mobile-phone/used-oppo-f33-pro-16-gb-256-gb"
"OPPO","OPPO F33 Pro","F Series","16 GB","512 GB",83800,86314,"https://www.cashify.in/sell-old-mobile-phone/used-oppo-f33-pro-16-gb-512-gb"
"OPPO","OPPO F33 Pro","F Series","16 GB","1024 GB",88800,91464,"https://www.cashify.in/sell-old-mobile-phone/used-oppo-f33-pro-16-gb-1024-gb"
"OPPO","OPPO Reno 8","Reno Series","8 GB","128 GB",29000,29870,"https://www.cashify.in/sell-old-mobile-phone/used-oppo-reno-8-8-gb-128-gb"
"OPPO","OPPO Reno 8","Reno Series","8 GB","256 GB",35000,36050,"https://www.cashify.in/sell-old-mobile-phone/used-oppo-reno-8-8-gb-256-gb"
"OPPO","OPPO Reno 8","Reno Series","8 GB","512 GB",40500,41715,"https://www.cashify.in/sell-old-mobile-phone/used-oppo-reno-8-8-gb-512-gb"
"OPPO","OPPO Reno 8","Reno Series","8 GB","1024 GB",45500,46865,"https://www.cashify.in/sell-old-mobile-phone/used-oppo-reno-8-8-gb-1024-gb"
"OPPO","OPPO Reno 8","Reno Series","12 GB","128 GB",31400,32342,"https://www.cashify.in/sell-old-mobile-phone/used-oppo-reno-8-12-gb-128-gb"
"OPPO","OPPO Reno 8","Reno Series","12 GB","256 GB",37400,38522,"https://www.cashify.in/sell-old-mobile-phone/used-oppo-reno-8-12-gb-256-gb"
"OPPO","OPPO Reno 8","Reno Series","12 GB","512 GB",42900,44187,"https://www.cashify.in/sell-old-mobile-phone/used-oppo-reno-8-12-gb-512-gb"
"OPPO","OPPO Reno 8","Reno Series","12 GB","1024 GB",47900,49337,"https://www.cashify.in/sell-old-mobile-phone/used-oppo-reno-8-12-gb-1024-gb"
"OPPO","OPPO Reno 8 Pro","Reno Series","8 GB","128 GB",68000,70040,"https://www.cashify.in/sell-old-mobile-phone/used-oppo-reno-8-pro-8-gb-128-gb"
"OPPO","OPPO Reno 8 Pro","Reno Series","8 GB","256 GB",74000,76220,"https://www.cashify.in/sell-old-mobile-phone/used-oppo-reno-8-pro-8-gb-256-gb"
"OPPO","OPPO Reno 8 Pro","Reno Series","8 GB","512 GB",79000,81370,"https://www.cashify.in/sell-old-mobile-phone/used-oppo-reno-8-pro-8-gb-512-gb"
"OPPO","OPPO Reno 8 Pro","Reno Series","8 GB","1024 GB",84000,86520,"https://www.cashify.in/sell-old-mobile-phone/used-oppo-reno-8-pro-8-gb-1024-gb"
"OPPO","OPPO Reno 8 Pro","Reno Series","12 GB","128 GB",70400,72512,"https://www.cashify.in/sell-old-mobile-phone/used-oppo-reno-8-pro-12-gb-128-gb"
"OPPO","OPPO Reno 8 Pro","Reno Series","12 GB","256 GB",76400,78692,"https://www.cashify.in/sell-old-mobile-phone/used-oppo-reno-8-pro-12-gb-256-gb"
"OPPO","OPPO Reno 8 Pro","Reno Series","12 GB","512 GB",81400,83842,"https://www.cashify.in/sell-old-mobile-phone/used-oppo-reno-8-pro-12-gb-512-gb"
"OPPO","OPPO Reno 8 Pro","Reno Series","12 GB","1024 GB",86400,88992,"https://www.cashify.in/sell-old-mobile-phone/used-oppo-reno-8-pro-12-gb-1024-gb"
"OPPO","OPPO Reno 8 Pro","Reno Series","16 GB","128 GB",72800,74984,"https://www.cashify.in/sell-old-mobile-phone/used-oppo-reno-8-pro-16-gb-128-gb"
"OPPO","OPPO Reno 8 Pro","Reno Series","16 GB","256 GB",78800,81164,"https://www.cashify.in/sell-old-mobile-phone/used-oppo-reno-8-pro-16-gb-256-gb"
"OPPO","OPPO Reno 8 Pro","Reno Series","16 GB","512 GB",83800,86314,"https://www.cashify.in/sell-old-mobile-phone/used-oppo-reno-8-pro-16-gb-512-gb"
"OPPO","OPPO Reno 8 Pro","Reno Series","16 GB","1024 GB",88800,91464,"https://www.cashify.in/sell-old-mobile-phone/used-oppo-reno-8-pro-16-gb-1024-gb"
"OPPO","OPPO Reno 10","Reno Series","8 GB","128 GB",29000,29870,"https://www.cashify.in/sell-old-mobile-phone/used-oppo-reno-10-8-gb-128-gb"
"OPPO","OPPO Reno 10","Reno Series","8 GB","256 GB",35000,36050,"https://www.cashify.in/sell-old-mobile-phone/used-oppo-reno-10-8-gb-256-gb"
"OPPO","OPPO Reno 10","Reno Series","8 GB","512 GB",40500,41715,"https://www.cashify.in/sell-old-mobile-phone/used-oppo-reno-10-8-gb-512-gb"
"OPPO","OPPO Reno 10","Reno Series","8 GB","1024 GB",45500,46865,"https://www.cashify.in/sell-old-mobile-phone/used-oppo-reno-10-8-gb-1024-gb"
"OPPO","OPPO Reno 10","Reno Series","12 GB","128 GB",31400,32342,"https://www.cashify.in/sell-old-mobile-phone/used-oppo-reno-10-12-gb-128-gb"
"OPPO","OPPO Reno 10","Reno Series","12 GB","256 GB",37400,38522,"https://www.cashify.in/sell-old-mobile-phone/used-oppo-reno-10-12-gb-256-gb"
"OPPO","OPPO Reno 10","Reno Series","12 GB","512 GB",42900,44187,"https://www.cashify.in/sell-old-mobile-phone/used-oppo-reno-10-12-gb-512-gb"
"OPPO","OPPO Reno 10","Reno Series","12 GB","1024 GB",47900,49337,"https://www.cashify.in/sell-old-mobile-phone/used-oppo-reno-10-12-gb-1024-gb"
"OPPO","OPPO Reno 10 Pro","Reno Series","8 GB","128 GB",68000,70040,"https://www.cashify.in/sell-old-mobile-phone/used-oppo-reno-10-pro-8-gb-128-gb"
"OPPO","OPPO Reno 10 Pro","Reno Series","8 GB","256 GB",74000,76220,"https://www.cashify.in/sell-old-mobile-phone/used-oppo-reno-10-pro-8-gb-256-gb"
"OPPO","OPPO Reno 10 Pro","Reno Series","8 GB","512 GB",79000,81370,"https://www.cashify.in/sell-old-mobile-phone/used-oppo-reno-10-pro-8-gb-512-gb"
"OPPO","OPPO Reno 10 Pro","Reno Series","8 GB","1024 GB",84000,86520,"https://www.cashify.in/sell-old-mobile-phone/used-oppo-reno-10-pro-8-gb-1024-gb"
"OPPO","OPPO Reno 10 Pro","Reno Series","12 GB","128 GB",70400,72512,"https://www.cashify.in/sell-old-mobile-phone/used-oppo-reno-10-pro-12-gb-128-gb"
"OPPO","OPPO Reno 10 Pro","Reno Series","12 GB","256 GB",76400,78692,"https://www.cashify.in/sell-old-mobile-phone/used-oppo-reno-10-pro-12-gb-256-gb"
"OPPO","OPPO Reno 10 Pro","Reno Series","12 GB","512 GB",81400,83842,"https://www.cashify.in/sell-old-mobile-phone/used-oppo-reno-10-pro-12-gb-512-gb"
"OPPO","OPPO Reno 10 Pro","Reno Series","12 GB","1024 GB",86400,88992,"https://www.cashify.in/sell-old-mobile-phone/used-oppo-reno-10-pro-12-gb-1024-gb"
"OPPO","OPPO Reno 10 Pro","Reno Series","16 GB","128 GB",72800,74984,"https://www.cashify.in/sell-old-mobile-phone/used-oppo-reno-10-pro-16-gb-128-gb"
"OPPO","OPPO Reno 10 Pro","Reno Series","16 GB","256 GB",78800,81164,"https://www.cashify.in/sell-old-mobile-phone/used-oppo-reno-10-pro-16-gb-256-gb"
"OPPO","OPPO Reno 10 Pro","Reno Series","16 GB","512 GB",83800,86314,"https://www.cashify.in/sell-old-mobile-phone/used-oppo-reno-10-pro-16-gb-512-gb"
"OPPO","OPPO Reno 10 Pro","Reno Series","16 GB","1024 GB",88800,91464,"https://www.cashify.in/sell-old-mobile-phone/used-oppo-reno-10-pro-16-gb-1024-gb"
"OPPO","OPPO Reno 10 Pro+","Reno Series","8 GB","128 GB",68000,70040,"https://www.cashify.in/sell-old-mobile-phone/used-oppo-reno-10-pro-8-gb-128-gb"
"OPPO","OPPO Reno 10 Pro+","Reno Series","8 GB","256 GB",74000,76220,"https://www.cashify.in/sell-old-mobile-phone/used-oppo-reno-10-pro-8-gb-256-gb"
"OPPO","OPPO Reno 10 Pro+","Reno Series","8 GB","512 GB",79000,81370,"https://www.cashify.in/sell-old-mobile-phone/used-oppo-reno-10-pro-8-gb-512-gb"
"OPPO","OPPO Reno 10 Pro+","Reno Series","8 GB","1024 GB",84000,86520,"https://www.cashify.in/sell-old-mobile-phone/used-oppo-reno-10-pro-8-gb-1024-gb"
"OPPO","OPPO Reno 10 Pro+","Reno Series","12 GB","128 GB",70400,72512,"https://www.cashify.in/sell-old-mobile-phone/used-oppo-reno-10-pro-12-gb-128-gb"
"OPPO","OPPO Reno 10 Pro+","Reno Series","12 GB","256 GB",76400,78692,"https://www.cashify.in/sell-old-mobile-phone/used-oppo-reno-10-pro-12-gb-256-gb"
"OPPO","OPPO Reno 10 Pro+","Reno Series","12 GB","512 GB",81400,83842,"https://www.cashify.in/sell-old-mobile-phone/used-oppo-reno-10-pro-12-gb-512-gb"
"OPPO","OPPO Reno 10 Pro+","Reno Series","12 GB","1024 GB",86400,88992,"https://www.cashify.in/sell-old-mobile-phone/used-oppo-reno-10-pro-12-gb-1024-gb"
"OPPO","OPPO Reno 10 Pro+","Reno Series","16 GB","128 GB",72800,74984,"https://www.cashify.in/sell-old-mobile-phone/used-oppo-reno-10-pro-16-gb-128-gb"
"OPPO","OPPO Reno 10 Pro+","Reno Series","16 GB","256 GB",78800,81164,"https://www.cashify.in/sell-old-mobile-phone/used-oppo-reno-10-pro-16-gb-256-gb"
"OPPO","OPPO Reno 10 Pro+","Reno Series","16 GB","512 GB",83800,86314,"https://www.cashify.in/sell-old-mobile-phone/used-oppo-reno-10-pro-16-gb-512-gb"
"OPPO","OPPO Reno 10 Pro+","Reno Series","16 GB","1024 GB",88800,91464,"https://www.cashify.in/sell-old-mobile-phone/used-oppo-reno-10-pro-16-gb-1024-gb"
"OPPO","OPPO Reno 11","Reno Series","8 GB","128 GB",29000,29870,"https://www.cashify.in/sell-old-mobile-phone/used-oppo-reno-11-8-gb-128-gb"
"OPPO","OPPO Reno 11","Reno Series","8 GB","256 GB",35000,36050,"https://www.cashify.in/sell-old-mobile-phone/used-oppo-reno-11-8-gb-256-gb"
"OPPO","OPPO Reno 11","Reno Series","8 GB","512 GB",40500,41715,"https://www.cashify.in/sell-old-mobile-phone/used-oppo-reno-11-8-gb-512-gb"
"OPPO","OPPO Reno 11","Reno Series","8 GB","1024 GB",45500,46865,"https://www.cashify.in/sell-old-mobile-phone/used-oppo-reno-11-8-gb-1024-gb"
"OPPO","OPPO Reno 11","Reno Series","12 GB","128 GB",31400,32342,"https://www.cashify.in/sell-old-mobile-phone/used-oppo-reno-11-12-gb-128-gb"
"OPPO","OPPO Reno 11","Reno Series","12 GB","256 GB",37400,38522,"https://www.cashify.in/sell-old-mobile-phone/used-oppo-reno-11-12-gb-256-gb"
"OPPO","OPPO Reno 11","Reno Series","12 GB","512 GB",42900,44187,"https://www.cashify.in/sell-old-mobile-phone/used-oppo-reno-11-12-gb-512-gb"
"OPPO","OPPO Reno 11","Reno Series","12 GB","1024 GB",47900,49337,"https://www.cashify.in/sell-old-mobile-phone/used-oppo-reno-11-12-gb-1024-gb"
"OPPO","OPPO Reno 11 Pro","Reno Series","8 GB","128 GB",68000,70040,"https://www.cashify.in/sell-old-mobile-phone/used-oppo-reno-11-pro-8-gb-128-gb"
"OPPO","OPPO Reno 11 Pro","Reno Series","8 GB","256 GB",74000,76220,"https://www.cashify.in/sell-old-mobile-phone/used-oppo-reno-11-pro-8-gb-256-gb"
"OPPO","OPPO Reno 11 Pro","Reno Series","8 GB","512 GB",79000,81370,"https://www.cashify.in/sell-old-mobile-phone/used-oppo-reno-11-pro-8-gb-512-gb"
"OPPO","OPPO Reno 11 Pro","Reno Series","8 GB","1024 GB",84000,86520,"https://www.cashify.in/sell-old-mobile-phone/used-oppo-reno-11-pro-8-gb-1024-gb"
"OPPO","OPPO Reno 11 Pro","Reno Series","12 GB","128 GB",70400,72512,"https://www.cashify.in/sell-old-mobile-phone/used-oppo-reno-11-pro-12-gb-128-gb"
"OPPO","OPPO Reno 11 Pro","Reno Series","12 GB","256 GB",76400,78692,"https://www.cashify.in/sell-old-mobile-phone/used-oppo-reno-11-pro-12-gb-256-gb"
"OPPO","OPPO Reno 11 Pro","Reno Series","12 GB","512 GB",81400,83842,"https://www.cashify.in/sell-old-mobile-phone/used-oppo-reno-11-pro-12-gb-512-gb"
"OPPO","OPPO Reno 11 Pro","Reno Series","12 GB","1024 GB",86400,88992,"https://www.cashify.in/sell-old-mobile-phone/used-oppo-reno-11-pro-12-gb-1024-gb"
"OPPO","OPPO Reno 11 Pro","Reno Series","16 GB","128 GB",72800,74984,"https://www.cashify.in/sell-old-mobile-phone/used-oppo-reno-11-pro-16-gb-128-gb"
"OPPO","OPPO Reno 11 Pro","Reno Series","16 GB","256 GB",78800,81164,"https://www.cashify.in/sell-old-mobile-phone/used-oppo-reno-11-pro-16-gb-256-gb"
"OPPO","OPPO Reno 11 Pro","Reno Series","16 GB","512 GB",83800,86314,"https://www.cashify.in/sell-old-mobile-phone/used-oppo-reno-11-pro-16-gb-512-gb"
"OPPO","OPPO Reno 11 Pro","Reno Series","16 GB","1024 GB",88800,91464,"https://www.cashify.in/sell-old-mobile-phone/used-oppo-reno-11-pro-16-gb-1024-gb"
"OPPO","OPPO Reno 13","Reno Series","8 GB","128 GB",29000,29870,"https://www.cashify.in/sell-old-mobile-phone/used-oppo-reno-13-8-gb-128-gb"
"OPPO","OPPO Reno 13","Reno Series","8 GB","256 GB",35000,36050,"https://www.cashify.in/sell-old-mobile-phone/used-oppo-reno-13-8-gb-256-gb"
"OPPO","OPPO Reno 13","Reno Series","8 GB","512 GB",40500,41715,"https://www.cashify.in/sell-old-mobile-phone/used-oppo-reno-13-8-gb-512-gb"
"OPPO","OPPO Reno 13","Reno Series","8 GB","1024 GB",45500,46865,"https://www.cashify.in/sell-old-mobile-phone/used-oppo-reno-13-8-gb-1024-gb"
"OPPO","OPPO Reno 13","Reno Series","12 GB","128 GB",31400,32342,"https://www.cashify.in/sell-old-mobile-phone/used-oppo-reno-13-12-gb-128-gb"
"OPPO","OPPO Reno 13","Reno Series","12 GB","256 GB",37400,38522,"https://www.cashify.in/sell-old-mobile-phone/used-oppo-reno-13-12-gb-256-gb"
"OPPO","OPPO Reno 13","Reno Series","12 GB","512 GB",42900,44187,"https://www.cashify.in/sell-old-mobile-phone/used-oppo-reno-13-12-gb-512-gb"
"OPPO","OPPO Reno 13","Reno Series","12 GB","1024 GB",47900,49337,"https://www.cashify.in/sell-old-mobile-phone/used-oppo-reno-13-12-gb-1024-gb"
"OPPO","OPPO Reno 13 Pro","Reno Series","8 GB","128 GB",68000,70040,"https://www.cashify.in/sell-old-mobile-phone/used-oppo-reno-13-pro-8-gb-128-gb"
"OPPO","OPPO Reno 13 Pro","Reno Series","8 GB","256 GB",74000,76220,"https://www.cashify.in/sell-old-mobile-phone/used-oppo-reno-13-pro-8-gb-256-gb"
"OPPO","OPPO Reno 13 Pro","Reno Series","8 GB","512 GB",79000,81370,"https://www.cashify.in/sell-old-mobile-phone/used-oppo-reno-13-pro-8-gb-512-gb"
"OPPO","OPPO Reno 13 Pro","Reno Series","8 GB","1024 GB",84000,86520,"https://www.cashify.in/sell-old-mobile-phone/used-oppo-reno-13-pro-8-gb-1024-gb"
"OPPO","OPPO Reno 13 Pro","Reno Series","12 GB","128 GB",70400,72512,"https://www.cashify.in/sell-old-mobile-phone/used-oppo-reno-13-pro-12-gb-128-gb"
"OPPO","OPPO Reno 13 Pro","Reno Series","12 GB","256 GB",76400,78692,"https://www.cashify.in/sell-old-mobile-phone/used-oppo-reno-13-pro-12-gb-256-gb"
"OPPO","OPPO Reno 13 Pro","Reno Series","12 GB","512 GB",81400,83842,"https://www.cashify.in/sell-old-mobile-phone/used-oppo-reno-13-pro-12-gb-512-gb"
"OPPO","OPPO Reno 13 Pro","Reno Series","12 GB","1024 GB",86400,88992,"https://www.cashify.in/sell-old-mobile-phone/used-oppo-reno-13-pro-12-gb-1024-gb"
"OPPO","OPPO Reno 13 Pro","Reno Series","16 GB","128 GB",72800,74984,"https://www.cashify.in/sell-old-mobile-phone/used-oppo-reno-13-pro-16-gb-128-gb"
"OPPO","OPPO Reno 13 Pro","Reno Series","16 GB","256 GB",78800,81164,"https://www.cashify.in/sell-old-mobile-phone/used-oppo-reno-13-pro-16-gb-256-gb"
"OPPO","OPPO Reno 13 Pro","Reno Series","16 GB","512 GB",83800,86314,"https://www.cashify.in/sell-old-mobile-phone/used-oppo-reno-13-pro-16-gb-512-gb"
"OPPO","OPPO Reno 13 Pro","Reno Series","16 GB","1024 GB",88800,91464,"https://www.cashify.in/sell-old-mobile-phone/used-oppo-reno-13-pro-16-gb-1024-gb"
"OPPO","OPPO Reno 14","Reno Series","8 GB","128 GB",29000,29870,"https://www.cashify.in/sell-old-mobile-phone/used-oppo-reno-14-8-gb-128-gb"
"OPPO","OPPO Reno 14","Reno Series","8 GB","256 GB",35000,36050,"https://www.cashify.in/sell-old-mobile-phone/used-oppo-reno-14-8-gb-256-gb"
"OPPO","OPPO Reno 14","Reno Series","8 GB","512 GB",40500,41715,"https://www.cashify.in/sell-old-mobile-phone/used-oppo-reno-14-8-gb-512-gb"
"OPPO","OPPO Reno 14","Reno Series","8 GB","1024 GB",45500,46865,"https://www.cashify.in/sell-old-mobile-phone/used-oppo-reno-14-8-gb-1024-gb"
"OPPO","OPPO Reno 14","Reno Series","12 GB","128 GB",31400,32342,"https://www.cashify.in/sell-old-mobile-phone/used-oppo-reno-14-12-gb-128-gb"
"OPPO","OPPO Reno 14","Reno Series","12 GB","256 GB",37400,38522,"https://www.cashify.in/sell-old-mobile-phone/used-oppo-reno-14-12-gb-256-gb"
"OPPO","OPPO Reno 14","Reno Series","12 GB","512 GB",42900,44187,"https://www.cashify.in/sell-old-mobile-phone/used-oppo-reno-14-12-gb-512-gb"
"OPPO","OPPO Reno 14","Reno Series","12 GB","1024 GB",47900,49337,"https://www.cashify.in/sell-old-mobile-phone/used-oppo-reno-14-12-gb-1024-gb"
"OPPO","OPPO Reno 14 Pro","Reno Series","8 GB","128 GB",68000,70040,"https://www.cashify.in/sell-old-mobile-phone/used-oppo-reno-14-pro-8-gb-128-gb"
"OPPO","OPPO Reno 14 Pro","Reno Series","8 GB","256 GB",74000,76220,"https://www.cashify.in/sell-old-mobile-phone/used-oppo-reno-14-pro-8-gb-256-gb"
"OPPO","OPPO Reno 14 Pro","Reno Series","8 GB","512 GB",79000,81370,"https://www.cashify.in/sell-old-mobile-phone/used-oppo-reno-14-pro-8-gb-512-gb"
"OPPO","OPPO Reno 14 Pro","Reno Series","8 GB","1024 GB",84000,86520,"https://www.cashify.in/sell-old-mobile-phone/used-oppo-reno-14-pro-8-gb-1024-gb"
"OPPO","OPPO Reno 14 Pro","Reno Series","12 GB","128 GB",70400,72512,"https://www.cashify.in/sell-old-mobile-phone/used-oppo-reno-14-pro-12-gb-128-gb"
"OPPO","OPPO Reno 14 Pro","Reno Series","12 GB","256 GB",76400,78692,"https://www.cashify.in/sell-old-mobile-phone/used-oppo-reno-14-pro-12-gb-256-gb"
"OPPO","OPPO Reno 14 Pro","Reno Series","12 GB","512 GB",81400,83842,"https://www.cashify.in/sell-old-mobile-phone/used-oppo-reno-14-pro-12-gb-512-gb"
"OPPO","OPPO Reno 14 Pro","Reno Series","12 GB","1024 GB",86400,88992,"https://www.cashify.in/sell-old-mobile-phone/used-oppo-reno-14-pro-12-gb-1024-gb"
"OPPO","OPPO Reno 14 Pro","Reno Series","16 GB","128 GB",72800,74984,"https://www.cashify.in/sell-old-mobile-phone/used-oppo-reno-14-pro-16-gb-128-gb"
"OPPO","OPPO Reno 14 Pro","Reno Series","16 GB","256 GB",78800,81164,"https://www.cashify.in/sell-old-mobile-phone/used-oppo-reno-14-pro-16-gb-256-gb"
"OPPO","OPPO Reno 14 Pro","Reno Series","16 GB","512 GB",83800,86314,"https://www.cashify.in/sell-old-mobile-phone/used-oppo-reno-14-pro-16-gb-512-gb"
"OPPO","OPPO Reno 14 Pro","Reno Series","16 GB","1024 GB",88800,91464,"https://www.cashify.in/sell-old-mobile-phone/used-oppo-reno-14-pro-16-gb-1024-gb"
"OPPO","OPPO Reno 15c","Reno Series","8 GB","128 GB",29000,29870,"https://www.cashify.in/sell-old-mobile-phone/used-oppo-reno-15c-8-gb-128-gb"
"OPPO","OPPO Reno 15c","Reno Series","8 GB","256 GB",35000,36050,"https://www.cashify.in/sell-old-mobile-phone/used-oppo-reno-15c-8-gb-256-gb"
"OPPO","OPPO Reno 15c","Reno Series","8 GB","512 GB",40500,41715,"https://www.cashify.in/sell-old-mobile-phone/used-oppo-reno-15c-8-gb-512-gb"
"OPPO","OPPO Reno 15c","Reno Series","8 GB","1024 GB",45500,46865,"https://www.cashify.in/sell-old-mobile-phone/used-oppo-reno-15c-8-gb-1024-gb"
"OPPO","OPPO Reno 15c","Reno Series","12 GB","128 GB",31400,32342,"https://www.cashify.in/sell-old-mobile-phone/used-oppo-reno-15c-12-gb-128-gb"
"OPPO","OPPO Reno 15c","Reno Series","12 GB","256 GB",37400,38522,"https://www.cashify.in/sell-old-mobile-phone/used-oppo-reno-15c-12-gb-256-gb"
"OPPO","OPPO Reno 15c","Reno Series","12 GB","512 GB",42900,44187,"https://www.cashify.in/sell-old-mobile-phone/used-oppo-reno-15c-12-gb-512-gb"
"OPPO","OPPO Reno 15c","Reno Series","12 GB","1024 GB",47900,49337,"https://www.cashify.in/sell-old-mobile-phone/used-oppo-reno-15c-12-gb-1024-gb"
"OPPO","OPPO Reno 15","Reno Series","8 GB","128 GB",29000,29870,"https://www.cashify.in/sell-old-mobile-phone/used-oppo-reno-15-8-gb-128-gb"
"OPPO","OPPO Reno 15","Reno Series","8 GB","256 GB",35000,36050,"https://www.cashify.in/sell-old-mobile-phone/used-oppo-reno-15-8-gb-256-gb"
"OPPO","OPPO Reno 15","Reno Series","8 GB","512 GB",40500,41715,"https://www.cashify.in/sell-old-mobile-phone/used-oppo-reno-15-8-gb-512-gb"
"OPPO","OPPO Reno 15","Reno Series","8 GB","1024 GB",45500,46865,"https://www.cashify.in/sell-old-mobile-phone/used-oppo-reno-15-8-gb-1024-gb"
"OPPO","OPPO Reno 15","Reno Series","12 GB","128 GB",31400,32342,"https://www.cashify.in/sell-old-mobile-phone/used-oppo-reno-15-12-gb-128-gb"
"OPPO","OPPO Reno 15","Reno Series","12 GB","256 GB",37400,38522,"https://www.cashify.in/sell-old-mobile-phone/used-oppo-reno-15-12-gb-256-gb"
"OPPO","OPPO Reno 15","Reno Series","12 GB","512 GB",42900,44187,"https://www.cashify.in/sell-old-mobile-phone/used-oppo-reno-15-12-gb-512-gb"
"OPPO","OPPO Reno 15","Reno Series","12 GB","1024 GB",47900,49337,"https://www.cashify.in/sell-old-mobile-phone/used-oppo-reno-15-12-gb-1024-gb"
"OPPO","OPPO Reno 15 Pro","Reno Series","8 GB","128 GB",68000,70040,"https://www.cashify.in/sell-old-mobile-phone/used-oppo-reno-15-pro-8-gb-128-gb"
"OPPO","OPPO Reno 15 Pro","Reno Series","8 GB","256 GB",74000,76220,"https://www.cashify.in/sell-old-mobile-phone/used-oppo-reno-15-pro-8-gb-256-gb"
"OPPO","OPPO Reno 15 Pro","Reno Series","8 GB","512 GB",79000,81370,"https://www.cashify.in/sell-old-mobile-phone/used-oppo-reno-15-pro-8-gb-512-gb"
"OPPO","OPPO Reno 15 Pro","Reno Series","8 GB","1024 GB",84000,86520,"https://www.cashify.in/sell-old-mobile-phone/used-oppo-reno-15-pro-8-gb-1024-gb"
"OPPO","OPPO Reno 15 Pro","Reno Series","12 GB","128 GB",70400,72512,"https://www.cashify.in/sell-old-mobile-phone/used-oppo-reno-15-pro-12-gb-128-gb"
"OPPO","OPPO Reno 15 Pro","Reno Series","12 GB","256 GB",76400,78692,"https://www.cashify.in/sell-old-mobile-phone/used-oppo-reno-15-pro-12-gb-256-gb"
"OPPO","OPPO Reno 15 Pro","Reno Series","12 GB","512 GB",81400,83842,"https://www.cashify.in/sell-old-mobile-phone/used-oppo-reno-15-pro-12-gb-512-gb"
"OPPO","OPPO Reno 15 Pro","Reno Series","12 GB","1024 GB",86400,88992,"https://www.cashify.in/sell-old-mobile-phone/used-oppo-reno-15-pro-12-gb-1024-gb"
"OPPO","OPPO Reno 15 Pro","Reno Series","16 GB","128 GB",72800,74984,"https://www.cashify.in/sell-old-mobile-phone/used-oppo-reno-15-pro-16-gb-128-gb"
"OPPO","OPPO Reno 15 Pro","Reno Series","16 GB","256 GB",78800,81164,"https://www.cashify.in/sell-old-mobile-phone/used-oppo-reno-15-pro-16-gb-256-gb"
"OPPO","OPPO Reno 15 Pro","Reno Series","16 GB","512 GB",83800,86314,"https://www.cashify.in/sell-old-mobile-phone/used-oppo-reno-15-pro-16-gb-512-gb"
"OPPO","OPPO Reno 15 Pro","Reno Series","16 GB","1024 GB",88800,91464,"https://www.cashify.in/sell-old-mobile-phone/used-oppo-reno-15-pro-16-gb-1024-gb"
"OPPO","OPPO Reno 15 Pro Mini","Reno Series","8 GB","128 GB",65500,67465,"https://www.cashify.in/sell-old-mobile-phone/used-oppo-reno-15-pro-mini-8-gb-128-gb"
"OPPO","OPPO Reno 15 Pro Mini","Reno Series","8 GB","256 GB",71500,73645,"https://www.cashify.in/sell-old-mobile-phone/used-oppo-reno-15-pro-mini-8-gb-256-gb"
"OPPO","OPPO Reno 15 Pro Mini","Reno Series","8 GB","512 GB",76500,78795,"https://www.cashify.in/sell-old-mobile-phone/used-oppo-reno-15-pro-mini-8-gb-512-gb"
"OPPO","OPPO Reno 15 Pro Mini","Reno Series","8 GB","1024 GB",81500,83945,"https://www.cashify.in/sell-old-mobile-phone/used-oppo-reno-15-pro-mini-8-gb-1024-gb"
"OPPO","OPPO Reno 15 Pro Mini","Reno Series","12 GB","128 GB",67900,69937,"https://www.cashify.in/sell-old-mobile-phone/used-oppo-reno-15-pro-mini-12-gb-128-gb"
"OPPO","OPPO Reno 15 Pro Mini","Reno Series","12 GB","256 GB",73900,76117,"https://www.cashify.in/sell-old-mobile-phone/used-oppo-reno-15-pro-mini-12-gb-256-gb"
"OPPO","OPPO Reno 15 Pro Mini","Reno Series","12 GB","512 GB",78900,81267,"https://www.cashify.in/sell-old-mobile-phone/used-oppo-reno-15-pro-mini-12-gb-512-gb"
"OPPO","OPPO Reno 15 Pro Mini","Reno Series","12 GB","1024 GB",83900,86417,"https://www.cashify.in/sell-old-mobile-phone/used-oppo-reno-15-pro-mini-12-gb-1024-gb"
"OPPO","OPPO Reno 15 Pro Mini","Reno Series","16 GB","128 GB",70300,72409,"https://www.cashify.in/sell-old-mobile-phone/used-oppo-reno-15-pro-mini-16-gb-128-gb"
"OPPO","OPPO Reno 15 Pro Mini","Reno Series","16 GB","256 GB",76300,78589,"https://www.cashify.in/sell-old-mobile-phone/used-oppo-reno-15-pro-mini-16-gb-256-gb"
"OPPO","OPPO Reno 15 Pro Mini","Reno Series","16 GB","512 GB",81300,83739,"https://www.cashify.in/sell-old-mobile-phone/used-oppo-reno-15-pro-mini-16-gb-512-gb"
"OPPO","OPPO Reno 15 Pro Mini","Reno Series","16 GB","1024 GB",86300,88889,"https://www.cashify.in/sell-old-mobile-phone/used-oppo-reno-15-pro-mini-16-gb-1024-gb"
"OPPO","OPPO Reno 16c","Reno Series","8 GB","128 GB",29000,29870,"https://www.cashify.in/sell-old-mobile-phone/used-oppo-reno-16c-8-gb-128-gb"
"OPPO","OPPO Reno 16c","Reno Series","8 GB","256 GB",35000,36050,"https://www.cashify.in/sell-old-mobile-phone/used-oppo-reno-16c-8-gb-256-gb"
"OPPO","OPPO Reno 16c","Reno Series","8 GB","512 GB",40500,41715,"https://www.cashify.in/sell-old-mobile-phone/used-oppo-reno-16c-8-gb-512-gb"
"OPPO","OPPO Reno 16c","Reno Series","8 GB","1024 GB",45500,46865,"https://www.cashify.in/sell-old-mobile-phone/used-oppo-reno-16c-8-gb-1024-gb"
"OPPO","OPPO Reno 16c","Reno Series","12 GB","128 GB",31400,32342,"https://www.cashify.in/sell-old-mobile-phone/used-oppo-reno-16c-12-gb-128-gb"
"OPPO","OPPO Reno 16c","Reno Series","12 GB","256 GB",37400,38522,"https://www.cashify.in/sell-old-mobile-phone/used-oppo-reno-16c-12-gb-256-gb"
"OPPO","OPPO Reno 16c","Reno Series","12 GB","512 GB",42900,44187,"https://www.cashify.in/sell-old-mobile-phone/used-oppo-reno-16c-12-gb-512-gb"
"OPPO","OPPO Reno 16c","Reno Series","12 GB","1024 GB",47900,49337,"https://www.cashify.in/sell-old-mobile-phone/used-oppo-reno-16c-12-gb-1024-gb"
"OPPO","OPPO Reno 16","Reno Series","8 GB","128 GB",29000,29870,"https://www.cashify.in/sell-old-mobile-phone/used-oppo-reno-16-8-gb-128-gb"
"OPPO","OPPO Reno 16","Reno Series","8 GB","256 GB",35000,36050,"https://www.cashify.in/sell-old-mobile-phone/used-oppo-reno-16-8-gb-256-gb"
"OPPO","OPPO Reno 16","Reno Series","8 GB","512 GB",40500,41715,"https://www.cashify.in/sell-old-mobile-phone/used-oppo-reno-16-8-gb-512-gb"
"OPPO","OPPO Reno 16","Reno Series","8 GB","1024 GB",45500,46865,"https://www.cashify.in/sell-old-mobile-phone/used-oppo-reno-16-8-gb-1024-gb"
"OPPO","OPPO Reno 16","Reno Series","12 GB","128 GB",31400,32342,"https://www.cashify.in/sell-old-mobile-phone/used-oppo-reno-16-12-gb-128-gb"
"OPPO","OPPO Reno 16","Reno Series","12 GB","256 GB",37400,38522,"https://www.cashify.in/sell-old-mobile-phone/used-oppo-reno-16-12-gb-256-gb"
"OPPO","OPPO Reno 16","Reno Series","12 GB","512 GB",42900,44187,"https://www.cashify.in/sell-old-mobile-phone/used-oppo-reno-16-12-gb-512-gb"
"OPPO","OPPO Reno 16","Reno Series","12 GB","1024 GB",47900,49337,"https://www.cashify.in/sell-old-mobile-phone/used-oppo-reno-16-12-gb-1024-gb"
"OPPO","OPPO Find X9","Find X Series","8 GB","128 GB",64000,65920,"https://www.cashify.in/sell-old-mobile-phone/used-oppo-find-x9-8-gb-128-gb"
"OPPO","OPPO Find X9","Find X Series","8 GB","256 GB",70000,72100,"https://www.cashify.in/sell-old-mobile-phone/used-oppo-find-x9-8-gb-256-gb"
"OPPO","OPPO Find X9","Find X Series","8 GB","512 GB",75500,77765,"https://www.cashify.in/sell-old-mobile-phone/used-oppo-find-x9-8-gb-512-gb"
"OPPO","OPPO Find X9","Find X Series","8 GB","1024 GB",80500,82915,"https://www.cashify.in/sell-old-mobile-phone/used-oppo-find-x9-8-gb-1024-gb"
"OPPO","OPPO Find X9","Find X Series","12 GB","128 GB",66400,68392,"https://www.cashify.in/sell-old-mobile-phone/used-oppo-find-x9-12-gb-128-gb"
"OPPO","OPPO Find X9","Find X Series","12 GB","256 GB",72400,74572,"https://www.cashify.in/sell-old-mobile-phone/used-oppo-find-x9-12-gb-256-gb"
"OPPO","OPPO Find X9","Find X Series","12 GB","512 GB",77900,80237,"https://www.cashify.in/sell-old-mobile-phone/used-oppo-find-x9-12-gb-512-gb"
"OPPO","OPPO Find X9","Find X Series","12 GB","1024 GB",82900,85387,"https://www.cashify.in/sell-old-mobile-phone/used-oppo-find-x9-12-gb-1024-gb"
"OPPO","OPPO Find X9","Find X Series","16 GB","128 GB",68800,70864,"https://www.cashify.in/sell-old-mobile-phone/used-oppo-find-x9-16-gb-128-gb"
"OPPO","OPPO Find X9","Find X Series","16 GB","256 GB",74800,77044,"https://www.cashify.in/sell-old-mobile-phone/used-oppo-find-x9-16-gb-256-gb"
"OPPO","OPPO Find X9","Find X Series","16 GB","512 GB",80300,82709,"https://www.cashify.in/sell-old-mobile-phone/used-oppo-find-x9-16-gb-512-gb"
"OPPO","OPPO Find X9","Find X Series","16 GB","1024 GB",85300,87859,"https://www.cashify.in/sell-old-mobile-phone/used-oppo-find-x9-16-gb-1024-gb"
"OPPO","OPPO Find X9s","Find X Series","8 GB","128 GB",64000,65920,"https://www.cashify.in/sell-old-mobile-phone/used-oppo-find-x9s-8-gb-128-gb"
"OPPO","OPPO Find X9s","Find X Series","8 GB","256 GB",70000,72100,"https://www.cashify.in/sell-old-mobile-phone/used-oppo-find-x9s-8-gb-256-gb"
"OPPO","OPPO Find X9s","Find X Series","8 GB","512 GB",75500,77765,"https://www.cashify.in/sell-old-mobile-phone/used-oppo-find-x9s-8-gb-512-gb"
"OPPO","OPPO Find X9s","Find X Series","8 GB","1024 GB",80500,82915,"https://www.cashify.in/sell-old-mobile-phone/used-oppo-find-x9s-8-gb-1024-gb"
"OPPO","OPPO Find X9s","Find X Series","12 GB","128 GB",66400,68392,"https://www.cashify.in/sell-old-mobile-phone/used-oppo-find-x9s-12-gb-128-gb"
"OPPO","OPPO Find X9s","Find X Series","12 GB","256 GB",72400,74572,"https://www.cashify.in/sell-old-mobile-phone/used-oppo-find-x9s-12-gb-256-gb"
"OPPO","OPPO Find X9s","Find X Series","12 GB","512 GB",77900,80237,"https://www.cashify.in/sell-old-mobile-phone/used-oppo-find-x9s-12-gb-512-gb"
"OPPO","OPPO Find X9s","Find X Series","12 GB","1024 GB",82900,85387,"https://www.cashify.in/sell-old-mobile-phone/used-oppo-find-x9s-12-gb-1024-gb"
"OPPO","OPPO Find X9s","Find X Series","16 GB","128 GB",68800,70864,"https://www.cashify.in/sell-old-mobile-phone/used-oppo-find-x9s-16-gb-128-gb"
"OPPO","OPPO Find X9s","Find X Series","16 GB","256 GB",74800,77044,"https://www.cashify.in/sell-old-mobile-phone/used-oppo-find-x9s-16-gb-256-gb"
"OPPO","OPPO Find X9s","Find X Series","16 GB","512 GB",80300,82709,"https://www.cashify.in/sell-old-mobile-phone/used-oppo-find-x9s-16-gb-512-gb"
"OPPO","OPPO Find X9s","Find X Series","16 GB","1024 GB",85300,87859,"https://www.cashify.in/sell-old-mobile-phone/used-oppo-find-x9s-16-gb-1024-gb"
"OPPO","OPPO Find X9 Pro","Find X Series","8 GB","128 GB",68000,70040,"https://www.cashify.in/sell-old-mobile-phone/used-oppo-find-x9-pro-8-gb-128-gb"
"OPPO","OPPO Find X9 Pro","Find X Series","8 GB","256 GB",74000,76220,"https://www.cashify.in/sell-old-mobile-phone/used-oppo-find-x9-pro-8-gb-256-gb"
"OPPO","OPPO Find X9 Pro","Find X Series","8 GB","512 GB",79000,81370,"https://www.cashify.in/sell-old-mobile-phone/used-oppo-find-x9-pro-8-gb-512-gb"
"OPPO","OPPO Find X9 Pro","Find X Series","8 GB","1024 GB",84000,86520,"https://www.cashify.in/sell-old-mobile-phone/used-oppo-find-x9-pro-8-gb-1024-gb"
"OPPO","OPPO Find X9 Pro","Find X Series","12 GB","128 GB",70400,72512,"https://www.cashify.in/sell-old-mobile-phone/used-oppo-find-x9-pro-12-gb-128-gb"
"OPPO","OPPO Find X9 Pro","Find X Series","12 GB","256 GB",76400,78692,"https://www.cashify.in/sell-old-mobile-phone/used-oppo-find-x9-pro-12-gb-256-gb"
"OPPO","OPPO Find X9 Pro","Find X Series","12 GB","512 GB",81400,83842,"https://www.cashify.in/sell-old-mobile-phone/used-oppo-find-x9-pro-12-gb-512-gb"
"OPPO","OPPO Find X9 Pro","Find X Series","12 GB","1024 GB",86400,88992,"https://www.cashify.in/sell-old-mobile-phone/used-oppo-find-x9-pro-12-gb-1024-gb"
"OPPO","OPPO Find X9 Pro","Find X Series","16 GB","128 GB",72800,74984,"https://www.cashify.in/sell-old-mobile-phone/used-oppo-find-x9-pro-16-gb-128-gb"
"OPPO","OPPO Find X9 Pro","Find X Series","16 GB","256 GB",78800,81164,"https://www.cashify.in/sell-old-mobile-phone/used-oppo-find-x9-pro-16-gb-256-gb"
"OPPO","OPPO Find X9 Pro","Find X Series","16 GB","512 GB",83800,86314,"https://www.cashify.in/sell-old-mobile-phone/used-oppo-find-x9-pro-16-gb-512-gb"
"OPPO","OPPO Find X9 Pro","Find X Series","16 GB","1024 GB",88800,91464,"https://www.cashify.in/sell-old-mobile-phone/used-oppo-find-x9-pro-16-gb-1024-gb"
"OPPO","OPPO Find X9 Ultra","Find X Series","8 GB","256 GB",78000,80340,"https://www.cashify.in/sell-old-mobile-phone/used-oppo-find-x9-ultra-8-gb-256-gb"
"OPPO","OPPO Find X9 Ultra","Find X Series","8 GB","512 GB",83500,86005,"https://www.cashify.in/sell-old-mobile-phone/used-oppo-find-x9-ultra-8-gb-512-gb"
"OPPO","OPPO Find X9 Ultra","Find X Series","8 GB","1024 GB",88500,91155,"https://www.cashify.in/sell-old-mobile-phone/used-oppo-find-x9-ultra-8-gb-1024-gb"
"OPPO","OPPO Find X9 Ultra","Find X Series","12 GB","256 GB",80400,82812,"https://www.cashify.in/sell-old-mobile-phone/used-oppo-find-x9-ultra-12-gb-256-gb"
"OPPO","OPPO Find X9 Ultra","Find X Series","12 GB","512 GB",85900,88477,"https://www.cashify.in/sell-old-mobile-phone/used-oppo-find-x9-ultra-12-gb-512-gb"
"OPPO","OPPO Find X9 Ultra","Find X Series","12 GB","1024 GB",90900,93627,"https://www.cashify.in/sell-old-mobile-phone/used-oppo-find-x9-ultra-12-gb-1024-gb"
"OPPO","OPPO Find X9 Ultra","Find X Series","16 GB","256 GB",82800,85284,"https://www.cashify.in/sell-old-mobile-phone/used-oppo-find-x9-ultra-16-gb-256-gb"
"OPPO","OPPO Find X9 Ultra","Find X Series","16 GB","512 GB",88300,90949,"https://www.cashify.in/sell-old-mobile-phone/used-oppo-find-x9-ultra-16-gb-512-gb"
"OPPO","OPPO Find X9 Ultra","Find X Series","16 GB","1024 GB",93300,96099,"https://www.cashify.in/sell-old-mobile-phone/used-oppo-find-x9-ultra-16-gb-1024-gb"
"Nothing","Nothing Phone 2a Pro","Phone Series","8 GB","128 GB",64500,66435,"https://www.cashify.in/sell-old-mobile-phone/used-nothing-phone-2a-pro-8-gb-128-gb"
"Nothing","Nothing Phone 2a Pro","Phone Series","8 GB","256 GB",70500,72615,"https://www.cashify.in/sell-old-mobile-phone/used-nothing-phone-2a-pro-8-gb-256-gb"
"Nothing","Nothing Phone 2a Pro","Phone Series","8 GB","512 GB",75500,77765,"https://www.cashify.in/sell-old-mobile-phone/used-nothing-phone-2a-pro-8-gb-512-gb"
"Nothing","Nothing Phone 2a Pro","Phone Series","8 GB","1024 GB",80500,82915,"https://www.cashify.in/sell-old-mobile-phone/used-nothing-phone-2a-pro-8-gb-1024-gb"
"Nothing","Nothing Phone 2a Pro","Phone Series","12 GB","128 GB",66900,68907,"https://www.cashify.in/sell-old-mobile-phone/used-nothing-phone-2a-pro-12-gb-128-gb"
"Nothing","Nothing Phone 2a Pro","Phone Series","12 GB","256 GB",72900,75087,"https://www.cashify.in/sell-old-mobile-phone/used-nothing-phone-2a-pro-12-gb-256-gb"
"Nothing","Nothing Phone 2a Pro","Phone Series","12 GB","512 GB",77900,80237,"https://www.cashify.in/sell-old-mobile-phone/used-nothing-phone-2a-pro-12-gb-512-gb"
"Nothing","Nothing Phone 2a Pro","Phone Series","12 GB","1024 GB",82900,85387,"https://www.cashify.in/sell-old-mobile-phone/used-nothing-phone-2a-pro-12-gb-1024-gb"
"Nothing","Nothing Phone 2a Pro","Phone Series","16 GB","128 GB",69300,71379,"https://www.cashify.in/sell-old-mobile-phone/used-nothing-phone-2a-pro-16-gb-128-gb"
"Nothing","Nothing Phone 2a Pro","Phone Series","16 GB","256 GB",75300,77559,"https://www.cashify.in/sell-old-mobile-phone/used-nothing-phone-2a-pro-16-gb-256-gb"
"Nothing","Nothing Phone 2a Pro","Phone Series","16 GB","512 GB",80300,82709,"https://www.cashify.in/sell-old-mobile-phone/used-nothing-phone-2a-pro-16-gb-512-gb"
"Nothing","Nothing Phone 2a Pro","Phone Series","16 GB","1024 GB",85300,87859,"https://www.cashify.in/sell-old-mobile-phone/used-nothing-phone-2a-pro-16-gb-1024-gb"
"Nothing","Nothing Phone 3","Phone Series","6 GB","128 GB",14500,14935,"https://www.cashify.in/sell-old-mobile-phone/used-nothing-phone-3-6-gb-128-gb"
"Nothing","Nothing Phone 3","Phone Series","6 GB","256 GB",20500,21115,"https://www.cashify.in/sell-old-mobile-phone/used-nothing-phone-3-6-gb-256-gb"
"Nothing","Nothing Phone 3","Phone Series","6 GB","512 GB",26000,26780,"https://www.cashify.in/sell-old-mobile-phone/used-nothing-phone-3-6-gb-512-gb"
"Nothing","Nothing Phone 3","Phone Series","8 GB","128 GB",15700,16171,"https://www.cashify.in/sell-old-mobile-phone/used-nothing-phone-3-8-gb-128-gb"
"Nothing","Nothing Phone 3","Phone Series","8 GB","256 GB",21700,22351,"https://www.cashify.in/sell-old-mobile-phone/used-nothing-phone-3-8-gb-256-gb"
"Nothing","Nothing Phone 3","Phone Series","8 GB","512 GB",27200,28016,"https://www.cashify.in/sell-old-mobile-phone/used-nothing-phone-3-8-gb-512-gb"
"Nothing","Nothing Phone 3","Phone Series","12 GB","128 GB",18100,18643,"https://www.cashify.in/sell-old-mobile-phone/used-nothing-phone-3-12-gb-128-gb"
"Nothing","Nothing Phone 3","Phone Series","12 GB","256 GB",24100,24823,"https://www.cashify.in/sell-old-mobile-phone/used-nothing-phone-3-12-gb-256-gb"
"Nothing","Nothing Phone 3","Phone Series","12 GB","512 GB",29600,30488,"https://www.cashify.in/sell-old-mobile-phone/used-nothing-phone-3-12-gb-512-gb"
"Nothing","Nothing Phone 3a","Phone Series","6 GB","128 GB",14500,14935,"https://www.cashify.in/sell-old-mobile-phone/used-nothing-phone-3a-6-gb-128-gb"
"Nothing","Nothing Phone 3a","Phone Series","6 GB","256 GB",20500,21115,"https://www.cashify.in/sell-old-mobile-phone/used-nothing-phone-3a-6-gb-256-gb"
"Nothing","Nothing Phone 3a","Phone Series","6 GB","512 GB",26000,26780,"https://www.cashify.in/sell-old-mobile-phone/used-nothing-phone-3a-6-gb-512-gb"
"Nothing","Nothing Phone 3a","Phone Series","8 GB","128 GB",15700,16171,"https://www.cashify.in/sell-old-mobile-phone/used-nothing-phone-3a-8-gb-128-gb"
"Nothing","Nothing Phone 3a","Phone Series","8 GB","256 GB",21700,22351,"https://www.cashify.in/sell-old-mobile-phone/used-nothing-phone-3a-8-gb-256-gb"
"Nothing","Nothing Phone 3a","Phone Series","8 GB","512 GB",27200,28016,"https://www.cashify.in/sell-old-mobile-phone/used-nothing-phone-3a-8-gb-512-gb"
"Nothing","Nothing Phone 3a","Phone Series","12 GB","128 GB",18100,18643,"https://www.cashify.in/sell-old-mobile-phone/used-nothing-phone-3a-12-gb-128-gb"
"Nothing","Nothing Phone 3a","Phone Series","12 GB","256 GB",24100,24823,"https://www.cashify.in/sell-old-mobile-phone/used-nothing-phone-3a-12-gb-256-gb"
"Nothing","Nothing Phone 3a","Phone Series","12 GB","512 GB",29600,30488,"https://www.cashify.in/sell-old-mobile-phone/used-nothing-phone-3a-12-gb-512-gb"
"Nothing","Nothing Phone 3a Pro","Phone Series","8 GB","128 GB",64500,66435,"https://www.cashify.in/sell-old-mobile-phone/used-nothing-phone-3a-pro-8-gb-128-gb"
"Nothing","Nothing Phone 3a Pro","Phone Series","8 GB","256 GB",70500,72615,"https://www.cashify.in/sell-old-mobile-phone/used-nothing-phone-3a-pro-8-gb-256-gb"
"Nothing","Nothing Phone 3a Pro","Phone Series","8 GB","512 GB",75500,77765,"https://www.cashify.in/sell-old-mobile-phone/used-nothing-phone-3a-pro-8-gb-512-gb"
"Nothing","Nothing Phone 3a Pro","Phone Series","8 GB","1024 GB",80500,82915,"https://www.cashify.in/sell-old-mobile-phone/used-nothing-phone-3a-pro-8-gb-1024-gb"
"Nothing","Nothing Phone 3a Pro","Phone Series","12 GB","128 GB",66900,68907,"https://www.cashify.in/sell-old-mobile-phone/used-nothing-phone-3a-pro-12-gb-128-gb"
"Nothing","Nothing Phone 3a Pro","Phone Series","12 GB","256 GB",72900,75087,"https://www.cashify.in/sell-old-mobile-phone/used-nothing-phone-3a-pro-12-gb-256-gb"
"Nothing","Nothing Phone 3a Pro","Phone Series","12 GB","512 GB",77900,80237,"https://www.cashify.in/sell-old-mobile-phone/used-nothing-phone-3a-pro-12-gb-512-gb"
"Nothing","Nothing Phone 3a Pro","Phone Series","12 GB","1024 GB",82900,85387,"https://www.cashify.in/sell-old-mobile-phone/used-nothing-phone-3a-pro-12-gb-1024-gb"
"Nothing","Nothing Phone 3a Pro","Phone Series","16 GB","128 GB",69300,71379,"https://www.cashify.in/sell-old-mobile-phone/used-nothing-phone-3a-pro-16-gb-128-gb"
"Nothing","Nothing Phone 3a Pro","Phone Series","16 GB","256 GB",75300,77559,"https://www.cashify.in/sell-old-mobile-phone/used-nothing-phone-3a-pro-16-gb-256-gb"
"Nothing","Nothing Phone 3a Pro","Phone Series","16 GB","512 GB",80300,82709,"https://www.cashify.in/sell-old-mobile-phone/used-nothing-phone-3a-pro-16-gb-512-gb"
"Nothing","Nothing Phone 3a Pro","Phone Series","16 GB","1024 GB",85300,87859,"https://www.cashify.in/sell-old-mobile-phone/used-nothing-phone-3a-pro-16-gb-1024-gb"
"Nothing","Nothing Phone 3a Pro+","Phone Series","8 GB","128 GB",64500,66435,"https://www.cashify.in/sell-old-mobile-phone/used-nothing-phone-3a-pro-8-gb-128-gb"
"Nothing","Nothing Phone 3a Pro+","Phone Series","8 GB","256 GB",70500,72615,"https://www.cashify.in/sell-old-mobile-phone/used-nothing-phone-3a-pro-8-gb-256-gb"
"Nothing","Nothing Phone 3a Pro+","Phone Series","8 GB","512 GB",75500,77765,"https://www.cashify.in/sell-old-mobile-phone/used-nothing-phone-3a-pro-8-gb-512-gb"
"Nothing","Nothing Phone 3a Pro+","Phone Series","8 GB","1024 GB",80500,82915,"https://www.cashify.in/sell-old-mobile-phone/used-nothing-phone-3a-pro-8-gb-1024-gb"
"Nothing","Nothing Phone 3a Pro+","Phone Series","12 GB","128 GB",66900,68907,"https://www.cashify.in/sell-old-mobile-phone/used-nothing-phone-3a-pro-12-gb-128-gb"
"Nothing","Nothing Phone 3a Pro+","Phone Series","12 GB","256 GB",72900,75087,"https://www.cashify.in/sell-old-mobile-phone/used-nothing-phone-3a-pro-12-gb-256-gb"
"Nothing","Nothing Phone 3a Pro+","Phone Series","12 GB","512 GB",77900,80237,"https://www.cashify.in/sell-old-mobile-phone/used-nothing-phone-3a-pro-12-gb-512-gb"
"Nothing","Nothing Phone 3a Pro+","Phone Series","12 GB","1024 GB",82900,85387,"https://www.cashify.in/sell-old-mobile-phone/used-nothing-phone-3a-pro-12-gb-1024-gb"
"Nothing","Nothing Phone 3a Pro+","Phone Series","16 GB","128 GB",69300,71379,"https://www.cashify.in/sell-old-mobile-phone/used-nothing-phone-3a-pro-16-gb-128-gb"
"Nothing","Nothing Phone 3a Pro+","Phone Series","16 GB","256 GB",75300,77559,"https://www.cashify.in/sell-old-mobile-phone/used-nothing-phone-3a-pro-16-gb-256-gb"
"Nothing","Nothing Phone 3a Pro+","Phone Series","16 GB","512 GB",80300,82709,"https://www.cashify.in/sell-old-mobile-phone/used-nothing-phone-3a-pro-16-gb-512-gb"
"Nothing","Nothing Phone 3a Pro+","Phone Series","16 GB","1024 GB",85300,87859,"https://www.cashify.in/sell-old-mobile-phone/used-nothing-phone-3a-pro-16-gb-1024-gb"
"Nothing","Nothing Phone 4a","Phone Series","6 GB","128 GB",14500,14935,"https://www.cashify.in/sell-old-mobile-phone/used-nothing-phone-4a-6-gb-128-gb"
"Nothing","Nothing Phone 4a","Phone Series","6 GB","256 GB",20500,21115,"https://www.cashify.in/sell-old-mobile-phone/used-nothing-phone-4a-6-gb-256-gb"
"Nothing","Nothing Phone 4a","Phone Series","6 GB","512 GB",26000,26780,"https://www.cashify.in/sell-old-mobile-phone/used-nothing-phone-4a-6-gb-512-gb"
"Nothing","Nothing Phone 4a","Phone Series","8 GB","128 GB",15700,16171,"https://www.cashify.in/sell-old-mobile-phone/used-nothing-phone-4a-8-gb-128-gb"
"Nothing","Nothing Phone 4a","Phone Series","8 GB","256 GB",21700,22351,"https://www.cashify.in/sell-old-mobile-phone/used-nothing-phone-4a-8-gb-256-gb"
"Nothing","Nothing Phone 4a","Phone Series","8 GB","512 GB",27200,28016,"https://www.cashify.in/sell-old-mobile-phone/used-nothing-phone-4a-8-gb-512-gb"
"Nothing","Nothing Phone 4a","Phone Series","12 GB","128 GB",18100,18643,"https://www.cashify.in/sell-old-mobile-phone/used-nothing-phone-4a-12-gb-128-gb"
"Nothing","Nothing Phone 4a","Phone Series","12 GB","256 GB",24100,24823,"https://www.cashify.in/sell-old-mobile-phone/used-nothing-phone-4a-12-gb-256-gb"
"Nothing","Nothing Phone 4a","Phone Series","12 GB","512 GB",29600,30488,"https://www.cashify.in/sell-old-mobile-phone/used-nothing-phone-4a-12-gb-512-gb"
"Nothing","Nothing Phone 4a Pro","Phone Series","8 GB","128 GB",64500,66435,"https://www.cashify.in/sell-old-mobile-phone/used-nothing-phone-4a-pro-8-gb-128-gb"
"Nothing","Nothing Phone 4a Pro","Phone Series","8 GB","256 GB",70500,72615,"https://www.cashify.in/sell-old-mobile-phone/used-nothing-phone-4a-pro-8-gb-256-gb"
"Nothing","Nothing Phone 4a Pro","Phone Series","8 GB","512 GB",75500,77765,"https://www.cashify.in/sell-old-mobile-phone/used-nothing-phone-4a-pro-8-gb-512-gb"
"Nothing","Nothing Phone 4a Pro","Phone Series","8 GB","1024 GB",80500,82915,"https://www.cashify.in/sell-old-mobile-phone/used-nothing-phone-4a-pro-8-gb-1024-gb"
"Nothing","Nothing Phone 4a Pro","Phone Series","12 GB","128 GB",66900,68907,"https://www.cashify.in/sell-old-mobile-phone/used-nothing-phone-4a-pro-12-gb-128-gb"
"Nothing","Nothing Phone 4a Pro","Phone Series","12 GB","256 GB",72900,75087,"https://www.cashify.in/sell-old-mobile-phone/used-nothing-phone-4a-pro-12-gb-256-gb"
"Nothing","Nothing Phone 4a Pro","Phone Series","12 GB","512 GB",77900,80237,"https://www.cashify.in/sell-old-mobile-phone/used-nothing-phone-4a-pro-12-gb-512-gb"
"Nothing","Nothing Phone 4a Pro","Phone Series","12 GB","1024 GB",82900,85387,"https://www.cashify.in/sell-old-mobile-phone/used-nothing-phone-4a-pro-12-gb-1024-gb"
"Nothing","Nothing Phone 4a Pro","Phone Series","16 GB","128 GB",69300,71379,"https://www.cashify.in/sell-old-mobile-phone/used-nothing-phone-4a-pro-16-gb-128-gb"
"Nothing","Nothing Phone 4a Pro","Phone Series","16 GB","256 GB",75300,77559,"https://www.cashify.in/sell-old-mobile-phone/used-nothing-phone-4a-pro-16-gb-256-gb"
"Nothing","Nothing Phone 4a Pro","Phone Series","16 GB","512 GB",80300,82709,"https://www.cashify.in/sell-old-mobile-phone/used-nothing-phone-4a-pro-16-gb-512-gb"
"Nothing","Nothing Phone 4a Pro","Phone Series","16 GB","1024 GB",85300,87859,"https://www.cashify.in/sell-old-mobile-phone/used-nothing-phone-4a-pro-16-gb-1024-gb"
"Nothing","CMF Phone 2","Phone Series","2 GB","32 GB",11500,11845,"https://www.cashify.in/sell-old-mobile-phone/used-nothing-cmf-phone-2-2-gb-32-gb"
"Nothing","CMF Phone 2","Phone Series","2 GB","64 GB",11500,11845,"https://www.cashify.in/sell-old-mobile-phone/used-nothing-cmf-phone-2-2-gb-64-gb"
"Nothing","CMF Phone 2","Phone Series","2 GB","128 GB",5500,5665,"https://www.cashify.in/sell-old-mobile-phone/used-nothing-cmf-phone-2-2-gb-128-gb"
"Nothing","CMF Phone 2","Phone Series","2 GB","256 GB",11500,11845,"https://www.cashify.in/sell-old-mobile-phone/used-nothing-cmf-phone-2-2-gb-256-gb"
"Nothing","CMF Phone 2","Phone Series","4 GB","32 GB",12700,13081,"https://www.cashify.in/sell-old-mobile-phone/used-nothing-cmf-phone-2-4-gb-32-gb"
"Nothing","CMF Phone 2","Phone Series","4 GB","64 GB",12700,13081,"https://www.cashify.in/sell-old-mobile-phone/used-nothing-cmf-phone-2-4-gb-64-gb"
"Nothing","CMF Phone 2","Phone Series","4 GB","128 GB",6700,6901,"https://www.cashify.in/sell-old-mobile-phone/used-nothing-cmf-phone-2-4-gb-128-gb"
"Nothing","CMF Phone 2","Phone Series","4 GB","256 GB",12700,13081,"https://www.cashify.in/sell-old-mobile-phone/used-nothing-cmf-phone-2-4-gb-256-gb"
"Nothing","CMF Phone 2","Phone Series","6 GB","32 GB",13900,14317,"https://www.cashify.in/sell-old-mobile-phone/used-nothing-cmf-phone-2-6-gb-32-gb"
"Nothing","CMF Phone 2","Phone Series","6 GB","64 GB",13900,14317,"https://www.cashify.in/sell-old-mobile-phone/used-nothing-cmf-phone-2-6-gb-64-gb"
"Nothing","CMF Phone 2","Phone Series","6 GB","128 GB",7900,8137,"https://www.cashify.in/sell-old-mobile-phone/used-nothing-cmf-phone-2-6-gb-128-gb"
"Nothing","CMF Phone 2","Phone Series","6 GB","256 GB",13900,14317,"https://www.cashify.in/sell-old-mobile-phone/used-nothing-cmf-phone-2-6-gb-256-gb"
"Nothing","CMF Phone 2","Phone Series","8 GB","32 GB",15100,15553,"https://www.cashify.in/sell-old-mobile-phone/used-nothing-cmf-phone-2-8-gb-32-gb"
"Nothing","CMF Phone 2","Phone Series","8 GB","64 GB",15100,15553,"https://www.cashify.in/sell-old-mobile-phone/used-nothing-cmf-phone-2-8-gb-64-gb"
"Nothing","CMF Phone 2","Phone Series","8 GB","128 GB",9100,9373,"https://www.cashify.in/sell-old-mobile-phone/used-nothing-cmf-phone-2-8-gb-128-gb"
"Nothing","CMF Phone 2","Phone Series","8 GB","256 GB",15100,15553,"https://www.cashify.in/sell-old-mobile-phone/used-nothing-cmf-phone-2-8-gb-256-gb"
"OnePlus","OnePlus 8","Numbered Series","6 GB","128 GB",18500,19055,"https://www.cashify.in/sell-old-mobile-phone/used-oneplus-8-6-gb-128-gb"
"OnePlus","OnePlus 8","Numbered Series","6 GB","256 GB",24500,25235,"https://www.cashify.in/sell-old-mobile-phone/used-oneplus-8-6-gb-256-gb"
"OnePlus","OnePlus 8","Numbered Series","6 GB","512 GB",30000,30900,"https://www.cashify.in/sell-old-mobile-phone/used-oneplus-8-6-gb-512-gb"
"OnePlus","OnePlus 8","Numbered Series","8 GB","128 GB",19700,20291,"https://www.cashify.in/sell-old-mobile-phone/used-oneplus-8-8-gb-128-gb"
"OnePlus","OnePlus 8","Numbered Series","8 GB","256 GB",25700,26471,"https://www.cashify.in/sell-old-mobile-phone/used-oneplus-8-8-gb-256-gb"
"OnePlus","OnePlus 8","Numbered Series","8 GB","512 GB",31200,32136,"https://www.cashify.in/sell-old-mobile-phone/used-oneplus-8-8-gb-512-gb"
"OnePlus","OnePlus 8","Numbered Series","12 GB","128 GB",22100,22763,"https://www.cashify.in/sell-old-mobile-phone/used-oneplus-8-12-gb-128-gb"
"OnePlus","OnePlus 8","Numbered Series","12 GB","256 GB",28100,28943,"https://www.cashify.in/sell-old-mobile-phone/used-oneplus-8-12-gb-256-gb"
"OnePlus","OnePlus 8","Numbered Series","12 GB","512 GB",33600,34608,"https://www.cashify.in/sell-old-mobile-phone/used-oneplus-8-12-gb-512-gb"
"OnePlus","OnePlus 8 Pro","Numbered Series","8 GB","128 GB",64500,66435,"https://www.cashify.in/sell-old-mobile-phone/used-oneplus-8-pro-8-gb-128-gb"
"OnePlus","OnePlus 8 Pro","Numbered Series","8 GB","256 GB",70500,72615,"https://www.cashify.in/sell-old-mobile-phone/used-oneplus-8-pro-8-gb-256-gb"
"OnePlus","OnePlus 8 Pro","Numbered Series","8 GB","512 GB",75500,77765,"https://www.cashify.in/sell-old-mobile-phone/used-oneplus-8-pro-8-gb-512-gb"
"OnePlus","OnePlus 8 Pro","Numbered Series","8 GB","1024 GB",80500,82915,"https://www.cashify.in/sell-old-mobile-phone/used-oneplus-8-pro-8-gb-1024-gb"
"OnePlus","OnePlus 8 Pro","Numbered Series","12 GB","128 GB",66900,68907,"https://www.cashify.in/sell-old-mobile-phone/used-oneplus-8-pro-12-gb-128-gb"
"OnePlus","OnePlus 8 Pro","Numbered Series","12 GB","256 GB",72900,75087,"https://www.cashify.in/sell-old-mobile-phone/used-oneplus-8-pro-12-gb-256-gb"
"OnePlus","OnePlus 8 Pro","Numbered Series","12 GB","512 GB",77900,80237,"https://www.cashify.in/sell-old-mobile-phone/used-oneplus-8-pro-12-gb-512-gb"
"OnePlus","OnePlus 8 Pro","Numbered Series","12 GB","1024 GB",82900,85387,"https://www.cashify.in/sell-old-mobile-phone/used-oneplus-8-pro-12-gb-1024-gb"
"OnePlus","OnePlus 8 Pro","Numbered Series","16 GB","128 GB",69300,71379,"https://www.cashify.in/sell-old-mobile-phone/used-oneplus-8-pro-16-gb-128-gb"
"OnePlus","OnePlus 8 Pro","Numbered Series","16 GB","256 GB",75300,77559,"https://www.cashify.in/sell-old-mobile-phone/used-oneplus-8-pro-16-gb-256-gb"
"OnePlus","OnePlus 8 Pro","Numbered Series","16 GB","512 GB",80300,82709,"https://www.cashify.in/sell-old-mobile-phone/used-oneplus-8-pro-16-gb-512-gb"
"OnePlus","OnePlus 8 Pro","Numbered Series","16 GB","1024 GB",85300,87859,"https://www.cashify.in/sell-old-mobile-phone/used-oneplus-8-pro-16-gb-1024-gb"
"OnePlus","OnePlus 8T","Numbered Series","6 GB","128 GB",18500,19055,"https://www.cashify.in/sell-old-mobile-phone/used-oneplus-8t-6-gb-128-gb"
"OnePlus","OnePlus 8T","Numbered Series","6 GB","256 GB",24500,25235,"https://www.cashify.in/sell-old-mobile-phone/used-oneplus-8t-6-gb-256-gb"
"OnePlus","OnePlus 8T","Numbered Series","6 GB","512 GB",30000,30900,"https://www.cashify.in/sell-old-mobile-phone/used-oneplus-8t-6-gb-512-gb"
"OnePlus","OnePlus 8T","Numbered Series","8 GB","128 GB",19700,20291,"https://www.cashify.in/sell-old-mobile-phone/used-oneplus-8t-8-gb-128-gb"
"OnePlus","OnePlus 8T","Numbered Series","8 GB","256 GB",25700,26471,"https://www.cashify.in/sell-old-mobile-phone/used-oneplus-8t-8-gb-256-gb"
"OnePlus","OnePlus 8T","Numbered Series","8 GB","512 GB",31200,32136,"https://www.cashify.in/sell-old-mobile-phone/used-oneplus-8t-8-gb-512-gb"
"OnePlus","OnePlus 8T","Numbered Series","12 GB","128 GB",22100,22763,"https://www.cashify.in/sell-old-mobile-phone/used-oneplus-8t-12-gb-128-gb"
"OnePlus","OnePlus 8T","Numbered Series","12 GB","256 GB",28100,28943,"https://www.cashify.in/sell-old-mobile-phone/used-oneplus-8t-12-gb-256-gb"
"OnePlus","OnePlus 8T","Numbered Series","12 GB","512 GB",33600,34608,"https://www.cashify.in/sell-old-mobile-phone/used-oneplus-8t-12-gb-512-gb"
"OnePlus","OnePlus 9","Numbered Series","6 GB","128 GB",18500,19055,"https://www.cashify.in/sell-old-mobile-phone/used-oneplus-9-6-gb-128-gb"
"OnePlus","OnePlus 9","Numbered Series","6 GB","256 GB",24500,25235,"https://www.cashify.in/sell-old-mobile-phone/used-oneplus-9-6-gb-256-gb"
"OnePlus","OnePlus 9","Numbered Series","6 GB","512 GB",30000,30900,"https://www.cashify.in/sell-old-mobile-phone/used-oneplus-9-6-gb-512-gb"
"OnePlus","OnePlus 9","Numbered Series","8 GB","128 GB",19700,20291,"https://www.cashify.in/sell-old-mobile-phone/used-oneplus-9-8-gb-128-gb"
"OnePlus","OnePlus 9","Numbered Series","8 GB","256 GB",25700,26471,"https://www.cashify.in/sell-old-mobile-phone/used-oneplus-9-8-gb-256-gb"
"OnePlus","OnePlus 9","Numbered Series","8 GB","512 GB",31200,32136,"https://www.cashify.in/sell-old-mobile-phone/used-oneplus-9-8-gb-512-gb"
"OnePlus","OnePlus 9","Numbered Series","12 GB","128 GB",22100,22763,"https://www.cashify.in/sell-old-mobile-phone/used-oneplus-9-12-gb-128-gb"
"OnePlus","OnePlus 9","Numbered Series","12 GB","256 GB",28100,28943,"https://www.cashify.in/sell-old-mobile-phone/used-oneplus-9-12-gb-256-gb"
"OnePlus","OnePlus 9","Numbered Series","12 GB","512 GB",33600,34608,"https://www.cashify.in/sell-old-mobile-phone/used-oneplus-9-12-gb-512-gb"
"OnePlus","OnePlus 9 Pro","Numbered Series","8 GB","128 GB",64500,66435,"https://www.cashify.in/sell-old-mobile-phone/used-oneplus-9-pro-8-gb-128-gb"
"OnePlus","OnePlus 9 Pro","Numbered Series","8 GB","256 GB",70500,72615,"https://www.cashify.in/sell-old-mobile-phone/used-oneplus-9-pro-8-gb-256-gb"
"OnePlus","OnePlus 9 Pro","Numbered Series","8 GB","512 GB",75500,77765,"https://www.cashify.in/sell-old-mobile-phone/used-oneplus-9-pro-8-gb-512-gb"
"OnePlus","OnePlus 9 Pro","Numbered Series","8 GB","1024 GB",80500,82915,"https://www.cashify.in/sell-old-mobile-phone/used-oneplus-9-pro-8-gb-1024-gb"
"OnePlus","OnePlus 9 Pro","Numbered Series","12 GB","128 GB",66900,68907,"https://www.cashify.in/sell-old-mobile-phone/used-oneplus-9-pro-12-gb-128-gb"
"OnePlus","OnePlus 9 Pro","Numbered Series","12 GB","256 GB",72900,75087,"https://www.cashify.in/sell-old-mobile-phone/used-oneplus-9-pro-12-gb-256-gb"
"OnePlus","OnePlus 9 Pro","Numbered Series","12 GB","512 GB",77900,80237,"https://www.cashify.in/sell-old-mobile-phone/used-oneplus-9-pro-12-gb-512-gb"
"OnePlus","OnePlus 9 Pro","Numbered Series","12 GB","1024 GB",82900,85387,"https://www.cashify.in/sell-old-mobile-phone/used-oneplus-9-pro-12-gb-1024-gb"
"OnePlus","OnePlus 9 Pro","Numbered Series","16 GB","128 GB",69300,71379,"https://www.cashify.in/sell-old-mobile-phone/used-oneplus-9-pro-16-gb-128-gb"
"OnePlus","OnePlus 9 Pro","Numbered Series","16 GB","256 GB",75300,77559,"https://www.cashify.in/sell-old-mobile-phone/used-oneplus-9-pro-16-gb-256-gb"
"OnePlus","OnePlus 9 Pro","Numbered Series","16 GB","512 GB",80300,82709,"https://www.cashify.in/sell-old-mobile-phone/used-oneplus-9-pro-16-gb-512-gb"
"OnePlus","OnePlus 9 Pro","Numbered Series","16 GB","1024 GB",85300,87859,"https://www.cashify.in/sell-old-mobile-phone/used-oneplus-9-pro-16-gb-1024-gb"
"OnePlus","OnePlus 9T","Numbered Series","6 GB","128 GB",18500,19055,"https://www.cashify.in/sell-old-mobile-phone/used-oneplus-9t-6-gb-128-gb"
"OnePlus","OnePlus 9T","Numbered Series","6 GB","256 GB",24500,25235,"https://www.cashify.in/sell-old-mobile-phone/used-oneplus-9t-6-gb-256-gb"
"OnePlus","OnePlus 9T","Numbered Series","6 GB","512 GB",30000,30900,"https://www.cashify.in/sell-old-mobile-phone/used-oneplus-9t-6-gb-512-gb"
"OnePlus","OnePlus 9T","Numbered Series","8 GB","128 GB",19700,20291,"https://www.cashify.in/sell-old-mobile-phone/used-oneplus-9t-8-gb-128-gb"
"OnePlus","OnePlus 9T","Numbered Series","8 GB","256 GB",25700,26471,"https://www.cashify.in/sell-old-mobile-phone/used-oneplus-9t-8-gb-256-gb"
"OnePlus","OnePlus 9T","Numbered Series","8 GB","512 GB",31200,32136,"https://www.cashify.in/sell-old-mobile-phone/used-oneplus-9t-8-gb-512-gb"
"OnePlus","OnePlus 9T","Numbered Series","12 GB","128 GB",22100,22763,"https://www.cashify.in/sell-old-mobile-phone/used-oneplus-9t-12-gb-128-gb"
"OnePlus","OnePlus 9T","Numbered Series","12 GB","256 GB",28100,28943,"https://www.cashify.in/sell-old-mobile-phone/used-oneplus-9t-12-gb-256-gb"
"OnePlus","OnePlus 9T","Numbered Series","12 GB","512 GB",33600,34608,"https://www.cashify.in/sell-old-mobile-phone/used-oneplus-9t-12-gb-512-gb"
"OnePlus","OnePlus 10","Numbered Series","6 GB","128 GB",18500,19055,"https://www.cashify.in/sell-old-mobile-phone/used-oneplus-10-6-gb-128-gb"
"OnePlus","OnePlus 10","Numbered Series","6 GB","256 GB",24500,25235,"https://www.cashify.in/sell-old-mobile-phone/used-oneplus-10-6-gb-256-gb"
"OnePlus","OnePlus 10","Numbered Series","6 GB","512 GB",30000,30900,"https://www.cashify.in/sell-old-mobile-phone/used-oneplus-10-6-gb-512-gb"
"OnePlus","OnePlus 10","Numbered Series","8 GB","128 GB",19700,20291,"https://www.cashify.in/sell-old-mobile-phone/used-oneplus-10-8-gb-128-gb"
"OnePlus","OnePlus 10","Numbered Series","8 GB","256 GB",25700,26471,"https://www.cashify.in/sell-old-mobile-phone/used-oneplus-10-8-gb-256-gb"
"OnePlus","OnePlus 10","Numbered Series","8 GB","512 GB",31200,32136,"https://www.cashify.in/sell-old-mobile-phone/used-oneplus-10-8-gb-512-gb"
"OnePlus","OnePlus 10","Numbered Series","12 GB","128 GB",22100,22763,"https://www.cashify.in/sell-old-mobile-phone/used-oneplus-10-12-gb-128-gb"
"OnePlus","OnePlus 10","Numbered Series","12 GB","256 GB",28100,28943,"https://www.cashify.in/sell-old-mobile-phone/used-oneplus-10-12-gb-256-gb"
"OnePlus","OnePlus 10","Numbered Series","12 GB","512 GB",33600,34608,"https://www.cashify.in/sell-old-mobile-phone/used-oneplus-10-12-gb-512-gb"
"OnePlus","OnePlus Open Fold","Numbered Series","8 GB","256 GB",74500,76735,"https://www.cashify.in/sell-old-mobile-phone/used-oneplus-open-fold-8-gb-256-gb"
"OnePlus","OnePlus Open Fold","Numbered Series","8 GB","512 GB",80000,82400,"https://www.cashify.in/sell-old-mobile-phone/used-oneplus-open-fold-8-gb-512-gb"
"OnePlus","OnePlus Open Fold","Numbered Series","8 GB","1024 GB",85000,87550,"https://www.cashify.in/sell-old-mobile-phone/used-oneplus-open-fold-8-gb-1024-gb"
"OnePlus","OnePlus Open Fold","Numbered Series","12 GB","256 GB",76900,79207,"https://www.cashify.in/sell-old-mobile-phone/used-oneplus-open-fold-12-gb-256-gb"
"OnePlus","OnePlus Open Fold","Numbered Series","12 GB","512 GB",82400,84872,"https://www.cashify.in/sell-old-mobile-phone/used-oneplus-open-fold-12-gb-512-gb"
"OnePlus","OnePlus Open Fold","Numbered Series","12 GB","1024 GB",87400,90022,"https://www.cashify.in/sell-old-mobile-phone/used-oneplus-open-fold-12-gb-1024-gb"
"OnePlus","OnePlus Open Fold","Numbered Series","16 GB","256 GB",79300,81679,"https://www.cashify.in/sell-old-mobile-phone/used-oneplus-open-fold-16-gb-256-gb"
"OnePlus","OnePlus Open Fold","Numbered Series","16 GB","512 GB",84800,87344,"https://www.cashify.in/sell-old-mobile-phone/used-oneplus-open-fold-16-gb-512-gb"
"OnePlus","OnePlus Open Fold","Numbered Series","16 GB","1024 GB",89800,92494,"https://www.cashify.in/sell-old-mobile-phone/used-oneplus-open-fold-16-gb-1024-gb"
"OnePlus","OnePlus 11 Pro","Numbered Series","8 GB","128 GB",64500,66435,"https://www.cashify.in/sell-old-mobile-phone/used-oneplus-11-pro-8-gb-128-gb"
"OnePlus","OnePlus 11 Pro","Numbered Series","8 GB","256 GB",70500,72615,"https://www.cashify.in/sell-old-mobile-phone/used-oneplus-11-pro-8-gb-256-gb"
"OnePlus","OnePlus 11 Pro","Numbered Series","8 GB","512 GB",75500,77765,"https://www.cashify.in/sell-old-mobile-phone/used-oneplus-11-pro-8-gb-512-gb"
"OnePlus","OnePlus 11 Pro","Numbered Series","8 GB","1024 GB",80500,82915,"https://www.cashify.in/sell-old-mobile-phone/used-oneplus-11-pro-8-gb-1024-gb"
"OnePlus","OnePlus 11 Pro","Numbered Series","12 GB","128 GB",66900,68907,"https://www.cashify.in/sell-old-mobile-phone/used-oneplus-11-pro-12-gb-128-gb"
"OnePlus","OnePlus 11 Pro","Numbered Series","12 GB","256 GB",72900,75087,"https://www.cashify.in/sell-old-mobile-phone/used-oneplus-11-pro-12-gb-256-gb"
"OnePlus","OnePlus 11 Pro","Numbered Series","12 GB","512 GB",77900,80237,"https://www.cashify.in/sell-old-mobile-phone/used-oneplus-11-pro-12-gb-512-gb"
"OnePlus","OnePlus 11 Pro","Numbered Series","12 GB","1024 GB",82900,85387,"https://www.cashify.in/sell-old-mobile-phone/used-oneplus-11-pro-12-gb-1024-gb"
"OnePlus","OnePlus 11 Pro","Numbered Series","16 GB","128 GB",69300,71379,"https://www.cashify.in/sell-old-mobile-phone/used-oneplus-11-pro-16-gb-128-gb"
"OnePlus","OnePlus 11 Pro","Numbered Series","16 GB","256 GB",75300,77559,"https://www.cashify.in/sell-old-mobile-phone/used-oneplus-11-pro-16-gb-256-gb"
"OnePlus","OnePlus 11 Pro","Numbered Series","16 GB","512 GB",80300,82709,"https://www.cashify.in/sell-old-mobile-phone/used-oneplus-11-pro-16-gb-512-gb"
"OnePlus","OnePlus 11 Pro","Numbered Series","16 GB","1024 GB",85300,87859,"https://www.cashify.in/sell-old-mobile-phone/used-oneplus-11-pro-16-gb-1024-gb"
"OnePlus","OnePlus 11 Pro Marvel Edition","Numbered Series","8 GB","128 GB",64500,66435,"https://www.cashify.in/sell-old-mobile-phone/used-oneplus-11-pro-marvel-edition-8-gb-128-gb"
"OnePlus","OnePlus 11 Pro Marvel Edition","Numbered Series","8 GB","256 GB",70500,72615,"https://www.cashify.in/sell-old-mobile-phone/used-oneplus-11-pro-marvel-edition-8-gb-256-gb"
"OnePlus","OnePlus 11 Pro Marvel Edition","Numbered Series","8 GB","512 GB",75500,77765,"https://www.cashify.in/sell-old-mobile-phone/used-oneplus-11-pro-marvel-edition-8-gb-512-gb"
"OnePlus","OnePlus 11 Pro Marvel Edition","Numbered Series","8 GB","1024 GB",80500,82915,"https://www.cashify.in/sell-old-mobile-phone/used-oneplus-11-pro-marvel-edition-8-gb-1024-gb"
"OnePlus","OnePlus 11 Pro Marvel Edition","Numbered Series","12 GB","128 GB",66900,68907,"https://www.cashify.in/sell-old-mobile-phone/used-oneplus-11-pro-marvel-edition-12-gb-128-gb"
"OnePlus","OnePlus 11 Pro Marvel Edition","Numbered Series","12 GB","256 GB",72900,75087,"https://www.cashify.in/sell-old-mobile-phone/used-oneplus-11-pro-marvel-edition-12-gb-256-gb"
"OnePlus","OnePlus 11 Pro Marvel Edition","Numbered Series","12 GB","512 GB",77900,80237,"https://www.cashify.in/sell-old-mobile-phone/used-oneplus-11-pro-marvel-edition-12-gb-512-gb"
"OnePlus","OnePlus 11 Pro Marvel Edition","Numbered Series","12 GB","1024 GB",82900,85387,"https://www.cashify.in/sell-old-mobile-phone/used-oneplus-11-pro-marvel-edition-12-gb-1024-gb"
"OnePlus","OnePlus 11 Pro Marvel Edition","Numbered Series","16 GB","128 GB",69300,71379,"https://www.cashify.in/sell-old-mobile-phone/used-oneplus-11-pro-marvel-edition-16-gb-128-gb"
"OnePlus","OnePlus 11 Pro Marvel Edition","Numbered Series","16 GB","256 GB",75300,77559,"https://www.cashify.in/sell-old-mobile-phone/used-oneplus-11-pro-marvel-edition-16-gb-256-gb"
"OnePlus","OnePlus 11 Pro Marvel Edition","Numbered Series","16 GB","512 GB",80300,82709,"https://www.cashify.in/sell-old-mobile-phone/used-oneplus-11-pro-marvel-edition-16-gb-512-gb"
"OnePlus","OnePlus 11 Pro Marvel Edition","Numbered Series","16 GB","1024 GB",85300,87859,"https://www.cashify.in/sell-old-mobile-phone/used-oneplus-11-pro-marvel-edition-16-gb-1024-gb"
"OnePlus","OnePlus 11R Red Edition","Numbered Series","6 GB","128 GB",18500,19055,"https://www.cashify.in/sell-old-mobile-phone/used-oneplus-11r-red-edition-6-gb-128-gb"
"OnePlus","OnePlus 11R Red Edition","Numbered Series","6 GB","256 GB",24500,25235,"https://www.cashify.in/sell-old-mobile-phone/used-oneplus-11r-red-edition-6-gb-256-gb"
"OnePlus","OnePlus 11R Red Edition","Numbered Series","6 GB","512 GB",30000,30900,"https://www.cashify.in/sell-old-mobile-phone/used-oneplus-11r-red-edition-6-gb-512-gb"
"OnePlus","OnePlus 11R Red Edition","Numbered Series","8 GB","128 GB",19700,20291,"https://www.cashify.in/sell-old-mobile-phone/used-oneplus-11r-red-edition-8-gb-128-gb"
"OnePlus","OnePlus 11R Red Edition","Numbered Series","8 GB","256 GB",25700,26471,"https://www.cashify.in/sell-old-mobile-phone/used-oneplus-11r-red-edition-8-gb-256-gb"
"OnePlus","OnePlus 11R Red Edition","Numbered Series","8 GB","512 GB",31200,32136,"https://www.cashify.in/sell-old-mobile-phone/used-oneplus-11r-red-edition-8-gb-512-gb"
"OnePlus","OnePlus 11R Red Edition","Numbered Series","12 GB","128 GB",22100,22763,"https://www.cashify.in/sell-old-mobile-phone/used-oneplus-11r-red-edition-12-gb-128-gb"
"OnePlus","OnePlus 11R Red Edition","Numbered Series","12 GB","256 GB",28100,28943,"https://www.cashify.in/sell-old-mobile-phone/used-oneplus-11r-red-edition-12-gb-256-gb"
"OnePlus","OnePlus 11R Red Edition","Numbered Series","12 GB","512 GB",33600,34608,"https://www.cashify.in/sell-old-mobile-phone/used-oneplus-11r-red-edition-12-gb-512-gb"
"OnePlus","OnePlus 12 Pro","Numbered Series","8 GB","128 GB",64500,66435,"https://www.cashify.in/sell-old-mobile-phone/used-oneplus-12-pro-8-gb-128-gb"
"OnePlus","OnePlus 12 Pro","Numbered Series","8 GB","256 GB",70500,72615,"https://www.cashify.in/sell-old-mobile-phone/used-oneplus-12-pro-8-gb-256-gb"
"OnePlus","OnePlus 12 Pro","Numbered Series","8 GB","512 GB",75500,77765,"https://www.cashify.in/sell-old-mobile-phone/used-oneplus-12-pro-8-gb-512-gb"
"OnePlus","OnePlus 12 Pro","Numbered Series","8 GB","1024 GB",80500,82915,"https://www.cashify.in/sell-old-mobile-phone/used-oneplus-12-pro-8-gb-1024-gb"
"OnePlus","OnePlus 12 Pro","Numbered Series","12 GB","128 GB",66900,68907,"https://www.cashify.in/sell-old-mobile-phone/used-oneplus-12-pro-12-gb-128-gb"
"OnePlus","OnePlus 12 Pro","Numbered Series","12 GB","256 GB",72900,75087,"https://www.cashify.in/sell-old-mobile-phone/used-oneplus-12-pro-12-gb-256-gb"
"OnePlus","OnePlus 12 Pro","Numbered Series","12 GB","512 GB",77900,80237,"https://www.cashify.in/sell-old-mobile-phone/used-oneplus-12-pro-12-gb-512-gb"
"OnePlus","OnePlus 12 Pro","Numbered Series","12 GB","1024 GB",82900,85387,"https://www.cashify.in/sell-old-mobile-phone/used-oneplus-12-pro-12-gb-1024-gb"
"OnePlus","OnePlus 12 Pro","Numbered Series","16 GB","128 GB",69300,71379,"https://www.cashify.in/sell-old-mobile-phone/used-oneplus-12-pro-16-gb-128-gb"
"OnePlus","OnePlus 12 Pro","Numbered Series","16 GB","256 GB",75300,77559,"https://www.cashify.in/sell-old-mobile-phone/used-oneplus-12-pro-16-gb-256-gb"
"OnePlus","OnePlus 12 Pro","Numbered Series","16 GB","512 GB",80300,82709,"https://www.cashify.in/sell-old-mobile-phone/used-oneplus-12-pro-16-gb-512-gb"
"OnePlus","OnePlus 12 Pro","Numbered Series","16 GB","1024 GB",85300,87859,"https://www.cashify.in/sell-old-mobile-phone/used-oneplus-12-pro-16-gb-1024-gb"
"OnePlus","OnePlus 13","Numbered Series","6 GB","128 GB",18500,19055,"https://www.cashify.in/sell-old-mobile-phone/used-oneplus-13-6-gb-128-gb"
"OnePlus","OnePlus 13","Numbered Series","6 GB","256 GB",24500,25235,"https://www.cashify.in/sell-old-mobile-phone/used-oneplus-13-6-gb-256-gb"
"OnePlus","OnePlus 13","Numbered Series","6 GB","512 GB",30000,30900,"https://www.cashify.in/sell-old-mobile-phone/used-oneplus-13-6-gb-512-gb"
"OnePlus","OnePlus 13","Numbered Series","8 GB","128 GB",19700,20291,"https://www.cashify.in/sell-old-mobile-phone/used-oneplus-13-8-gb-128-gb"
"OnePlus","OnePlus 13","Numbered Series","8 GB","256 GB",25700,26471,"https://www.cashify.in/sell-old-mobile-phone/used-oneplus-13-8-gb-256-gb"
"OnePlus","OnePlus 13","Numbered Series","8 GB","512 GB",31200,32136,"https://www.cashify.in/sell-old-mobile-phone/used-oneplus-13-8-gb-512-gb"
"OnePlus","OnePlus 13","Numbered Series","12 GB","128 GB",22100,22763,"https://www.cashify.in/sell-old-mobile-phone/used-oneplus-13-12-gb-128-gb"
"OnePlus","OnePlus 13","Numbered Series","12 GB","256 GB",28100,28943,"https://www.cashify.in/sell-old-mobile-phone/used-oneplus-13-12-gb-256-gb"
"OnePlus","OnePlus 13","Numbered Series","12 GB","512 GB",33600,34608,"https://www.cashify.in/sell-old-mobile-phone/used-oneplus-13-12-gb-512-gb"
"OnePlus","OnePlus 13R","Numbered Series","6 GB","128 GB",18500,19055,"https://www.cashify.in/sell-old-mobile-phone/used-oneplus-13r-6-gb-128-gb"
"OnePlus","OnePlus 13R","Numbered Series","6 GB","256 GB",24500,25235,"https://www.cashify.in/sell-old-mobile-phone/used-oneplus-13r-6-gb-256-gb"
"OnePlus","OnePlus 13R","Numbered Series","6 GB","512 GB",30000,30900,"https://www.cashify.in/sell-old-mobile-phone/used-oneplus-13r-6-gb-512-gb"
"OnePlus","OnePlus 13R","Numbered Series","8 GB","128 GB",19700,20291,"https://www.cashify.in/sell-old-mobile-phone/used-oneplus-13r-8-gb-128-gb"
"OnePlus","OnePlus 13R","Numbered Series","8 GB","256 GB",25700,26471,"https://www.cashify.in/sell-old-mobile-phone/used-oneplus-13r-8-gb-256-gb"
"OnePlus","OnePlus 13R","Numbered Series","8 GB","512 GB",31200,32136,"https://www.cashify.in/sell-old-mobile-phone/used-oneplus-13r-8-gb-512-gb"
"OnePlus","OnePlus 13R","Numbered Series","12 GB","128 GB",22100,22763,"https://www.cashify.in/sell-old-mobile-phone/used-oneplus-13r-12-gb-128-gb"
"OnePlus","OnePlus 13R","Numbered Series","12 GB","256 GB",28100,28943,"https://www.cashify.in/sell-old-mobile-phone/used-oneplus-13r-12-gb-256-gb"
"OnePlus","OnePlus 13R","Numbered Series","12 GB","512 GB",33600,34608,"https://www.cashify.in/sell-old-mobile-phone/used-oneplus-13r-12-gb-512-gb"
"OnePlus","OnePlus 13s","Numbered Series","6 GB","128 GB",18500,19055,"https://www.cashify.in/sell-old-mobile-phone/used-oneplus-13s-6-gb-128-gb"
"OnePlus","OnePlus 13s","Numbered Series","6 GB","256 GB",24500,25235,"https://www.cashify.in/sell-old-mobile-phone/used-oneplus-13s-6-gb-256-gb"
"OnePlus","OnePlus 13s","Numbered Series","6 GB","512 GB",30000,30900,"https://www.cashify.in/sell-old-mobile-phone/used-oneplus-13s-6-gb-512-gb"
"OnePlus","OnePlus 13s","Numbered Series","8 GB","128 GB",19700,20291,"https://www.cashify.in/sell-old-mobile-phone/used-oneplus-13s-8-gb-128-gb"
"OnePlus","OnePlus 13s","Numbered Series","8 GB","256 GB",25700,26471,"https://www.cashify.in/sell-old-mobile-phone/used-oneplus-13s-8-gb-256-gb"
"OnePlus","OnePlus 13s","Numbered Series","8 GB","512 GB",31200,32136,"https://www.cashify.in/sell-old-mobile-phone/used-oneplus-13s-8-gb-512-gb"
"OnePlus","OnePlus 13s","Numbered Series","12 GB","128 GB",22100,22763,"https://www.cashify.in/sell-old-mobile-phone/used-oneplus-13s-12-gb-128-gb"
"OnePlus","OnePlus 13s","Numbered Series","12 GB","256 GB",28100,28943,"https://www.cashify.in/sell-old-mobile-phone/used-oneplus-13s-12-gb-256-gb"
"OnePlus","OnePlus 13s","Numbered Series","12 GB","512 GB",33600,34608,"https://www.cashify.in/sell-old-mobile-phone/used-oneplus-13s-12-gb-512-gb"
"OnePlus","OnePlus 15","Numbered Series","6 GB","128 GB",18500,19055,"https://www.cashify.in/sell-old-mobile-phone/used-oneplus-15-6-gb-128-gb"
"OnePlus","OnePlus 15","Numbered Series","6 GB","256 GB",24500,25235,"https://www.cashify.in/sell-old-mobile-phone/used-oneplus-15-6-gb-256-gb"
"OnePlus","OnePlus 15","Numbered Series","6 GB","512 GB",30000,30900,"https://www.cashify.in/sell-old-mobile-phone/used-oneplus-15-6-gb-512-gb"
"OnePlus","OnePlus 15","Numbered Series","8 GB","128 GB",19700,20291,"https://www.cashify.in/sell-old-mobile-phone/used-oneplus-15-8-gb-128-gb"
"OnePlus","OnePlus 15","Numbered Series","8 GB","256 GB",25700,26471,"https://www.cashify.in/sell-old-mobile-phone/used-oneplus-15-8-gb-256-gb"
"OnePlus","OnePlus 15","Numbered Series","8 GB","512 GB",31200,32136,"https://www.cashify.in/sell-old-mobile-phone/used-oneplus-15-8-gb-512-gb"
"OnePlus","OnePlus 15","Numbered Series","12 GB","128 GB",22100,22763,"https://www.cashify.in/sell-old-mobile-phone/used-oneplus-15-12-gb-128-gb"
"OnePlus","OnePlus 15","Numbered Series","12 GB","256 GB",28100,28943,"https://www.cashify.in/sell-old-mobile-phone/used-oneplus-15-12-gb-256-gb"
"OnePlus","OnePlus 15","Numbered Series","12 GB","512 GB",33600,34608,"https://www.cashify.in/sell-old-mobile-phone/used-oneplus-15-12-gb-512-gb"
"OnePlus","OnePlus 15R","Numbered Series","6 GB","128 GB",18500,19055,"https://www.cashify.in/sell-old-mobile-phone/used-oneplus-15r-6-gb-128-gb"
"OnePlus","OnePlus 15R","Numbered Series","6 GB","256 GB",24500,25235,"https://www.cashify.in/sell-old-mobile-phone/used-oneplus-15r-6-gb-256-gb"
"OnePlus","OnePlus 15R","Numbered Series","6 GB","512 GB",30000,30900,"https://www.cashify.in/sell-old-mobile-phone/used-oneplus-15r-6-gb-512-gb"
"OnePlus","OnePlus 15R","Numbered Series","8 GB","128 GB",19700,20291,"https://www.cashify.in/sell-old-mobile-phone/used-oneplus-15r-8-gb-128-gb"
"OnePlus","OnePlus 15R","Numbered Series","8 GB","256 GB",25700,26471,"https://www.cashify.in/sell-old-mobile-phone/used-oneplus-15r-8-gb-256-gb"
"OnePlus","OnePlus 15R","Numbered Series","8 GB","512 GB",31200,32136,"https://www.cashify.in/sell-old-mobile-phone/used-oneplus-15r-8-gb-512-gb"
"OnePlus","OnePlus 15R","Numbered Series","12 GB","128 GB",22100,22763,"https://www.cashify.in/sell-old-mobile-phone/used-oneplus-15r-12-gb-128-gb"
"OnePlus","OnePlus 15R","Numbered Series","12 GB","256 GB",28100,28943,"https://www.cashify.in/sell-old-mobile-phone/used-oneplus-15r-12-gb-256-gb"
"OnePlus","OnePlus 15R","Numbered Series","12 GB","512 GB",33600,34608,"https://www.cashify.in/sell-old-mobile-phone/used-oneplus-15r-12-gb-512-gb"
"OnePlus","OnePlus Nord 2 CE","Nord Series","2 GB","32 GB",15500,15965,"https://www.cashify.in/sell-old-mobile-phone/used-oneplus-nord-2-ce-2-gb-32-gb"
"OnePlus","OnePlus Nord 2 CE","Nord Series","2 GB","64 GB",15500,15965,"https://www.cashify.in/sell-old-mobile-phone/used-oneplus-nord-2-ce-2-gb-64-gb"
"OnePlus","OnePlus Nord 2 CE","Nord Series","2 GB","128 GB",9500,9785,"https://www.cashify.in/sell-old-mobile-phone/used-oneplus-nord-2-ce-2-gb-128-gb"
"OnePlus","OnePlus Nord 2 CE","Nord Series","2 GB","256 GB",15500,15965,"https://www.cashify.in/sell-old-mobile-phone/used-oneplus-nord-2-ce-2-gb-256-gb"
"OnePlus","OnePlus Nord 2 CE","Nord Series","4 GB","32 GB",16700,17201,"https://www.cashify.in/sell-old-mobile-phone/used-oneplus-nord-2-ce-4-gb-32-gb"
"OnePlus","OnePlus Nord 2 CE","Nord Series","4 GB","64 GB",16700,17201,"https://www.cashify.in/sell-old-mobile-phone/used-oneplus-nord-2-ce-4-gb-64-gb"
"OnePlus","OnePlus Nord 2 CE","Nord Series","4 GB","128 GB",10700,11021,"https://www.cashify.in/sell-old-mobile-phone/used-oneplus-nord-2-ce-4-gb-128-gb"
"OnePlus","OnePlus Nord 2 CE","Nord Series","4 GB","256 GB",16700,17201,"https://www.cashify.in/sell-old-mobile-phone/used-oneplus-nord-2-ce-4-gb-256-gb"
"OnePlus","OnePlus Nord 2 CE","Nord Series","6 GB","32 GB",17900,18437,"https://www.cashify.in/sell-old-mobile-phone/used-oneplus-nord-2-ce-6-gb-32-gb"
"OnePlus","OnePlus Nord 2 CE","Nord Series","6 GB","64 GB",17900,18437,"https://www.cashify.in/sell-old-mobile-phone/used-oneplus-nord-2-ce-6-gb-64-gb"
"OnePlus","OnePlus Nord 2 CE","Nord Series","6 GB","128 GB",11900,12257,"https://www.cashify.in/sell-old-mobile-phone/used-oneplus-nord-2-ce-6-gb-128-gb"
"OnePlus","OnePlus Nord 2 CE","Nord Series","6 GB","256 GB",17900,18437,"https://www.cashify.in/sell-old-mobile-phone/used-oneplus-nord-2-ce-6-gb-256-gb"
"OnePlus","OnePlus Nord 2 CE","Nord Series","8 GB","32 GB",19100,19673,"https://www.cashify.in/sell-old-mobile-phone/used-oneplus-nord-2-ce-8-gb-32-gb"
"OnePlus","OnePlus Nord 2 CE","Nord Series","8 GB","64 GB",19100,19673,"https://www.cashify.in/sell-old-mobile-phone/used-oneplus-nord-2-ce-8-gb-64-gb"
"OnePlus","OnePlus Nord 2 CE","Nord Series","8 GB","128 GB",13100,13493,"https://www.cashify.in/sell-old-mobile-phone/used-oneplus-nord-2-ce-8-gb-128-gb"
"OnePlus","OnePlus Nord 2 CE","Nord Series","8 GB","256 GB",19100,19673,"https://www.cashify.in/sell-old-mobile-phone/used-oneplus-nord-2-ce-8-gb-256-gb"
"OnePlus","OnePlus Nord 2 CE Lite","Nord Series","2 GB","32 GB",15500,15965,"https://www.cashify.in/sell-old-mobile-phone/used-oneplus-nord-2-ce-lite-2-gb-32-gb"
"OnePlus","OnePlus Nord 2 CE Lite","Nord Series","2 GB","64 GB",15500,15965,"https://www.cashify.in/sell-old-mobile-phone/used-oneplus-nord-2-ce-lite-2-gb-64-gb"
"OnePlus","OnePlus Nord 2 CE Lite","Nord Series","2 GB","128 GB",9500,9785,"https://www.cashify.in/sell-old-mobile-phone/used-oneplus-nord-2-ce-lite-2-gb-128-gb"
"OnePlus","OnePlus Nord 2 CE Lite","Nord Series","2 GB","256 GB",15500,15965,"https://www.cashify.in/sell-old-mobile-phone/used-oneplus-nord-2-ce-lite-2-gb-256-gb"
"OnePlus","OnePlus Nord 2 CE Lite","Nord Series","4 GB","32 GB",16700,17201,"https://www.cashify.in/sell-old-mobile-phone/used-oneplus-nord-2-ce-lite-4-gb-32-gb"
"OnePlus","OnePlus Nord 2 CE Lite","Nord Series","4 GB","64 GB",16700,17201,"https://www.cashify.in/sell-old-mobile-phone/used-oneplus-nord-2-ce-lite-4-gb-64-gb"
"OnePlus","OnePlus Nord 2 CE Lite","Nord Series","4 GB","128 GB",10700,11021,"https://www.cashify.in/sell-old-mobile-phone/used-oneplus-nord-2-ce-lite-4-gb-128-gb"
"OnePlus","OnePlus Nord 2 CE Lite","Nord Series","4 GB","256 GB",16700,17201,"https://www.cashify.in/sell-old-mobile-phone/used-oneplus-nord-2-ce-lite-4-gb-256-gb"
"OnePlus","OnePlus Nord 2 CE Lite","Nord Series","6 GB","32 GB",17900,18437,"https://www.cashify.in/sell-old-mobile-phone/used-oneplus-nord-2-ce-lite-6-gb-32-gb"
"OnePlus","OnePlus Nord 2 CE Lite","Nord Series","6 GB","64 GB",17900,18437,"https://www.cashify.in/sell-old-mobile-phone/used-oneplus-nord-2-ce-lite-6-gb-64-gb"
"OnePlus","OnePlus Nord 2 CE Lite","Nord Series","6 GB","128 GB",11900,12257,"https://www.cashify.in/sell-old-mobile-phone/used-oneplus-nord-2-ce-lite-6-gb-128-gb"
"OnePlus","OnePlus Nord 2 CE Lite","Nord Series","6 GB","256 GB",17900,18437,"https://www.cashify.in/sell-old-mobile-phone/used-oneplus-nord-2-ce-lite-6-gb-256-gb"
"OnePlus","OnePlus Nord 2 CE Lite","Nord Series","8 GB","32 GB",19100,19673,"https://www.cashify.in/sell-old-mobile-phone/used-oneplus-nord-2-ce-lite-8-gb-32-gb"
"OnePlus","OnePlus Nord 2 CE Lite","Nord Series","8 GB","64 GB",19100,19673,"https://www.cashify.in/sell-old-mobile-phone/used-oneplus-nord-2-ce-lite-8-gb-64-gb"
"OnePlus","OnePlus Nord 2 CE Lite","Nord Series","8 GB","128 GB",13100,13493,"https://www.cashify.in/sell-old-mobile-phone/used-oneplus-nord-2-ce-lite-8-gb-128-gb"
"OnePlus","OnePlus Nord 2 CE Lite","Nord Series","8 GB","256 GB",19100,19673,"https://www.cashify.in/sell-old-mobile-phone/used-oneplus-nord-2-ce-lite-8-gb-256-gb"
"OnePlus","OnePlus Nord 2","Nord Series","6 GB","128 GB",18500,19055,"https://www.cashify.in/sell-old-mobile-phone/used-oneplus-nord-2-6-gb-128-gb"
"OnePlus","OnePlus Nord 2","Nord Series","6 GB","256 GB",24500,25235,"https://www.cashify.in/sell-old-mobile-phone/used-oneplus-nord-2-6-gb-256-gb"
"OnePlus","OnePlus Nord 2","Nord Series","6 GB","512 GB",30000,30900,"https://www.cashify.in/sell-old-mobile-phone/used-oneplus-nord-2-6-gb-512-gb"
"OnePlus","OnePlus Nord 2","Nord Series","8 GB","128 GB",19700,20291,"https://www.cashify.in/sell-old-mobile-phone/used-oneplus-nord-2-8-gb-128-gb"
"OnePlus","OnePlus Nord 2","Nord Series","8 GB","256 GB",25700,26471,"https://www.cashify.in/sell-old-mobile-phone/used-oneplus-nord-2-8-gb-256-gb"
"OnePlus","OnePlus Nord 2","Nord Series","8 GB","512 GB",31200,32136,"https://www.cashify.in/sell-old-mobile-phone/used-oneplus-nord-2-8-gb-512-gb"
"OnePlus","OnePlus Nord 2","Nord Series","12 GB","128 GB",22100,22763,"https://www.cashify.in/sell-old-mobile-phone/used-oneplus-nord-2-12-gb-128-gb"
"OnePlus","OnePlus Nord 2","Nord Series","12 GB","256 GB",28100,28943,"https://www.cashify.in/sell-old-mobile-phone/used-oneplus-nord-2-12-gb-256-gb"
"OnePlus","OnePlus Nord 2","Nord Series","12 GB","512 GB",33600,34608,"https://www.cashify.in/sell-old-mobile-phone/used-oneplus-nord-2-12-gb-512-gb"
"OnePlus","OnePlus Nord 2T","Nord Series","6 GB","128 GB",18500,19055,"https://www.cashify.in/sell-old-mobile-phone/used-oneplus-nord-2t-6-gb-128-gb"
"OnePlus","OnePlus Nord 2T","Nord Series","6 GB","256 GB",24500,25235,"https://www.cashify.in/sell-old-mobile-phone/used-oneplus-nord-2t-6-gb-256-gb"
"OnePlus","OnePlus Nord 2T","Nord Series","6 GB","512 GB",30000,30900,"https://www.cashify.in/sell-old-mobile-phone/used-oneplus-nord-2t-6-gb-512-gb"
"OnePlus","OnePlus Nord 2T","Nord Series","8 GB","128 GB",19700,20291,"https://www.cashify.in/sell-old-mobile-phone/used-oneplus-nord-2t-8-gb-128-gb"
"OnePlus","OnePlus Nord 2T","Nord Series","8 GB","256 GB",25700,26471,"https://www.cashify.in/sell-old-mobile-phone/used-oneplus-nord-2t-8-gb-256-gb"
"OnePlus","OnePlus Nord 2T","Nord Series","8 GB","512 GB",31200,32136,"https://www.cashify.in/sell-old-mobile-phone/used-oneplus-nord-2t-8-gb-512-gb"
"OnePlus","OnePlus Nord 2T","Nord Series","12 GB","128 GB",22100,22763,"https://www.cashify.in/sell-old-mobile-phone/used-oneplus-nord-2t-12-gb-128-gb"
"OnePlus","OnePlus Nord 2T","Nord Series","12 GB","256 GB",28100,28943,"https://www.cashify.in/sell-old-mobile-phone/used-oneplus-nord-2t-12-gb-256-gb"
"OnePlus","OnePlus Nord 2T","Nord Series","12 GB","512 GB",33600,34608,"https://www.cashify.in/sell-old-mobile-phone/used-oneplus-nord-2t-12-gb-512-gb"
"OnePlus","OnePlus Nord CE 3","Nord Series","2 GB","32 GB",15500,15965,"https://www.cashify.in/sell-old-mobile-phone/used-oneplus-nord-ce-3-2-gb-32-gb"
"OnePlus","OnePlus Nord CE 3","Nord Series","2 GB","64 GB",15500,15965,"https://www.cashify.in/sell-old-mobile-phone/used-oneplus-nord-ce-3-2-gb-64-gb"
"OnePlus","OnePlus Nord CE 3","Nord Series","2 GB","128 GB",9500,9785,"https://www.cashify.in/sell-old-mobile-phone/used-oneplus-nord-ce-3-2-gb-128-gb"
"OnePlus","OnePlus Nord CE 3","Nord Series","2 GB","256 GB",15500,15965,"https://www.cashify.in/sell-old-mobile-phone/used-oneplus-nord-ce-3-2-gb-256-gb"
"OnePlus","OnePlus Nord CE 3","Nord Series","4 GB","32 GB",16700,17201,"https://www.cashify.in/sell-old-mobile-phone/used-oneplus-nord-ce-3-4-gb-32-gb"
"OnePlus","OnePlus Nord CE 3","Nord Series","4 GB","64 GB",16700,17201,"https://www.cashify.in/sell-old-mobile-phone/used-oneplus-nord-ce-3-4-gb-64-gb"
"OnePlus","OnePlus Nord CE 3","Nord Series","4 GB","128 GB",10700,11021,"https://www.cashify.in/sell-old-mobile-phone/used-oneplus-nord-ce-3-4-gb-128-gb"
"OnePlus","OnePlus Nord CE 3","Nord Series","4 GB","256 GB",16700,17201,"https://www.cashify.in/sell-old-mobile-phone/used-oneplus-nord-ce-3-4-gb-256-gb"
"OnePlus","OnePlus Nord CE 3","Nord Series","6 GB","32 GB",17900,18437,"https://www.cashify.in/sell-old-mobile-phone/used-oneplus-nord-ce-3-6-gb-32-gb"
"OnePlus","OnePlus Nord CE 3","Nord Series","6 GB","64 GB",17900,18437,"https://www.cashify.in/sell-old-mobile-phone/used-oneplus-nord-ce-3-6-gb-64-gb"
"OnePlus","OnePlus Nord CE 3","Nord Series","6 GB","128 GB",11900,12257,"https://www.cashify.in/sell-old-mobile-phone/used-oneplus-nord-ce-3-6-gb-128-gb"
"OnePlus","OnePlus Nord CE 3","Nord Series","6 GB","256 GB",17900,18437,"https://www.cashify.in/sell-old-mobile-phone/used-oneplus-nord-ce-3-6-gb-256-gb"
"OnePlus","OnePlus Nord CE 3","Nord Series","8 GB","32 GB",19100,19673,"https://www.cashify.in/sell-old-mobile-phone/used-oneplus-nord-ce-3-8-gb-32-gb"
"OnePlus","OnePlus Nord CE 3","Nord Series","8 GB","64 GB",19100,19673,"https://www.cashify.in/sell-old-mobile-phone/used-oneplus-nord-ce-3-8-gb-64-gb"
"OnePlus","OnePlus Nord CE 3","Nord Series","8 GB","128 GB",13100,13493,"https://www.cashify.in/sell-old-mobile-phone/used-oneplus-nord-ce-3-8-gb-128-gb"
"OnePlus","OnePlus Nord CE 3","Nord Series","8 GB","256 GB",19100,19673,"https://www.cashify.in/sell-old-mobile-phone/used-oneplus-nord-ce-3-8-gb-256-gb"
"OnePlus","OnePlus Nord CE 3 Lite","Nord Series","2 GB","32 GB",15500,15965,"https://www.cashify.in/sell-old-mobile-phone/used-oneplus-nord-ce-3-lite-2-gb-32-gb"
"OnePlus","OnePlus Nord CE 3 Lite","Nord Series","2 GB","64 GB",15500,15965,"https://www.cashify.in/sell-old-mobile-phone/used-oneplus-nord-ce-3-lite-2-gb-64-gb"
"OnePlus","OnePlus Nord CE 3 Lite","Nord Series","2 GB","128 GB",9500,9785,"https://www.cashify.in/sell-old-mobile-phone/used-oneplus-nord-ce-3-lite-2-gb-128-gb"
"OnePlus","OnePlus Nord CE 3 Lite","Nord Series","2 GB","256 GB",15500,15965,"https://www.cashify.in/sell-old-mobile-phone/used-oneplus-nord-ce-3-lite-2-gb-256-gb"
"OnePlus","OnePlus Nord CE 3 Lite","Nord Series","4 GB","32 GB",16700,17201,"https://www.cashify.in/sell-old-mobile-phone/used-oneplus-nord-ce-3-lite-4-gb-32-gb"
"OnePlus","OnePlus Nord CE 3 Lite","Nord Series","4 GB","64 GB",16700,17201,"https://www.cashify.in/sell-old-mobile-phone/used-oneplus-nord-ce-3-lite-4-gb-64-gb"
"OnePlus","OnePlus Nord CE 3 Lite","Nord Series","4 GB","128 GB",10700,11021,"https://www.cashify.in/sell-old-mobile-phone/used-oneplus-nord-ce-3-lite-4-gb-128-gb"
"OnePlus","OnePlus Nord CE 3 Lite","Nord Series","4 GB","256 GB",16700,17201,"https://www.cashify.in/sell-old-mobile-phone/used-oneplus-nord-ce-3-lite-4-gb-256-gb"
"OnePlus","OnePlus Nord CE 3 Lite","Nord Series","6 GB","32 GB",17900,18437,"https://www.cashify.in/sell-old-mobile-phone/used-oneplus-nord-ce-3-lite-6-gb-32-gb"
"OnePlus","OnePlus Nord CE 3 Lite","Nord Series","6 GB","64 GB",17900,18437,"https://www.cashify.in/sell-old-mobile-phone/used-oneplus-nord-ce-3-lite-6-gb-64-gb"
"OnePlus","OnePlus Nord CE 3 Lite","Nord Series","6 GB","128 GB",11900,12257,"https://www.cashify.in/sell-old-mobile-phone/used-oneplus-nord-ce-3-lite-6-gb-128-gb"
"OnePlus","OnePlus Nord CE 3 Lite","Nord Series","6 GB","256 GB",17900,18437,"https://www.cashify.in/sell-old-mobile-phone/used-oneplus-nord-ce-3-lite-6-gb-256-gb"
"OnePlus","OnePlus Nord CE 3 Lite","Nord Series","8 GB","32 GB",19100,19673,"https://www.cashify.in/sell-old-mobile-phone/used-oneplus-nord-ce-3-lite-8-gb-32-gb"
"OnePlus","OnePlus Nord CE 3 Lite","Nord Series","8 GB","64 GB",19100,19673,"https://www.cashify.in/sell-old-mobile-phone/used-oneplus-nord-ce-3-lite-8-gb-64-gb"
"OnePlus","OnePlus Nord CE 3 Lite","Nord Series","8 GB","128 GB",13100,13493,"https://www.cashify.in/sell-old-mobile-phone/used-oneplus-nord-ce-3-lite-8-gb-128-gb"
"OnePlus","OnePlus Nord CE 3 Lite","Nord Series","8 GB","256 GB",19100,19673,"https://www.cashify.in/sell-old-mobile-phone/used-oneplus-nord-ce-3-lite-8-gb-256-gb"
"OnePlus","OnePlus Nord CE 4 Lite","Nord Series","2 GB","32 GB",15500,15965,"https://www.cashify.in/sell-old-mobile-phone/used-oneplus-nord-ce-4-lite-2-gb-32-gb"
"OnePlus","OnePlus Nord CE 4 Lite","Nord Series","2 GB","64 GB",15500,15965,"https://www.cashify.in/sell-old-mobile-phone/used-oneplus-nord-ce-4-lite-2-gb-64-gb"
"OnePlus","OnePlus Nord CE 4 Lite","Nord Series","2 GB","128 GB",9500,9785,"https://www.cashify.in/sell-old-mobile-phone/used-oneplus-nord-ce-4-lite-2-gb-128-gb"
"OnePlus","OnePlus Nord CE 4 Lite","Nord Series","2 GB","256 GB",15500,15965,"https://www.cashify.in/sell-old-mobile-phone/used-oneplus-nord-ce-4-lite-2-gb-256-gb"
"OnePlus","OnePlus Nord CE 4 Lite","Nord Series","4 GB","32 GB",16700,17201,"https://www.cashify.in/sell-old-mobile-phone/used-oneplus-nord-ce-4-lite-4-gb-32-gb"
"OnePlus","OnePlus Nord CE 4 Lite","Nord Series","4 GB","64 GB",16700,17201,"https://www.cashify.in/sell-old-mobile-phone/used-oneplus-nord-ce-4-lite-4-gb-64-gb"
"OnePlus","OnePlus Nord CE 4 Lite","Nord Series","4 GB","128 GB",10700,11021,"https://www.cashify.in/sell-old-mobile-phone/used-oneplus-nord-ce-4-lite-4-gb-128-gb"
"OnePlus","OnePlus Nord CE 4 Lite","Nord Series","4 GB","256 GB",16700,17201,"https://www.cashify.in/sell-old-mobile-phone/used-oneplus-nord-ce-4-lite-4-gb-256-gb"
"OnePlus","OnePlus Nord CE 4 Lite","Nord Series","6 GB","32 GB",17900,18437,"https://www.cashify.in/sell-old-mobile-phone/used-oneplus-nord-ce-4-lite-6-gb-32-gb"
"OnePlus","OnePlus Nord CE 4 Lite","Nord Series","6 GB","64 GB",17900,18437,"https://www.cashify.in/sell-old-mobile-phone/used-oneplus-nord-ce-4-lite-6-gb-64-gb"
"OnePlus","OnePlus Nord CE 4 Lite","Nord Series","6 GB","128 GB",11900,12257,"https://www.cashify.in/sell-old-mobile-phone/used-oneplus-nord-ce-4-lite-6-gb-128-gb"
"OnePlus","OnePlus Nord CE 4 Lite","Nord Series","6 GB","256 GB",17900,18437,"https://www.cashify.in/sell-old-mobile-phone/used-oneplus-nord-ce-4-lite-6-gb-256-gb"
"OnePlus","OnePlus Nord CE 4 Lite","Nord Series","8 GB","32 GB",19100,19673,"https://www.cashify.in/sell-old-mobile-phone/used-oneplus-nord-ce-4-lite-8-gb-32-gb"
"OnePlus","OnePlus Nord CE 4 Lite","Nord Series","8 GB","64 GB",19100,19673,"https://www.cashify.in/sell-old-mobile-phone/used-oneplus-nord-ce-4-lite-8-gb-64-gb"
"OnePlus","OnePlus Nord CE 4 Lite","Nord Series","8 GB","128 GB",13100,13493,"https://www.cashify.in/sell-old-mobile-phone/used-oneplus-nord-ce-4-lite-8-gb-128-gb"
"OnePlus","OnePlus Nord CE 4 Lite","Nord Series","8 GB","256 GB",19100,19673,"https://www.cashify.in/sell-old-mobile-phone/used-oneplus-nord-ce-4-lite-8-gb-256-gb"
"OnePlus","OnePlus Nord 5","Nord Series","6 GB","128 GB",18500,19055,"https://www.cashify.in/sell-old-mobile-phone/used-oneplus-nord-5-6-gb-128-gb"
"OnePlus","OnePlus Nord 5","Nord Series","6 GB","256 GB",24500,25235,"https://www.cashify.in/sell-old-mobile-phone/used-oneplus-nord-5-6-gb-256-gb"
"OnePlus","OnePlus Nord 5","Nord Series","6 GB","512 GB",30000,30900,"https://www.cashify.in/sell-old-mobile-phone/used-oneplus-nord-5-6-gb-512-gb"
"OnePlus","OnePlus Nord 5","Nord Series","8 GB","128 GB",19700,20291,"https://www.cashify.in/sell-old-mobile-phone/used-oneplus-nord-5-8-gb-128-gb"
"OnePlus","OnePlus Nord 5","Nord Series","8 GB","256 GB",25700,26471,"https://www.cashify.in/sell-old-mobile-phone/used-oneplus-nord-5-8-gb-256-gb"
"OnePlus","OnePlus Nord 5","Nord Series","8 GB","512 GB",31200,32136,"https://www.cashify.in/sell-old-mobile-phone/used-oneplus-nord-5-8-gb-512-gb"
"OnePlus","OnePlus Nord 5","Nord Series","12 GB","128 GB",22100,22763,"https://www.cashify.in/sell-old-mobile-phone/used-oneplus-nord-5-12-gb-128-gb"
"OnePlus","OnePlus Nord 5","Nord Series","12 GB","256 GB",28100,28943,"https://www.cashify.in/sell-old-mobile-phone/used-oneplus-nord-5-12-gb-256-gb"
"OnePlus","OnePlus Nord 5","Nord Series","12 GB","512 GB",33600,34608,"https://www.cashify.in/sell-old-mobile-phone/used-oneplus-nord-5-12-gb-512-gb"
"OnePlus","OnePlus Nord 5 CE Lite","Nord Series","2 GB","32 GB",15500,15965,"https://www.cashify.in/sell-old-mobile-phone/used-oneplus-nord-5-ce-lite-2-gb-32-gb"
"OnePlus","OnePlus Nord 5 CE Lite","Nord Series","2 GB","64 GB",15500,15965,"https://www.cashify.in/sell-old-mobile-phone/used-oneplus-nord-5-ce-lite-2-gb-64-gb"
"OnePlus","OnePlus Nord 5 CE Lite","Nord Series","2 GB","128 GB",9500,9785,"https://www.cashify.in/sell-old-mobile-phone/used-oneplus-nord-5-ce-lite-2-gb-128-gb"
"OnePlus","OnePlus Nord 5 CE Lite","Nord Series","2 GB","256 GB",15500,15965,"https://www.cashify.in/sell-old-mobile-phone/used-oneplus-nord-5-ce-lite-2-gb-256-gb"
"OnePlus","OnePlus Nord 5 CE Lite","Nord Series","4 GB","32 GB",16700,17201,"https://www.cashify.in/sell-old-mobile-phone/used-oneplus-nord-5-ce-lite-4-gb-32-gb"
"OnePlus","OnePlus Nord 5 CE Lite","Nord Series","4 GB","64 GB",16700,17201,"https://www.cashify.in/sell-old-mobile-phone/used-oneplus-nord-5-ce-lite-4-gb-64-gb"
"OnePlus","OnePlus Nord 5 CE Lite","Nord Series","4 GB","128 GB",10700,11021,"https://www.cashify.in/sell-old-mobile-phone/used-oneplus-nord-5-ce-lite-4-gb-128-gb"
"OnePlus","OnePlus Nord 5 CE Lite","Nord Series","4 GB","256 GB",16700,17201,"https://www.cashify.in/sell-old-mobile-phone/used-oneplus-nord-5-ce-lite-4-gb-256-gb"
"OnePlus","OnePlus Nord 5 CE Lite","Nord Series","6 GB","32 GB",17900,18437,"https://www.cashify.in/sell-old-mobile-phone/used-oneplus-nord-5-ce-lite-6-gb-32-gb"
"OnePlus","OnePlus Nord 5 CE Lite","Nord Series","6 GB","64 GB",17900,18437,"https://www.cashify.in/sell-old-mobile-phone/used-oneplus-nord-5-ce-lite-6-gb-64-gb"
"OnePlus","OnePlus Nord 5 CE Lite","Nord Series","6 GB","128 GB",11900,12257,"https://www.cashify.in/sell-old-mobile-phone/used-oneplus-nord-5-ce-lite-6-gb-128-gb"
"OnePlus","OnePlus Nord 5 CE Lite","Nord Series","6 GB","256 GB",17900,18437,"https://www.cashify.in/sell-old-mobile-phone/used-oneplus-nord-5-ce-lite-6-gb-256-gb"
"OnePlus","OnePlus Nord 5 CE Lite","Nord Series","8 GB","32 GB",19100,19673,"https://www.cashify.in/sell-old-mobile-phone/used-oneplus-nord-5-ce-lite-8-gb-32-gb"
"OnePlus","OnePlus Nord 5 CE Lite","Nord Series","8 GB","64 GB",19100,19673,"https://www.cashify.in/sell-old-mobile-phone/used-oneplus-nord-5-ce-lite-8-gb-64-gb"
"OnePlus","OnePlus Nord 5 CE Lite","Nord Series","8 GB","128 GB",13100,13493,"https://www.cashify.in/sell-old-mobile-phone/used-oneplus-nord-5-ce-lite-8-gb-128-gb"
"OnePlus","OnePlus Nord 5 CE Lite","Nord Series","8 GB","256 GB",19100,19673,"https://www.cashify.in/sell-old-mobile-phone/used-oneplus-nord-5-ce-lite-8-gb-256-gb"
"OnePlus","OnePlus Nord 5 CE","Nord Series","2 GB","32 GB",15500,15965,"https://www.cashify.in/sell-old-mobile-phone/used-oneplus-nord-5-ce-2-gb-32-gb"
"OnePlus","OnePlus Nord 5 CE","Nord Series","2 GB","64 GB",15500,15965,"https://www.cashify.in/sell-old-mobile-phone/used-oneplus-nord-5-ce-2-gb-64-gb"
"OnePlus","OnePlus Nord 5 CE","Nord Series","2 GB","128 GB",9500,9785,"https://www.cashify.in/sell-old-mobile-phone/used-oneplus-nord-5-ce-2-gb-128-gb"
"OnePlus","OnePlus Nord 5 CE","Nord Series","2 GB","256 GB",15500,15965,"https://www.cashify.in/sell-old-mobile-phone/used-oneplus-nord-5-ce-2-gb-256-gb"
"OnePlus","OnePlus Nord 5 CE","Nord Series","4 GB","32 GB",16700,17201,"https://www.cashify.in/sell-old-mobile-phone/used-oneplus-nord-5-ce-4-gb-32-gb"
"OnePlus","OnePlus Nord 5 CE","Nord Series","4 GB","64 GB",16700,17201,"https://www.cashify.in/sell-old-mobile-phone/used-oneplus-nord-5-ce-4-gb-64-gb"
"OnePlus","OnePlus Nord 5 CE","Nord Series","4 GB","128 GB",10700,11021,"https://www.cashify.in/sell-old-mobile-phone/used-oneplus-nord-5-ce-4-gb-128-gb"
"OnePlus","OnePlus Nord 5 CE","Nord Series","4 GB","256 GB",16700,17201,"https://www.cashify.in/sell-old-mobile-phone/used-oneplus-nord-5-ce-4-gb-256-gb"
"OnePlus","OnePlus Nord 5 CE","Nord Series","6 GB","32 GB",17900,18437,"https://www.cashify.in/sell-old-mobile-phone/used-oneplus-nord-5-ce-6-gb-32-gb"
"OnePlus","OnePlus Nord 5 CE","Nord Series","6 GB","64 GB",17900,18437,"https://www.cashify.in/sell-old-mobile-phone/used-oneplus-nord-5-ce-6-gb-64-gb"
"OnePlus","OnePlus Nord 5 CE","Nord Series","6 GB","128 GB",11900,12257,"https://www.cashify.in/sell-old-mobile-phone/used-oneplus-nord-5-ce-6-gb-128-gb"
"OnePlus","OnePlus Nord 5 CE","Nord Series","6 GB","256 GB",17900,18437,"https://www.cashify.in/sell-old-mobile-phone/used-oneplus-nord-5-ce-6-gb-256-gb"
"OnePlus","OnePlus Nord 5 CE","Nord Series","8 GB","32 GB",19100,19673,"https://www.cashify.in/sell-old-mobile-phone/used-oneplus-nord-5-ce-8-gb-32-gb"
"OnePlus","OnePlus Nord 5 CE","Nord Series","8 GB","64 GB",19100,19673,"https://www.cashify.in/sell-old-mobile-phone/used-oneplus-nord-5-ce-8-gb-64-gb"
"OnePlus","OnePlus Nord 5 CE","Nord Series","8 GB","128 GB",13100,13493,"https://www.cashify.in/sell-old-mobile-phone/used-oneplus-nord-5-ce-8-gb-128-gb"
"OnePlus","OnePlus Nord 5 CE","Nord Series","8 GB","256 GB",19100,19673,"https://www.cashify.in/sell-old-mobile-phone/used-oneplus-nord-5-ce-8-gb-256-gb"
"OnePlus","OnePlus Nord 6","Nord Series","6 GB","128 GB",18500,19055,"https://www.cashify.in/sell-old-mobile-phone/used-oneplus-nord-6-6-gb-128-gb"
"OnePlus","OnePlus Nord 6","Nord Series","6 GB","256 GB",24500,25235,"https://www.cashify.in/sell-old-mobile-phone/used-oneplus-nord-6-6-gb-256-gb"
"OnePlus","OnePlus Nord 6","Nord Series","6 GB","512 GB",30000,30900,"https://www.cashify.in/sell-old-mobile-phone/used-oneplus-nord-6-6-gb-512-gb"
"OnePlus","OnePlus Nord 6","Nord Series","8 GB","128 GB",19700,20291,"https://www.cashify.in/sell-old-mobile-phone/used-oneplus-nord-6-8-gb-128-gb"
"OnePlus","OnePlus Nord 6","Nord Series","8 GB","256 GB",25700,26471,"https://www.cashify.in/sell-old-mobile-phone/used-oneplus-nord-6-8-gb-256-gb"
"OnePlus","OnePlus Nord 6","Nord Series","8 GB","512 GB",31200,32136,"https://www.cashify.in/sell-old-mobile-phone/used-oneplus-nord-6-8-gb-512-gb"
"OnePlus","OnePlus Nord 6","Nord Series","12 GB","128 GB",22100,22763,"https://www.cashify.in/sell-old-mobile-phone/used-oneplus-nord-6-12-gb-128-gb"
"OnePlus","OnePlus Nord 6","Nord Series","12 GB","256 GB",28100,28943,"https://www.cashify.in/sell-old-mobile-phone/used-oneplus-nord-6-12-gb-256-gb"
"OnePlus","OnePlus Nord 6","Nord Series","12 GB","512 GB",33600,34608,"https://www.cashify.in/sell-old-mobile-phone/used-oneplus-nord-6-12-gb-512-gb"
"OnePlus","OnePlus Nord CE 6","Nord Series","2 GB","32 GB",15500,15965,"https://www.cashify.in/sell-old-mobile-phone/used-oneplus-nord-ce-6-2-gb-32-gb"
"OnePlus","OnePlus Nord CE 6","Nord Series","2 GB","64 GB",15500,15965,"https://www.cashify.in/sell-old-mobile-phone/used-oneplus-nord-ce-6-2-gb-64-gb"
"OnePlus","OnePlus Nord CE 6","Nord Series","2 GB","128 GB",9500,9785,"https://www.cashify.in/sell-old-mobile-phone/used-oneplus-nord-ce-6-2-gb-128-gb"
"OnePlus","OnePlus Nord CE 6","Nord Series","2 GB","256 GB",15500,15965,"https://www.cashify.in/sell-old-mobile-phone/used-oneplus-nord-ce-6-2-gb-256-gb"
"OnePlus","OnePlus Nord CE 6","Nord Series","4 GB","32 GB",16700,17201,"https://www.cashify.in/sell-old-mobile-phone/used-oneplus-nord-ce-6-4-gb-32-gb"
"OnePlus","OnePlus Nord CE 6","Nord Series","4 GB","64 GB",16700,17201,"https://www.cashify.in/sell-old-mobile-phone/used-oneplus-nord-ce-6-4-gb-64-gb"
"OnePlus","OnePlus Nord CE 6","Nord Series","4 GB","128 GB",10700,11021,"https://www.cashify.in/sell-old-mobile-phone/used-oneplus-nord-ce-6-4-gb-128-gb"
"OnePlus","OnePlus Nord CE 6","Nord Series","4 GB","256 GB",16700,17201,"https://www.cashify.in/sell-old-mobile-phone/used-oneplus-nord-ce-6-4-gb-256-gb"
"OnePlus","OnePlus Nord CE 6","Nord Series","6 GB","32 GB",17900,18437,"https://www.cashify.in/sell-old-mobile-phone/used-oneplus-nord-ce-6-6-gb-32-gb"
"OnePlus","OnePlus Nord CE 6","Nord Series","6 GB","64 GB",17900,18437,"https://www.cashify.in/sell-old-mobile-phone/used-oneplus-nord-ce-6-6-gb-64-gb"
"OnePlus","OnePlus Nord CE 6","Nord Series","6 GB","128 GB",11900,12257,"https://www.cashify.in/sell-old-mobile-phone/used-oneplus-nord-ce-6-6-gb-128-gb"
"OnePlus","OnePlus Nord CE 6","Nord Series","6 GB","256 GB",17900,18437,"https://www.cashify.in/sell-old-mobile-phone/used-oneplus-nord-ce-6-6-gb-256-gb"
"OnePlus","OnePlus Nord CE 6","Nord Series","8 GB","32 GB",19100,19673,"https://www.cashify.in/sell-old-mobile-phone/used-oneplus-nord-ce-6-8-gb-32-gb"
"OnePlus","OnePlus Nord CE 6","Nord Series","8 GB","64 GB",19100,19673,"https://www.cashify.in/sell-old-mobile-phone/used-oneplus-nord-ce-6-8-gb-64-gb"
"OnePlus","OnePlus Nord CE 6","Nord Series","8 GB","128 GB",13100,13493,"https://www.cashify.in/sell-old-mobile-phone/used-oneplus-nord-ce-6-8-gb-128-gb"
"OnePlus","OnePlus Nord CE 6","Nord Series","8 GB","256 GB",19100,19673,"https://www.cashify.in/sell-old-mobile-phone/used-oneplus-nord-ce-6-8-gb-256-gb"
"OnePlus","OnePlus Nord CE 6 Lite","Nord Series","2 GB","32 GB",15500,15965,"https://www.cashify.in/sell-old-mobile-phone/used-oneplus-nord-ce-6-lite-2-gb-32-gb"
"OnePlus","OnePlus Nord CE 6 Lite","Nord Series","2 GB","64 GB",15500,15965,"https://www.cashify.in/sell-old-mobile-phone/used-oneplus-nord-ce-6-lite-2-gb-64-gb"
"OnePlus","OnePlus Nord CE 6 Lite","Nord Series","2 GB","128 GB",9500,9785,"https://www.cashify.in/sell-old-mobile-phone/used-oneplus-nord-ce-6-lite-2-gb-128-gb"
"OnePlus","OnePlus Nord CE 6 Lite","Nord Series","2 GB","256 GB",15500,15965,"https://www.cashify.in/sell-old-mobile-phone/used-oneplus-nord-ce-6-lite-2-gb-256-gb"
"OnePlus","OnePlus Nord CE 6 Lite","Nord Series","4 GB","32 GB",16700,17201,"https://www.cashify.in/sell-old-mobile-phone/used-oneplus-nord-ce-6-lite-4-gb-32-gb"
"OnePlus","OnePlus Nord CE 6 Lite","Nord Series","4 GB","64 GB",16700,17201,"https://www.cashify.in/sell-old-mobile-phone/used-oneplus-nord-ce-6-lite-4-gb-64-gb"
"OnePlus","OnePlus Nord CE 6 Lite","Nord Series","4 GB","128 GB",10700,11021,"https://www.cashify.in/sell-old-mobile-phone/used-oneplus-nord-ce-6-lite-4-gb-128-gb"
"OnePlus","OnePlus Nord CE 6 Lite","Nord Series","4 GB","256 GB",16700,17201,"https://www.cashify.in/sell-old-mobile-phone/used-oneplus-nord-ce-6-lite-4-gb-256-gb"
"OnePlus","OnePlus Nord CE 6 Lite","Nord Series","6 GB","32 GB",17900,18437,"https://www.cashify.in/sell-old-mobile-phone/used-oneplus-nord-ce-6-lite-6-gb-32-gb"
"OnePlus","OnePlus Nord CE 6 Lite","Nord Series","6 GB","64 GB",17900,18437,"https://www.cashify.in/sell-old-mobile-phone/used-oneplus-nord-ce-6-lite-6-gb-64-gb"
"OnePlus","OnePlus Nord CE 6 Lite","Nord Series","6 GB","128 GB",11900,12257,"https://www.cashify.in/sell-old-mobile-phone/used-oneplus-nord-ce-6-lite-6-gb-128-gb"
"OnePlus","OnePlus Nord CE 6 Lite","Nord Series","6 GB","256 GB",17900,18437,"https://www.cashify.in/sell-old-mobile-phone/used-oneplus-nord-ce-6-lite-6-gb-256-gb"
"OnePlus","OnePlus Nord CE 6 Lite","Nord Series","8 GB","32 GB",19100,19673,"https://www.cashify.in/sell-old-mobile-phone/used-oneplus-nord-ce-6-lite-8-gb-32-gb"
"OnePlus","OnePlus Nord CE 6 Lite","Nord Series","8 GB","64 GB",19100,19673,"https://www.cashify.in/sell-old-mobile-phone/used-oneplus-nord-ce-6-lite-8-gb-64-gb"
"OnePlus","OnePlus Nord CE 6 Lite","Nord Series","8 GB","128 GB",13100,13493,"https://www.cashify.in/sell-old-mobile-phone/used-oneplus-nord-ce-6-lite-8-gb-128-gb"
"OnePlus","OnePlus Nord CE 6 Lite","Nord Series","8 GB","256 GB",19100,19673,"https://www.cashify.in/sell-old-mobile-phone/used-oneplus-nord-ce-6-lite-8-gb-256-gb"
"Xiaomi","Redmi 10","Redmi Series","6 GB","128 GB",14500,14935,"https://www.cashify.in/sell-old-mobile-phone/used-xiaomi-redmi-10-6-gb-128-gb"
"Xiaomi","Redmi 10","Redmi Series","6 GB","256 GB",20500,21115,"https://www.cashify.in/sell-old-mobile-phone/used-xiaomi-redmi-10-6-gb-256-gb"
"Xiaomi","Redmi 10","Redmi Series","6 GB","512 GB",26000,26780,"https://www.cashify.in/sell-old-mobile-phone/used-xiaomi-redmi-10-6-gb-512-gb"
"Xiaomi","Redmi 10","Redmi Series","8 GB","128 GB",15700,16171,"https://www.cashify.in/sell-old-mobile-phone/used-xiaomi-redmi-10-8-gb-128-gb"
"Xiaomi","Redmi 10","Redmi Series","8 GB","256 GB",21700,22351,"https://www.cashify.in/sell-old-mobile-phone/used-xiaomi-redmi-10-8-gb-256-gb"
"Xiaomi","Redmi 10","Redmi Series","8 GB","512 GB",27200,28016,"https://www.cashify.in/sell-old-mobile-phone/used-xiaomi-redmi-10-8-gb-512-gb"
"Xiaomi","Redmi 10","Redmi Series","12 GB","128 GB",18100,18643,"https://www.cashify.in/sell-old-mobile-phone/used-xiaomi-redmi-10-12-gb-128-gb"
"Xiaomi","Redmi 10","Redmi Series","12 GB","256 GB",24100,24823,"https://www.cashify.in/sell-old-mobile-phone/used-xiaomi-redmi-10-12-gb-256-gb"
"Xiaomi","Redmi 10","Redmi Series","12 GB","512 GB",29600,30488,"https://www.cashify.in/sell-old-mobile-phone/used-xiaomi-redmi-10-12-gb-512-gb"
"Xiaomi","Redmi 10A","Redmi Series","6 GB","128 GB",14500,14935,"https://www.cashify.in/sell-old-mobile-phone/used-xiaomi-redmi-10a-6-gb-128-gb"
"Xiaomi","Redmi 10A","Redmi Series","6 GB","256 GB",20500,21115,"https://www.cashify.in/sell-old-mobile-phone/used-xiaomi-redmi-10a-6-gb-256-gb"
"Xiaomi","Redmi 10A","Redmi Series","6 GB","512 GB",26000,26780,"https://www.cashify.in/sell-old-mobile-phone/used-xiaomi-redmi-10a-6-gb-512-gb"
"Xiaomi","Redmi 10A","Redmi Series","8 GB","128 GB",15700,16171,"https://www.cashify.in/sell-old-mobile-phone/used-xiaomi-redmi-10a-8-gb-128-gb"
"Xiaomi","Redmi 10A","Redmi Series","8 GB","256 GB",21700,22351,"https://www.cashify.in/sell-old-mobile-phone/used-xiaomi-redmi-10a-8-gb-256-gb"
"Xiaomi","Redmi 10A","Redmi Series","8 GB","512 GB",27200,28016,"https://www.cashify.in/sell-old-mobile-phone/used-xiaomi-redmi-10a-8-gb-512-gb"
"Xiaomi","Redmi 10A","Redmi Series","12 GB","128 GB",18100,18643,"https://www.cashify.in/sell-old-mobile-phone/used-xiaomi-redmi-10a-12-gb-128-gb"
"Xiaomi","Redmi 10A","Redmi Series","12 GB","256 GB",24100,24823,"https://www.cashify.in/sell-old-mobile-phone/used-xiaomi-redmi-10a-12-gb-256-gb"
"Xiaomi","Redmi 10A","Redmi Series","12 GB","512 GB",29600,30488,"https://www.cashify.in/sell-old-mobile-phone/used-xiaomi-redmi-10a-12-gb-512-gb"
"Xiaomi","Redmi Note 10","Redmi Series","6 GB","128 GB",14500,14935,"https://www.cashify.in/sell-old-mobile-phone/used-xiaomi-redmi-note-10-6-gb-128-gb"
"Xiaomi","Redmi Note 10","Redmi Series","6 GB","256 GB",20500,21115,"https://www.cashify.in/sell-old-mobile-phone/used-xiaomi-redmi-note-10-6-gb-256-gb"
"Xiaomi","Redmi Note 10","Redmi Series","6 GB","512 GB",26000,26780,"https://www.cashify.in/sell-old-mobile-phone/used-xiaomi-redmi-note-10-6-gb-512-gb"
"Xiaomi","Redmi Note 10","Redmi Series","8 GB","128 GB",15700,16171,"https://www.cashify.in/sell-old-mobile-phone/used-xiaomi-redmi-note-10-8-gb-128-gb"
"Xiaomi","Redmi Note 10","Redmi Series","8 GB","256 GB",21700,22351,"https://www.cashify.in/sell-old-mobile-phone/used-xiaomi-redmi-note-10-8-gb-256-gb"
"Xiaomi","Redmi Note 10","Redmi Series","8 GB","512 GB",27200,28016,"https://www.cashify.in/sell-old-mobile-phone/used-xiaomi-redmi-note-10-8-gb-512-gb"
"Xiaomi","Redmi Note 10","Redmi Series","12 GB","128 GB",18100,18643,"https://www.cashify.in/sell-old-mobile-phone/used-xiaomi-redmi-note-10-12-gb-128-gb"
"Xiaomi","Redmi Note 10","Redmi Series","12 GB","256 GB",24100,24823,"https://www.cashify.in/sell-old-mobile-phone/used-xiaomi-redmi-note-10-12-gb-256-gb"
"Xiaomi","Redmi Note 10","Redmi Series","12 GB","512 GB",29600,30488,"https://www.cashify.in/sell-old-mobile-phone/used-xiaomi-redmi-note-10-12-gb-512-gb"
"Xiaomi","Redmi Note 10 Pro","Redmi Series","8 GB","128 GB",64500,66435,"https://www.cashify.in/sell-old-mobile-phone/used-xiaomi-redmi-note-10-pro-8-gb-128-gb"
"Xiaomi","Redmi Note 10 Pro","Redmi Series","8 GB","256 GB",70500,72615,"https://www.cashify.in/sell-old-mobile-phone/used-xiaomi-redmi-note-10-pro-8-gb-256-gb"
"Xiaomi","Redmi Note 10 Pro","Redmi Series","8 GB","512 GB",75500,77765,"https://www.cashify.in/sell-old-mobile-phone/used-xiaomi-redmi-note-10-pro-8-gb-512-gb"
"Xiaomi","Redmi Note 10 Pro","Redmi Series","8 GB","1024 GB",80500,82915,"https://www.cashify.in/sell-old-mobile-phone/used-xiaomi-redmi-note-10-pro-8-gb-1024-gb"
"Xiaomi","Redmi Note 10 Pro","Redmi Series","12 GB","128 GB",66900,68907,"https://www.cashify.in/sell-old-mobile-phone/used-xiaomi-redmi-note-10-pro-12-gb-128-gb"
"Xiaomi","Redmi Note 10 Pro","Redmi Series","12 GB","256 GB",72900,75087,"https://www.cashify.in/sell-old-mobile-phone/used-xiaomi-redmi-note-10-pro-12-gb-256-gb"
"Xiaomi","Redmi Note 10 Pro","Redmi Series","12 GB","512 GB",77900,80237,"https://www.cashify.in/sell-old-mobile-phone/used-xiaomi-redmi-note-10-pro-12-gb-512-gb"
"Xiaomi","Redmi Note 10 Pro","Redmi Series","12 GB","1024 GB",82900,85387,"https://www.cashify.in/sell-old-mobile-phone/used-xiaomi-redmi-note-10-pro-12-gb-1024-gb"
"Xiaomi","Redmi Note 10 Pro","Redmi Series","16 GB","128 GB",69300,71379,"https://www.cashify.in/sell-old-mobile-phone/used-xiaomi-redmi-note-10-pro-16-gb-128-gb"
"Xiaomi","Redmi Note 10 Pro","Redmi Series","16 GB","256 GB",75300,77559,"https://www.cashify.in/sell-old-mobile-phone/used-xiaomi-redmi-note-10-pro-16-gb-256-gb"
"Xiaomi","Redmi Note 10 Pro","Redmi Series","16 GB","512 GB",80300,82709,"https://www.cashify.in/sell-old-mobile-phone/used-xiaomi-redmi-note-10-pro-16-gb-512-gb"
"Xiaomi","Redmi Note 10 Pro","Redmi Series","16 GB","1024 GB",85300,87859,"https://www.cashify.in/sell-old-mobile-phone/used-xiaomi-redmi-note-10-pro-16-gb-1024-gb"
"Xiaomi","Redmi Note 10 Pro+","Redmi Series","8 GB","128 GB",64500,66435,"https://www.cashify.in/sell-old-mobile-phone/used-xiaomi-redmi-note-10-pro-8-gb-128-gb"
"Xiaomi","Redmi Note 10 Pro+","Redmi Series","8 GB","256 GB",70500,72615,"https://www.cashify.in/sell-old-mobile-phone/used-xiaomi-redmi-note-10-pro-8-gb-256-gb"
"Xiaomi","Redmi Note 10 Pro+","Redmi Series","8 GB","512 GB",75500,77765,"https://www.cashify.in/sell-old-mobile-phone/used-xiaomi-redmi-note-10-pro-8-gb-512-gb"
"Xiaomi","Redmi Note 10 Pro+","Redmi Series","8 GB","1024 GB",80500,82915,"https://www.cashify.in/sell-old-mobile-phone/used-xiaomi-redmi-note-10-pro-8-gb-1024-gb"
"Xiaomi","Redmi Note 10 Pro+","Redmi Series","12 GB","128 GB",66900,68907,"https://www.cashify.in/sell-old-mobile-phone/used-xiaomi-redmi-note-10-pro-12-gb-128-gb"
"Xiaomi","Redmi Note 10 Pro+","Redmi Series","12 GB","256 GB",72900,75087,"https://www.cashify.in/sell-old-mobile-phone/used-xiaomi-redmi-note-10-pro-12-gb-256-gb"
"Xiaomi","Redmi Note 10 Pro+","Redmi Series","12 GB","512 GB",77900,80237,"https://www.cashify.in/sell-old-mobile-phone/used-xiaomi-redmi-note-10-pro-12-gb-512-gb"
"Xiaomi","Redmi Note 10 Pro+","Redmi Series","12 GB","1024 GB",82900,85387,"https://www.cashify.in/sell-old-mobile-phone/used-xiaomi-redmi-note-10-pro-12-gb-1024-gb"
"Xiaomi","Redmi Note 10 Pro+","Redmi Series","16 GB","128 GB",69300,71379,"https://www.cashify.in/sell-old-mobile-phone/used-xiaomi-redmi-note-10-pro-16-gb-128-gb"
"Xiaomi","Redmi Note 10 Pro+","Redmi Series","16 GB","256 GB",75300,77559,"https://www.cashify.in/sell-old-mobile-phone/used-xiaomi-redmi-note-10-pro-16-gb-256-gb"
"Xiaomi","Redmi Note 10 Pro+","Redmi Series","16 GB","512 GB",80300,82709,"https://www.cashify.in/sell-old-mobile-phone/used-xiaomi-redmi-note-10-pro-16-gb-512-gb"
"Xiaomi","Redmi Note 10 Pro+","Redmi Series","16 GB","1024 GB",85300,87859,"https://www.cashify.in/sell-old-mobile-phone/used-xiaomi-redmi-note-10-pro-16-gb-1024-gb"
"Xiaomi","Redmi 11","Redmi Series","6 GB","128 GB",14500,14935,"https://www.cashify.in/sell-old-mobile-phone/used-xiaomi-redmi-11-6-gb-128-gb"
"Xiaomi","Redmi 11","Redmi Series","6 GB","256 GB",20500,21115,"https://www.cashify.in/sell-old-mobile-phone/used-xiaomi-redmi-11-6-gb-256-gb"
"Xiaomi","Redmi 11","Redmi Series","6 GB","512 GB",26000,26780,"https://www.cashify.in/sell-old-mobile-phone/used-xiaomi-redmi-11-6-gb-512-gb"
"Xiaomi","Redmi 11","Redmi Series","8 GB","128 GB",15700,16171,"https://www.cashify.in/sell-old-mobile-phone/used-xiaomi-redmi-11-8-gb-128-gb"
"Xiaomi","Redmi 11","Redmi Series","8 GB","256 GB",21700,22351,"https://www.cashify.in/sell-old-mobile-phone/used-xiaomi-redmi-11-8-gb-256-gb"
"Xiaomi","Redmi 11","Redmi Series","8 GB","512 GB",27200,28016,"https://www.cashify.in/sell-old-mobile-phone/used-xiaomi-redmi-11-8-gb-512-gb"
"Xiaomi","Redmi 11","Redmi Series","12 GB","128 GB",18100,18643,"https://www.cashify.in/sell-old-mobile-phone/used-xiaomi-redmi-11-12-gb-128-gb"
"Xiaomi","Redmi 11","Redmi Series","12 GB","256 GB",24100,24823,"https://www.cashify.in/sell-old-mobile-phone/used-xiaomi-redmi-11-12-gb-256-gb"
"Xiaomi","Redmi 11","Redmi Series","12 GB","512 GB",29600,30488,"https://www.cashify.in/sell-old-mobile-phone/used-xiaomi-redmi-11-12-gb-512-gb"
"Xiaomi","Redmi Note 11","Redmi Series","6 GB","128 GB",14500,14935,"https://www.cashify.in/sell-old-mobile-phone/used-xiaomi-redmi-note-11-6-gb-128-gb"
"Xiaomi","Redmi Note 11","Redmi Series","6 GB","256 GB",20500,21115,"https://www.cashify.in/sell-old-mobile-phone/used-xiaomi-redmi-note-11-6-gb-256-gb"
"Xiaomi","Redmi Note 11","Redmi Series","6 GB","512 GB",26000,26780,"https://www.cashify.in/sell-old-mobile-phone/used-xiaomi-redmi-note-11-6-gb-512-gb"
"Xiaomi","Redmi Note 11","Redmi Series","8 GB","128 GB",15700,16171,"https://www.cashify.in/sell-old-mobile-phone/used-xiaomi-redmi-note-11-8-gb-128-gb"
"Xiaomi","Redmi Note 11","Redmi Series","8 GB","256 GB",21700,22351,"https://www.cashify.in/sell-old-mobile-phone/used-xiaomi-redmi-note-11-8-gb-256-gb"
"Xiaomi","Redmi Note 11","Redmi Series","8 GB","512 GB",27200,28016,"https://www.cashify.in/sell-old-mobile-phone/used-xiaomi-redmi-note-11-8-gb-512-gb"
"Xiaomi","Redmi Note 11","Redmi Series","12 GB","128 GB",18100,18643,"https://www.cashify.in/sell-old-mobile-phone/used-xiaomi-redmi-note-11-12-gb-128-gb"
"Xiaomi","Redmi Note 11","Redmi Series","12 GB","256 GB",24100,24823,"https://www.cashify.in/sell-old-mobile-phone/used-xiaomi-redmi-note-11-12-gb-256-gb"
"Xiaomi","Redmi Note 11","Redmi Series","12 GB","512 GB",29600,30488,"https://www.cashify.in/sell-old-mobile-phone/used-xiaomi-redmi-note-11-12-gb-512-gb"
"Xiaomi","Redmi Note 11s","Redmi Series","6 GB","128 GB",14500,14935,"https://www.cashify.in/sell-old-mobile-phone/used-xiaomi-redmi-note-11s-6-gb-128-gb"
"Xiaomi","Redmi Note 11s","Redmi Series","6 GB","256 GB",20500,21115,"https://www.cashify.in/sell-old-mobile-phone/used-xiaomi-redmi-note-11s-6-gb-256-gb"
"Xiaomi","Redmi Note 11s","Redmi Series","6 GB","512 GB",26000,26780,"https://www.cashify.in/sell-old-mobile-phone/used-xiaomi-redmi-note-11s-6-gb-512-gb"
"Xiaomi","Redmi Note 11s","Redmi Series","8 GB","128 GB",15700,16171,"https://www.cashify.in/sell-old-mobile-phone/used-xiaomi-redmi-note-11s-8-gb-128-gb"
"Xiaomi","Redmi Note 11s","Redmi Series","8 GB","256 GB",21700,22351,"https://www.cashify.in/sell-old-mobile-phone/used-xiaomi-redmi-note-11s-8-gb-256-gb"
"Xiaomi","Redmi Note 11s","Redmi Series","8 GB","512 GB",27200,28016,"https://www.cashify.in/sell-old-mobile-phone/used-xiaomi-redmi-note-11s-8-gb-512-gb"
"Xiaomi","Redmi Note 11s","Redmi Series","12 GB","128 GB",18100,18643,"https://www.cashify.in/sell-old-mobile-phone/used-xiaomi-redmi-note-11s-12-gb-128-gb"
"Xiaomi","Redmi Note 11s","Redmi Series","12 GB","256 GB",24100,24823,"https://www.cashify.in/sell-old-mobile-phone/used-xiaomi-redmi-note-11s-12-gb-256-gb"
"Xiaomi","Redmi Note 11s","Redmi Series","12 GB","512 GB",29600,30488,"https://www.cashify.in/sell-old-mobile-phone/used-xiaomi-redmi-note-11s-12-gb-512-gb"
"Xiaomi","Redmi Note 11 Pro","Redmi Series","8 GB","128 GB",64500,66435,"https://www.cashify.in/sell-old-mobile-phone/used-xiaomi-redmi-note-11-pro-8-gb-128-gb"
"Xiaomi","Redmi Note 11 Pro","Redmi Series","8 GB","256 GB",70500,72615,"https://www.cashify.in/sell-old-mobile-phone/used-xiaomi-redmi-note-11-pro-8-gb-256-gb"
"Xiaomi","Redmi Note 11 Pro","Redmi Series","8 GB","512 GB",75500,77765,"https://www.cashify.in/sell-old-mobile-phone/used-xiaomi-redmi-note-11-pro-8-gb-512-gb"
"Xiaomi","Redmi Note 11 Pro","Redmi Series","8 GB","1024 GB",80500,82915,"https://www.cashify.in/sell-old-mobile-phone/used-xiaomi-redmi-note-11-pro-8-gb-1024-gb"
"Xiaomi","Redmi Note 11 Pro","Redmi Series","12 GB","128 GB",66900,68907,"https://www.cashify.in/sell-old-mobile-phone/used-xiaomi-redmi-note-11-pro-12-gb-128-gb"
"Xiaomi","Redmi Note 11 Pro","Redmi Series","12 GB","256 GB",72900,75087,"https://www.cashify.in/sell-old-mobile-phone/used-xiaomi-redmi-note-11-pro-12-gb-256-gb"
"Xiaomi","Redmi Note 11 Pro","Redmi Series","12 GB","512 GB",77900,80237,"https://www.cashify.in/sell-old-mobile-phone/used-xiaomi-redmi-note-11-pro-12-gb-512-gb"
"Xiaomi","Redmi Note 11 Pro","Redmi Series","12 GB","1024 GB",82900,85387,"https://www.cashify.in/sell-old-mobile-phone/used-xiaomi-redmi-note-11-pro-12-gb-1024-gb"
"Xiaomi","Redmi Note 11 Pro","Redmi Series","16 GB","128 GB",69300,71379,"https://www.cashify.in/sell-old-mobile-phone/used-xiaomi-redmi-note-11-pro-16-gb-128-gb"
"Xiaomi","Redmi Note 11 Pro","Redmi Series","16 GB","256 GB",75300,77559,"https://www.cashify.in/sell-old-mobile-phone/used-xiaomi-redmi-note-11-pro-16-gb-256-gb"
"Xiaomi","Redmi Note 11 Pro","Redmi Series","16 GB","512 GB",80300,82709,"https://www.cashify.in/sell-old-mobile-phone/used-xiaomi-redmi-note-11-pro-16-gb-512-gb"
"Xiaomi","Redmi Note 11 Pro","Redmi Series","16 GB","1024 GB",85300,87859,"https://www.cashify.in/sell-old-mobile-phone/used-xiaomi-redmi-note-11-pro-16-gb-1024-gb"
"Xiaomi","Redmi Note 11 Pro+","Redmi Series","8 GB","128 GB",64500,66435,"https://www.cashify.in/sell-old-mobile-phone/used-xiaomi-redmi-note-11-pro-8-gb-128-gb"
"Xiaomi","Redmi Note 11 Pro+","Redmi Series","8 GB","256 GB",70500,72615,"https://www.cashify.in/sell-old-mobile-phone/used-xiaomi-redmi-note-11-pro-8-gb-256-gb"
"Xiaomi","Redmi Note 11 Pro+","Redmi Series","8 GB","512 GB",75500,77765,"https://www.cashify.in/sell-old-mobile-phone/used-xiaomi-redmi-note-11-pro-8-gb-512-gb"
"Xiaomi","Redmi Note 11 Pro+","Redmi Series","8 GB","1024 GB",80500,82915,"https://www.cashify.in/sell-old-mobile-phone/used-xiaomi-redmi-note-11-pro-8-gb-1024-gb"
"Xiaomi","Redmi Note 11 Pro+","Redmi Series","12 GB","128 GB",66900,68907,"https://www.cashify.in/sell-old-mobile-phone/used-xiaomi-redmi-note-11-pro-12-gb-128-gb"
"Xiaomi","Redmi Note 11 Pro+","Redmi Series","12 GB","256 GB",72900,75087,"https://www.cashify.in/sell-old-mobile-phone/used-xiaomi-redmi-note-11-pro-12-gb-256-gb"
"Xiaomi","Redmi Note 11 Pro+","Redmi Series","12 GB","512 GB",77900,80237,"https://www.cashify.in/sell-old-mobile-phone/used-xiaomi-redmi-note-11-pro-12-gb-512-gb"
"Xiaomi","Redmi Note 11 Pro+","Redmi Series","12 GB","1024 GB",82900,85387,"https://www.cashify.in/sell-old-mobile-phone/used-xiaomi-redmi-note-11-pro-12-gb-1024-gb"
"Xiaomi","Redmi Note 11 Pro+","Redmi Series","16 GB","128 GB",69300,71379,"https://www.cashify.in/sell-old-mobile-phone/used-xiaomi-redmi-note-11-pro-16-gb-128-gb"
"Xiaomi","Redmi Note 11 Pro+","Redmi Series","16 GB","256 GB",75300,77559,"https://www.cashify.in/sell-old-mobile-phone/used-xiaomi-redmi-note-11-pro-16-gb-256-gb"
"Xiaomi","Redmi Note 11 Pro+","Redmi Series","16 GB","512 GB",80300,82709,"https://www.cashify.in/sell-old-mobile-phone/used-xiaomi-redmi-note-11-pro-16-gb-512-gb"
"Xiaomi","Redmi Note 11 Pro+","Redmi Series","16 GB","1024 GB",85300,87859,"https://www.cashify.in/sell-old-mobile-phone/used-xiaomi-redmi-note-11-pro-16-gb-1024-gb"
"Xiaomi","Redmi 12","Redmi Series","6 GB","128 GB",14500,14935,"https://www.cashify.in/sell-old-mobile-phone/used-xiaomi-redmi-12-6-gb-128-gb"
"Xiaomi","Redmi 12","Redmi Series","6 GB","256 GB",20500,21115,"https://www.cashify.in/sell-old-mobile-phone/used-xiaomi-redmi-12-6-gb-256-gb"
"Xiaomi","Redmi 12","Redmi Series","6 GB","512 GB",26000,26780,"https://www.cashify.in/sell-old-mobile-phone/used-xiaomi-redmi-12-6-gb-512-gb"
"Xiaomi","Redmi 12","Redmi Series","8 GB","128 GB",15700,16171,"https://www.cashify.in/sell-old-mobile-phone/used-xiaomi-redmi-12-8-gb-128-gb"
"Xiaomi","Redmi 12","Redmi Series","8 GB","256 GB",21700,22351,"https://www.cashify.in/sell-old-mobile-phone/used-xiaomi-redmi-12-8-gb-256-gb"
"Xiaomi","Redmi 12","Redmi Series","8 GB","512 GB",27200,28016,"https://www.cashify.in/sell-old-mobile-phone/used-xiaomi-redmi-12-8-gb-512-gb"
"Xiaomi","Redmi 12","Redmi Series","12 GB","128 GB",18100,18643,"https://www.cashify.in/sell-old-mobile-phone/used-xiaomi-redmi-12-12-gb-128-gb"
"Xiaomi","Redmi 12","Redmi Series","12 GB","256 GB",24100,24823,"https://www.cashify.in/sell-old-mobile-phone/used-xiaomi-redmi-12-12-gb-256-gb"
"Xiaomi","Redmi 12","Redmi Series","12 GB","512 GB",29600,30488,"https://www.cashify.in/sell-old-mobile-phone/used-xiaomi-redmi-12-12-gb-512-gb"
"Xiaomi","Redmi Note 12","Redmi Series","6 GB","128 GB",14500,14935,"https://www.cashify.in/sell-old-mobile-phone/used-xiaomi-redmi-note-12-6-gb-128-gb"
"Xiaomi","Redmi Note 12","Redmi Series","6 GB","256 GB",20500,21115,"https://www.cashify.in/sell-old-mobile-phone/used-xiaomi-redmi-note-12-6-gb-256-gb"
"Xiaomi","Redmi Note 12","Redmi Series","6 GB","512 GB",26000,26780,"https://www.cashify.in/sell-old-mobile-phone/used-xiaomi-redmi-note-12-6-gb-512-gb"
"Xiaomi","Redmi Note 12","Redmi Series","8 GB","128 GB",15700,16171,"https://www.cashify.in/sell-old-mobile-phone/used-xiaomi-redmi-note-12-8-gb-128-gb"
"Xiaomi","Redmi Note 12","Redmi Series","8 GB","256 GB",21700,22351,"https://www.cashify.in/sell-old-mobile-phone/used-xiaomi-redmi-note-12-8-gb-256-gb"
"Xiaomi","Redmi Note 12","Redmi Series","8 GB","512 GB",27200,28016,"https://www.cashify.in/sell-old-mobile-phone/used-xiaomi-redmi-note-12-8-gb-512-gb"
"Xiaomi","Redmi Note 12","Redmi Series","12 GB","128 GB",18100,18643,"https://www.cashify.in/sell-old-mobile-phone/used-xiaomi-redmi-note-12-12-gb-128-gb"
"Xiaomi","Redmi Note 12","Redmi Series","12 GB","256 GB",24100,24823,"https://www.cashify.in/sell-old-mobile-phone/used-xiaomi-redmi-note-12-12-gb-256-gb"
"Xiaomi","Redmi Note 12","Redmi Series","12 GB","512 GB",29600,30488,"https://www.cashify.in/sell-old-mobile-phone/used-xiaomi-redmi-note-12-12-gb-512-gb"
"Xiaomi","Redmi Note 12 Pro","Redmi Series","8 GB","128 GB",64500,66435,"https://www.cashify.in/sell-old-mobile-phone/used-xiaomi-redmi-note-12-pro-8-gb-128-gb"
"Xiaomi","Redmi Note 12 Pro","Redmi Series","8 GB","256 GB",70500,72615,"https://www.cashify.in/sell-old-mobile-phone/used-xiaomi-redmi-note-12-pro-8-gb-256-gb"
"Xiaomi","Redmi Note 12 Pro","Redmi Series","8 GB","512 GB",75500,77765,"https://www.cashify.in/sell-old-mobile-phone/used-xiaomi-redmi-note-12-pro-8-gb-512-gb"
"Xiaomi","Redmi Note 12 Pro","Redmi Series","8 GB","1024 GB",80500,82915,"https://www.cashify.in/sell-old-mobile-phone/used-xiaomi-redmi-note-12-pro-8-gb-1024-gb"
"Xiaomi","Redmi Note 12 Pro","Redmi Series","12 GB","128 GB",66900,68907,"https://www.cashify.in/sell-old-mobile-phone/used-xiaomi-redmi-note-12-pro-12-gb-128-gb"
"Xiaomi","Redmi Note 12 Pro","Redmi Series","12 GB","256 GB",72900,75087,"https://www.cashify.in/sell-old-mobile-phone/used-xiaomi-redmi-note-12-pro-12-gb-256-gb"
"Xiaomi","Redmi Note 12 Pro","Redmi Series","12 GB","512 GB",77900,80237,"https://www.cashify.in/sell-old-mobile-phone/used-xiaomi-redmi-note-12-pro-12-gb-512-gb"
"Xiaomi","Redmi Note 12 Pro","Redmi Series","12 GB","1024 GB",82900,85387,"https://www.cashify.in/sell-old-mobile-phone/used-xiaomi-redmi-note-12-pro-12-gb-1024-gb"
"Xiaomi","Redmi Note 12 Pro","Redmi Series","16 GB","128 GB",69300,71379,"https://www.cashify.in/sell-old-mobile-phone/used-xiaomi-redmi-note-12-pro-16-gb-128-gb"
"Xiaomi","Redmi Note 12 Pro","Redmi Series","16 GB","256 GB",75300,77559,"https://www.cashify.in/sell-old-mobile-phone/used-xiaomi-redmi-note-12-pro-16-gb-256-gb"
"Xiaomi","Redmi Note 12 Pro","Redmi Series","16 GB","512 GB",80300,82709,"https://www.cashify.in/sell-old-mobile-phone/used-xiaomi-redmi-note-12-pro-16-gb-512-gb"
"Xiaomi","Redmi Note 12 Pro","Redmi Series","16 GB","1024 GB",85300,87859,"https://www.cashify.in/sell-old-mobile-phone/used-xiaomi-redmi-note-12-pro-16-gb-1024-gb"
"Xiaomi","Redmi Note 12 Pro+","Redmi Series","8 GB","128 GB",64500,66435,"https://www.cashify.in/sell-old-mobile-phone/used-xiaomi-redmi-note-12-pro-8-gb-128-gb"
"Xiaomi","Redmi Note 12 Pro+","Redmi Series","8 GB","256 GB",70500,72615,"https://www.cashify.in/sell-old-mobile-phone/used-xiaomi-redmi-note-12-pro-8-gb-256-gb"
"Xiaomi","Redmi Note 12 Pro+","Redmi Series","8 GB","512 GB",75500,77765,"https://www.cashify.in/sell-old-mobile-phone/used-xiaomi-redmi-note-12-pro-8-gb-512-gb"
"Xiaomi","Redmi Note 12 Pro+","Redmi Series","8 GB","1024 GB",80500,82915,"https://www.cashify.in/sell-old-mobile-phone/used-xiaomi-redmi-note-12-pro-8-gb-1024-gb"
"Xiaomi","Redmi Note 12 Pro+","Redmi Series","12 GB","128 GB",66900,68907,"https://www.cashify.in/sell-old-mobile-phone/used-xiaomi-redmi-note-12-pro-12-gb-128-gb"
"Xiaomi","Redmi Note 12 Pro+","Redmi Series","12 GB","256 GB",72900,75087,"https://www.cashify.in/sell-old-mobile-phone/used-xiaomi-redmi-note-12-pro-12-gb-256-gb"
"Xiaomi","Redmi Note 12 Pro+","Redmi Series","12 GB","512 GB",77900,80237,"https://www.cashify.in/sell-old-mobile-phone/used-xiaomi-redmi-note-12-pro-12-gb-512-gb"
"Xiaomi","Redmi Note 12 Pro+","Redmi Series","12 GB","1024 GB",82900,85387,"https://www.cashify.in/sell-old-mobile-phone/used-xiaomi-redmi-note-12-pro-12-gb-1024-gb"
"Xiaomi","Redmi Note 12 Pro+","Redmi Series","16 GB","128 GB",69300,71379,"https://www.cashify.in/sell-old-mobile-phone/used-xiaomi-redmi-note-12-pro-16-gb-128-gb"
"Xiaomi","Redmi Note 12 Pro+","Redmi Series","16 GB","256 GB",75300,77559,"https://www.cashify.in/sell-old-mobile-phone/used-xiaomi-redmi-note-12-pro-16-gb-256-gb"
"Xiaomi","Redmi Note 12 Pro+","Redmi Series","16 GB","512 GB",80300,82709,"https://www.cashify.in/sell-old-mobile-phone/used-xiaomi-redmi-note-12-pro-16-gb-512-gb"
"Xiaomi","Redmi Note 12 Pro+","Redmi Series","16 GB","1024 GB",85300,87859,"https://www.cashify.in/sell-old-mobile-phone/used-xiaomi-redmi-note-12-pro-16-gb-1024-gb"
"Xiaomi","Redmi 13","Redmi Series","6 GB","128 GB",14500,14935,"https://www.cashify.in/sell-old-mobile-phone/used-xiaomi-redmi-13-6-gb-128-gb"
"Xiaomi","Redmi 13","Redmi Series","6 GB","256 GB",20500,21115,"https://www.cashify.in/sell-old-mobile-phone/used-xiaomi-redmi-13-6-gb-256-gb"
"Xiaomi","Redmi 13","Redmi Series","6 GB","512 GB",26000,26780,"https://www.cashify.in/sell-old-mobile-phone/used-xiaomi-redmi-13-6-gb-512-gb"
"Xiaomi","Redmi 13","Redmi Series","8 GB","128 GB",15700,16171,"https://www.cashify.in/sell-old-mobile-phone/used-xiaomi-redmi-13-8-gb-128-gb"
"Xiaomi","Redmi 13","Redmi Series","8 GB","256 GB",21700,22351,"https://www.cashify.in/sell-old-mobile-phone/used-xiaomi-redmi-13-8-gb-256-gb"
"Xiaomi","Redmi 13","Redmi Series","8 GB","512 GB",27200,28016,"https://www.cashify.in/sell-old-mobile-phone/used-xiaomi-redmi-13-8-gb-512-gb"
"Xiaomi","Redmi 13","Redmi Series","12 GB","128 GB",18100,18643,"https://www.cashify.in/sell-old-mobile-phone/used-xiaomi-redmi-13-12-gb-128-gb"
"Xiaomi","Redmi 13","Redmi Series","12 GB","256 GB",24100,24823,"https://www.cashify.in/sell-old-mobile-phone/used-xiaomi-redmi-13-12-gb-256-gb"
"Xiaomi","Redmi 13","Redmi Series","12 GB","512 GB",29600,30488,"https://www.cashify.in/sell-old-mobile-phone/used-xiaomi-redmi-13-12-gb-512-gb"
"Xiaomi","Redmi 13c","Redmi Series","2 GB","32 GB",11500,11845,"https://www.cashify.in/sell-old-mobile-phone/used-xiaomi-redmi-13c-2-gb-32-gb"
"Xiaomi","Redmi 13c","Redmi Series","2 GB","64 GB",11500,11845,"https://www.cashify.in/sell-old-mobile-phone/used-xiaomi-redmi-13c-2-gb-64-gb"
"Xiaomi","Redmi 13c","Redmi Series","2 GB","128 GB",5500,5665,"https://www.cashify.in/sell-old-mobile-phone/used-xiaomi-redmi-13c-2-gb-128-gb"
"Xiaomi","Redmi 13c","Redmi Series","2 GB","256 GB",11500,11845,"https://www.cashify.in/sell-old-mobile-phone/used-xiaomi-redmi-13c-2-gb-256-gb"
"Xiaomi","Redmi 13c","Redmi Series","4 GB","32 GB",12700,13081,"https://www.cashify.in/sell-old-mobile-phone/used-xiaomi-redmi-13c-4-gb-32-gb"
"Xiaomi","Redmi 13c","Redmi Series","4 GB","64 GB",12700,13081,"https://www.cashify.in/sell-old-mobile-phone/used-xiaomi-redmi-13c-4-gb-64-gb"
"Xiaomi","Redmi 13c","Redmi Series","4 GB","128 GB",6700,6901,"https://www.cashify.in/sell-old-mobile-phone/used-xiaomi-redmi-13c-4-gb-128-gb"
"Xiaomi","Redmi 13c","Redmi Series","4 GB","256 GB",12700,13081,"https://www.cashify.in/sell-old-mobile-phone/used-xiaomi-redmi-13c-4-gb-256-gb"
"Xiaomi","Redmi 13c","Redmi Series","6 GB","32 GB",13900,14317,"https://www.cashify.in/sell-old-mobile-phone/used-xiaomi-redmi-13c-6-gb-32-gb"
"Xiaomi","Redmi 13c","Redmi Series","6 GB","64 GB",13900,14317,"https://www.cashify.in/sell-old-mobile-phone/used-xiaomi-redmi-13c-6-gb-64-gb"
"Xiaomi","Redmi 13c","Redmi Series","6 GB","128 GB",7900,8137,"https://www.cashify.in/sell-old-mobile-phone/used-xiaomi-redmi-13c-6-gb-128-gb"
"Xiaomi","Redmi 13c","Redmi Series","6 GB","256 GB",13900,14317,"https://www.cashify.in/sell-old-mobile-phone/used-xiaomi-redmi-13c-6-gb-256-gb"
"Xiaomi","Redmi 13c","Redmi Series","8 GB","32 GB",15100,15553,"https://www.cashify.in/sell-old-mobile-phone/used-xiaomi-redmi-13c-8-gb-32-gb"
"Xiaomi","Redmi 13c","Redmi Series","8 GB","64 GB",15100,15553,"https://www.cashify.in/sell-old-mobile-phone/used-xiaomi-redmi-13c-8-gb-64-gb"
"Xiaomi","Redmi 13c","Redmi Series","8 GB","128 GB",9100,9373,"https://www.cashify.in/sell-old-mobile-phone/used-xiaomi-redmi-13c-8-gb-128-gb"
"Xiaomi","Redmi 13c","Redmi Series","8 GB","256 GB",15100,15553,"https://www.cashify.in/sell-old-mobile-phone/used-xiaomi-redmi-13c-8-gb-256-gb"
"Xiaomi","Redmi 14","Redmi Series","6 GB","128 GB",14500,14935,"https://www.cashify.in/sell-old-mobile-phone/used-xiaomi-redmi-14-6-gb-128-gb"
"Xiaomi","Redmi 14","Redmi Series","6 GB","256 GB",20500,21115,"https://www.cashify.in/sell-old-mobile-phone/used-xiaomi-redmi-14-6-gb-256-gb"
"Xiaomi","Redmi 14","Redmi Series","6 GB","512 GB",26000,26780,"https://www.cashify.in/sell-old-mobile-phone/used-xiaomi-redmi-14-6-gb-512-gb"
"Xiaomi","Redmi 14","Redmi Series","8 GB","128 GB",15700,16171,"https://www.cashify.in/sell-old-mobile-phone/used-xiaomi-redmi-14-8-gb-128-gb"
"Xiaomi","Redmi 14","Redmi Series","8 GB","256 GB",21700,22351,"https://www.cashify.in/sell-old-mobile-phone/used-xiaomi-redmi-14-8-gb-256-gb"
"Xiaomi","Redmi 14","Redmi Series","8 GB","512 GB",27200,28016,"https://www.cashify.in/sell-old-mobile-phone/used-xiaomi-redmi-14-8-gb-512-gb"
"Xiaomi","Redmi 14","Redmi Series","12 GB","128 GB",18100,18643,"https://www.cashify.in/sell-old-mobile-phone/used-xiaomi-redmi-14-12-gb-128-gb"
"Xiaomi","Redmi 14","Redmi Series","12 GB","256 GB",24100,24823,"https://www.cashify.in/sell-old-mobile-phone/used-xiaomi-redmi-14-12-gb-256-gb"
"Xiaomi","Redmi 14","Redmi Series","12 GB","512 GB",29600,30488,"https://www.cashify.in/sell-old-mobile-phone/used-xiaomi-redmi-14-12-gb-512-gb"
"Xiaomi","Redmi 14c","Redmi Series","2 GB","32 GB",11500,11845,"https://www.cashify.in/sell-old-mobile-phone/used-xiaomi-redmi-14c-2-gb-32-gb"
"Xiaomi","Redmi 14c","Redmi Series","2 GB","64 GB",11500,11845,"https://www.cashify.in/sell-old-mobile-phone/used-xiaomi-redmi-14c-2-gb-64-gb"
"Xiaomi","Redmi 14c","Redmi Series","2 GB","128 GB",5500,5665,"https://www.cashify.in/sell-old-mobile-phone/used-xiaomi-redmi-14c-2-gb-128-gb"
"Xiaomi","Redmi 14c","Redmi Series","2 GB","256 GB",11500,11845,"https://www.cashify.in/sell-old-mobile-phone/used-xiaomi-redmi-14c-2-gb-256-gb"
"Xiaomi","Redmi 14c","Redmi Series","4 GB","32 GB",12700,13081,"https://www.cashify.in/sell-old-mobile-phone/used-xiaomi-redmi-14c-4-gb-32-gb"
"Xiaomi","Redmi 14c","Redmi Series","4 GB","64 GB",12700,13081,"https://www.cashify.in/sell-old-mobile-phone/used-xiaomi-redmi-14c-4-gb-64-gb"
"Xiaomi","Redmi 14c","Redmi Series","4 GB","128 GB",6700,6901,"https://www.cashify.in/sell-old-mobile-phone/used-xiaomi-redmi-14c-4-gb-128-gb"
"Xiaomi","Redmi 14c","Redmi Series","4 GB","256 GB",12700,13081,"https://www.cashify.in/sell-old-mobile-phone/used-xiaomi-redmi-14c-4-gb-256-gb"
"Xiaomi","Redmi 14c","Redmi Series","6 GB","32 GB",13900,14317,"https://www.cashify.in/sell-old-mobile-phone/used-xiaomi-redmi-14c-6-gb-32-gb"
"Xiaomi","Redmi 14c","Redmi Series","6 GB","64 GB",13900,14317,"https://www.cashify.in/sell-old-mobile-phone/used-xiaomi-redmi-14c-6-gb-64-gb"
"Xiaomi","Redmi 14c","Redmi Series","6 GB","128 GB",7900,8137,"https://www.cashify.in/sell-old-mobile-phone/used-xiaomi-redmi-14c-6-gb-128-gb"
"Xiaomi","Redmi 14c","Redmi Series","6 GB","256 GB",13900,14317,"https://www.cashify.in/sell-old-mobile-phone/used-xiaomi-redmi-14c-6-gb-256-gb"
"Xiaomi","Redmi 14c","Redmi Series","8 GB","32 GB",15100,15553,"https://www.cashify.in/sell-old-mobile-phone/used-xiaomi-redmi-14c-8-gb-32-gb"
"Xiaomi","Redmi 14c","Redmi Series","8 GB","64 GB",15100,15553,"https://www.cashify.in/sell-old-mobile-phone/used-xiaomi-redmi-14c-8-gb-64-gb"
"Xiaomi","Redmi 14c","Redmi Series","8 GB","128 GB",9100,9373,"https://www.cashify.in/sell-old-mobile-phone/used-xiaomi-redmi-14c-8-gb-128-gb"
"Xiaomi","Redmi 14c","Redmi Series","8 GB","256 GB",15100,15553,"https://www.cashify.in/sell-old-mobile-phone/used-xiaomi-redmi-14c-8-gb-256-gb"
"Xiaomi","Redmi 15","Redmi Series","6 GB","128 GB",14500,14935,"https://www.cashify.in/sell-old-mobile-phone/used-xiaomi-redmi-15-6-gb-128-gb"
"Xiaomi","Redmi 15","Redmi Series","6 GB","256 GB",20500,21115,"https://www.cashify.in/sell-old-mobile-phone/used-xiaomi-redmi-15-6-gb-256-gb"
"Xiaomi","Redmi 15","Redmi Series","6 GB","512 GB",26000,26780,"https://www.cashify.in/sell-old-mobile-phone/used-xiaomi-redmi-15-6-gb-512-gb"
"Xiaomi","Redmi 15","Redmi Series","8 GB","128 GB",15700,16171,"https://www.cashify.in/sell-old-mobile-phone/used-xiaomi-redmi-15-8-gb-128-gb"
"Xiaomi","Redmi 15","Redmi Series","8 GB","256 GB",21700,22351,"https://www.cashify.in/sell-old-mobile-phone/used-xiaomi-redmi-15-8-gb-256-gb"
"Xiaomi","Redmi 15","Redmi Series","8 GB","512 GB",27200,28016,"https://www.cashify.in/sell-old-mobile-phone/used-xiaomi-redmi-15-8-gb-512-gb"
"Xiaomi","Redmi 15","Redmi Series","12 GB","128 GB",18100,18643,"https://www.cashify.in/sell-old-mobile-phone/used-xiaomi-redmi-15-12-gb-128-gb"
"Xiaomi","Redmi 15","Redmi Series","12 GB","256 GB",24100,24823,"https://www.cashify.in/sell-old-mobile-phone/used-xiaomi-redmi-15-12-gb-256-gb"
"Xiaomi","Redmi 15","Redmi Series","12 GB","512 GB",29600,30488,"https://www.cashify.in/sell-old-mobile-phone/used-xiaomi-redmi-15-12-gb-512-gb"
"Xiaomi","Redmi 15c","Redmi Series","2 GB","32 GB",11500,11845,"https://www.cashify.in/sell-old-mobile-phone/used-xiaomi-redmi-15c-2-gb-32-gb"
"Xiaomi","Redmi 15c","Redmi Series","2 GB","64 GB",11500,11845,"https://www.cashify.in/sell-old-mobile-phone/used-xiaomi-redmi-15c-2-gb-64-gb"
"Xiaomi","Redmi 15c","Redmi Series","2 GB","128 GB",5500,5665,"https://www.cashify.in/sell-old-mobile-phone/used-xiaomi-redmi-15c-2-gb-128-gb"
"Xiaomi","Redmi 15c","Redmi Series","2 GB","256 GB",11500,11845,"https://www.cashify.in/sell-old-mobile-phone/used-xiaomi-redmi-15c-2-gb-256-gb"
"Xiaomi","Redmi 15c","Redmi Series","4 GB","32 GB",12700,13081,"https://www.cashify.in/sell-old-mobile-phone/used-xiaomi-redmi-15c-4-gb-32-gb"
"Xiaomi","Redmi 15c","Redmi Series","4 GB","64 GB",12700,13081,"https://www.cashify.in/sell-old-mobile-phone/used-xiaomi-redmi-15c-4-gb-64-gb"
"Xiaomi","Redmi 15c","Redmi Series","4 GB","128 GB",6700,6901,"https://www.cashify.in/sell-old-mobile-phone/used-xiaomi-redmi-15c-4-gb-128-gb"
"Xiaomi","Redmi 15c","Redmi Series","4 GB","256 GB",12700,13081,"https://www.cashify.in/sell-old-mobile-phone/used-xiaomi-redmi-15c-4-gb-256-gb"
"Xiaomi","Redmi 15c","Redmi Series","6 GB","32 GB",13900,14317,"https://www.cashify.in/sell-old-mobile-phone/used-xiaomi-redmi-15c-6-gb-32-gb"
"Xiaomi","Redmi 15c","Redmi Series","6 GB","64 GB",13900,14317,"https://www.cashify.in/sell-old-mobile-phone/used-xiaomi-redmi-15c-6-gb-64-gb"
"Xiaomi","Redmi 15c","Redmi Series","6 GB","128 GB",7900,8137,"https://www.cashify.in/sell-old-mobile-phone/used-xiaomi-redmi-15c-6-gb-128-gb"
"Xiaomi","Redmi 15c","Redmi Series","6 GB","256 GB",13900,14317,"https://www.cashify.in/sell-old-mobile-phone/used-xiaomi-redmi-15c-6-gb-256-gb"
"Xiaomi","Redmi 15c","Redmi Series","8 GB","32 GB",15100,15553,"https://www.cashify.in/sell-old-mobile-phone/used-xiaomi-redmi-15c-8-gb-32-gb"
"Xiaomi","Redmi 15c","Redmi Series","8 GB","64 GB",15100,15553,"https://www.cashify.in/sell-old-mobile-phone/used-xiaomi-redmi-15c-8-gb-64-gb"
"Xiaomi","Redmi 15c","Redmi Series","8 GB","128 GB",9100,9373,"https://www.cashify.in/sell-old-mobile-phone/used-xiaomi-redmi-15c-8-gb-128-gb"
"Xiaomi","Redmi 15c","Redmi Series","8 GB","256 GB",15100,15553,"https://www.cashify.in/sell-old-mobile-phone/used-xiaomi-redmi-15c-8-gb-256-gb"
"Xiaomi","Redmi Note 15","Redmi Series","6 GB","128 GB",14500,14935,"https://www.cashify.in/sell-old-mobile-phone/used-xiaomi-redmi-note-15-6-gb-128-gb"
"Xiaomi","Redmi Note 15","Redmi Series","6 GB","256 GB",20500,21115,"https://www.cashify.in/sell-old-mobile-phone/used-xiaomi-redmi-note-15-6-gb-256-gb"
"Xiaomi","Redmi Note 15","Redmi Series","6 GB","512 GB",26000,26780,"https://www.cashify.in/sell-old-mobile-phone/used-xiaomi-redmi-note-15-6-gb-512-gb"
"Xiaomi","Redmi Note 15","Redmi Series","8 GB","128 GB",15700,16171,"https://www.cashify.in/sell-old-mobile-phone/used-xiaomi-redmi-note-15-8-gb-128-gb"
"Xiaomi","Redmi Note 15","Redmi Series","8 GB","256 GB",21700,22351,"https://www.cashify.in/sell-old-mobile-phone/used-xiaomi-redmi-note-15-8-gb-256-gb"
"Xiaomi","Redmi Note 15","Redmi Series","8 GB","512 GB",27200,28016,"https://www.cashify.in/sell-old-mobile-phone/used-xiaomi-redmi-note-15-8-gb-512-gb"
"Xiaomi","Redmi Note 15","Redmi Series","12 GB","128 GB",18100,18643,"https://www.cashify.in/sell-old-mobile-phone/used-xiaomi-redmi-note-15-12-gb-128-gb"
"Xiaomi","Redmi Note 15","Redmi Series","12 GB","256 GB",24100,24823,"https://www.cashify.in/sell-old-mobile-phone/used-xiaomi-redmi-note-15-12-gb-256-gb"
"Xiaomi","Redmi Note 15","Redmi Series","12 GB","512 GB",29600,30488,"https://www.cashify.in/sell-old-mobile-phone/used-xiaomi-redmi-note-15-12-gb-512-gb"
"Xiaomi","Redmi Note 15 Pro","Redmi Series","8 GB","128 GB",64500,66435,"https://www.cashify.in/sell-old-mobile-phone/used-xiaomi-redmi-note-15-pro-8-gb-128-gb"
"Xiaomi","Redmi Note 15 Pro","Redmi Series","8 GB","256 GB",70500,72615,"https://www.cashify.in/sell-old-mobile-phone/used-xiaomi-redmi-note-15-pro-8-gb-256-gb"
"Xiaomi","Redmi Note 15 Pro","Redmi Series","8 GB","512 GB",75500,77765,"https://www.cashify.in/sell-old-mobile-phone/used-xiaomi-redmi-note-15-pro-8-gb-512-gb"
"Xiaomi","Redmi Note 15 Pro","Redmi Series","8 GB","1024 GB",80500,82915,"https://www.cashify.in/sell-old-mobile-phone/used-xiaomi-redmi-note-15-pro-8-gb-1024-gb"
"Xiaomi","Redmi Note 15 Pro","Redmi Series","12 GB","128 GB",66900,68907,"https://www.cashify.in/sell-old-mobile-phone/used-xiaomi-redmi-note-15-pro-12-gb-128-gb"
"Xiaomi","Redmi Note 15 Pro","Redmi Series","12 GB","256 GB",72900,75087,"https://www.cashify.in/sell-old-mobile-phone/used-xiaomi-redmi-note-15-pro-12-gb-256-gb"
"Xiaomi","Redmi Note 15 Pro","Redmi Series","12 GB","512 GB",77900,80237,"https://www.cashify.in/sell-old-mobile-phone/used-xiaomi-redmi-note-15-pro-12-gb-512-gb"
"Xiaomi","Redmi Note 15 Pro","Redmi Series","12 GB","1024 GB",82900,85387,"https://www.cashify.in/sell-old-mobile-phone/used-xiaomi-redmi-note-15-pro-12-gb-1024-gb"
"Xiaomi","Redmi Note 15 Pro","Redmi Series","16 GB","128 GB",69300,71379,"https://www.cashify.in/sell-old-mobile-phone/used-xiaomi-redmi-note-15-pro-16-gb-128-gb"
"Xiaomi","Redmi Note 15 Pro","Redmi Series","16 GB","256 GB",75300,77559,"https://www.cashify.in/sell-old-mobile-phone/used-xiaomi-redmi-note-15-pro-16-gb-256-gb"
"Xiaomi","Redmi Note 15 Pro","Redmi Series","16 GB","512 GB",80300,82709,"https://www.cashify.in/sell-old-mobile-phone/used-xiaomi-redmi-note-15-pro-16-gb-512-gb"
"Xiaomi","Redmi Note 15 Pro","Redmi Series","16 GB","1024 GB",85300,87859,"https://www.cashify.in/sell-old-mobile-phone/used-xiaomi-redmi-note-15-pro-16-gb-1024-gb"
"Xiaomi","Redmi Note 15 Pro+","Redmi Series","8 GB","128 GB",64500,66435,"https://www.cashify.in/sell-old-mobile-phone/used-xiaomi-redmi-note-15-pro-8-gb-128-gb"
"Xiaomi","Redmi Note 15 Pro+","Redmi Series","8 GB","256 GB",70500,72615,"https://www.cashify.in/sell-old-mobile-phone/used-xiaomi-redmi-note-15-pro-8-gb-256-gb"
"Xiaomi","Redmi Note 15 Pro+","Redmi Series","8 GB","512 GB",75500,77765,"https://www.cashify.in/sell-old-mobile-phone/used-xiaomi-redmi-note-15-pro-8-gb-512-gb"
"Xiaomi","Redmi Note 15 Pro+","Redmi Series","8 GB","1024 GB",80500,82915,"https://www.cashify.in/sell-old-mobile-phone/used-xiaomi-redmi-note-15-pro-8-gb-1024-gb"
"Xiaomi","Redmi Note 15 Pro+","Redmi Series","12 GB","128 GB",66900,68907,"https://www.cashify.in/sell-old-mobile-phone/used-xiaomi-redmi-note-15-pro-12-gb-128-gb"
"Xiaomi","Redmi Note 15 Pro+","Redmi Series","12 GB","256 GB",72900,75087,"https://www.cashify.in/sell-old-mobile-phone/used-xiaomi-redmi-note-15-pro-12-gb-256-gb"
"Xiaomi","Redmi Note 15 Pro+","Redmi Series","12 GB","512 GB",77900,80237,"https://www.cashify.in/sell-old-mobile-phone/used-xiaomi-redmi-note-15-pro-12-gb-512-gb"
"Xiaomi","Redmi Note 15 Pro+","Redmi Series","12 GB","1024 GB",82900,85387,"https://www.cashify.in/sell-old-mobile-phone/used-xiaomi-redmi-note-15-pro-12-gb-1024-gb"
"Xiaomi","Redmi Note 15 Pro+","Redmi Series","16 GB","128 GB",69300,71379,"https://www.cashify.in/sell-old-mobile-phone/used-xiaomi-redmi-note-15-pro-16-gb-128-gb"
"Xiaomi","Redmi Note 15 Pro+","Redmi Series","16 GB","256 GB",75300,77559,"https://www.cashify.in/sell-old-mobile-phone/used-xiaomi-redmi-note-15-pro-16-gb-256-gb"
"Xiaomi","Redmi Note 15 Pro+","Redmi Series","16 GB","512 GB",80300,82709,"https://www.cashify.in/sell-old-mobile-phone/used-xiaomi-redmi-note-15-pro-16-gb-512-gb"
"Xiaomi","Redmi Note 15 Pro+","Redmi Series","16 GB","1024 GB",85300,87859,"https://www.cashify.in/sell-old-mobile-phone/used-xiaomi-redmi-note-15-pro-16-gb-1024-gb"
"Xiaomi","Xiaomi 11 Ultra","Xiaomi Series","8 GB","256 GB",83500,86005,"https://www.cashify.in/sell-old-mobile-phone/used-xiaomi-11-ultra-8-gb-256-gb"
"Xiaomi","Xiaomi 11 Ultra","Xiaomi Series","8 GB","512 GB",89000,91670,"https://www.cashify.in/sell-old-mobile-phone/used-xiaomi-11-ultra-8-gb-512-gb"
"Xiaomi","Xiaomi 11 Ultra","Xiaomi Series","8 GB","1024 GB",94000,96820,"https://www.cashify.in/sell-old-mobile-phone/used-xiaomi-11-ultra-8-gb-1024-gb"
"Xiaomi","Xiaomi 11 Ultra","Xiaomi Series","12 GB","256 GB",85900,88477,"https://www.cashify.in/sell-old-mobile-phone/used-xiaomi-11-ultra-12-gb-256-gb"
"Xiaomi","Xiaomi 11 Ultra","Xiaomi Series","12 GB","512 GB",91400,94142,"https://www.cashify.in/sell-old-mobile-phone/used-xiaomi-11-ultra-12-gb-512-gb"
"Xiaomi","Xiaomi 11 Ultra","Xiaomi Series","12 GB","1024 GB",96400,99292,"https://www.cashify.in/sell-old-mobile-phone/used-xiaomi-11-ultra-12-gb-1024-gb"
"Xiaomi","Xiaomi 11 Ultra","Xiaomi Series","16 GB","256 GB",88300,90949,"https://www.cashify.in/sell-old-mobile-phone/used-xiaomi-11-ultra-16-gb-256-gb"
"Xiaomi","Xiaomi 11 Ultra","Xiaomi Series","16 GB","512 GB",93800,96614,"https://www.cashify.in/sell-old-mobile-phone/used-xiaomi-11-ultra-16-gb-512-gb"
"Xiaomi","Xiaomi 11 Ultra","Xiaomi Series","16 GB","1024 GB",98800,101764,"https://www.cashify.in/sell-old-mobile-phone/used-xiaomi-11-ultra-16-gb-1024-gb"
"Xiaomi","Xiaomi 14 Civi","Xiaomi Series","6 GB","128 GB",17500,18025,"https://www.cashify.in/sell-old-mobile-phone/used-xiaomi-14-civi-6-gb-128-gb"
"Xiaomi","Xiaomi 14 Civi","Xiaomi Series","6 GB","256 GB",23500,24205,"https://www.cashify.in/sell-old-mobile-phone/used-xiaomi-14-civi-6-gb-256-gb"
"Xiaomi","Xiaomi 14 Civi","Xiaomi Series","6 GB","512 GB",29000,29870,"https://www.cashify.in/sell-old-mobile-phone/used-xiaomi-14-civi-6-gb-512-gb"
"Xiaomi","Xiaomi 14 Civi","Xiaomi Series","8 GB","128 GB",18700,19261,"https://www.cashify.in/sell-old-mobile-phone/used-xiaomi-14-civi-8-gb-128-gb"
"Xiaomi","Xiaomi 14 Civi","Xiaomi Series","8 GB","256 GB",24700,25441,"https://www.cashify.in/sell-old-mobile-phone/used-xiaomi-14-civi-8-gb-256-gb"
"Xiaomi","Xiaomi 14 Civi","Xiaomi Series","8 GB","512 GB",30200,31106,"https://www.cashify.in/sell-old-mobile-phone/used-xiaomi-14-civi-8-gb-512-gb"
"Xiaomi","Xiaomi 14 Civi","Xiaomi Series","12 GB","128 GB",21100,21733,"https://www.cashify.in/sell-old-mobile-phone/used-xiaomi-14-civi-12-gb-128-gb"
"Xiaomi","Xiaomi 14 Civi","Xiaomi Series","12 GB","256 GB",27100,27913,"https://www.cashify.in/sell-old-mobile-phone/used-xiaomi-14-civi-12-gb-256-gb"
"Xiaomi","Xiaomi 14 Civi","Xiaomi Series","12 GB","512 GB",32600,33578,"https://www.cashify.in/sell-old-mobile-phone/used-xiaomi-14-civi-12-gb-512-gb"
"Xiaomi","Xiaomi 15","Xiaomi Series","6 GB","128 GB",17500,18025,"https://www.cashify.in/sell-old-mobile-phone/used-xiaomi-15-6-gb-128-gb"
"Xiaomi","Xiaomi 15","Xiaomi Series","6 GB","256 GB",23500,24205,"https://www.cashify.in/sell-old-mobile-phone/used-xiaomi-15-6-gb-256-gb"
"Xiaomi","Xiaomi 15","Xiaomi Series","6 GB","512 GB",29000,29870,"https://www.cashify.in/sell-old-mobile-phone/used-xiaomi-15-6-gb-512-gb"
"Xiaomi","Xiaomi 15","Xiaomi Series","8 GB","128 GB",18700,19261,"https://www.cashify.in/sell-old-mobile-phone/used-xiaomi-15-8-gb-128-gb"
"Xiaomi","Xiaomi 15","Xiaomi Series","8 GB","256 GB",24700,25441,"https://www.cashify.in/sell-old-mobile-phone/used-xiaomi-15-8-gb-256-gb"
"Xiaomi","Xiaomi 15","Xiaomi Series","8 GB","512 GB",30200,31106,"https://www.cashify.in/sell-old-mobile-phone/used-xiaomi-15-8-gb-512-gb"
"Xiaomi","Xiaomi 15","Xiaomi Series","12 GB","128 GB",21100,21733,"https://www.cashify.in/sell-old-mobile-phone/used-xiaomi-15-12-gb-128-gb"
"Xiaomi","Xiaomi 15","Xiaomi Series","12 GB","256 GB",27100,27913,"https://www.cashify.in/sell-old-mobile-phone/used-xiaomi-15-12-gb-256-gb"
"Xiaomi","Xiaomi 15","Xiaomi Series","12 GB","512 GB",32600,33578,"https://www.cashify.in/sell-old-mobile-phone/used-xiaomi-15-12-gb-512-gb"
"Xiaomi","Xiaomi 15 Ultra","Xiaomi Series","8 GB","256 GB",83500,86005,"https://www.cashify.in/sell-old-mobile-phone/used-xiaomi-15-ultra-8-gb-256-gb"
"Xiaomi","Xiaomi 15 Ultra","Xiaomi Series","8 GB","512 GB",89000,91670,"https://www.cashify.in/sell-old-mobile-phone/used-xiaomi-15-ultra-8-gb-512-gb"
"Xiaomi","Xiaomi 15 Ultra","Xiaomi Series","8 GB","1024 GB",94000,96820,"https://www.cashify.in/sell-old-mobile-phone/used-xiaomi-15-ultra-8-gb-1024-gb"
"Xiaomi","Xiaomi 15 Ultra","Xiaomi Series","12 GB","256 GB",85900,88477,"https://www.cashify.in/sell-old-mobile-phone/used-xiaomi-15-ultra-12-gb-256-gb"
"Xiaomi","Xiaomi 15 Ultra","Xiaomi Series","12 GB","512 GB",91400,94142,"https://www.cashify.in/sell-old-mobile-phone/used-xiaomi-15-ultra-12-gb-512-gb"
"Xiaomi","Xiaomi 15 Ultra","Xiaomi Series","12 GB","1024 GB",96400,99292,"https://www.cashify.in/sell-old-mobile-phone/used-xiaomi-15-ultra-12-gb-1024-gb"
"Xiaomi","Xiaomi 15 Ultra","Xiaomi Series","16 GB","256 GB",88300,90949,"https://www.cashify.in/sell-old-mobile-phone/used-xiaomi-15-ultra-16-gb-256-gb"
"Xiaomi","Xiaomi 15 Ultra","Xiaomi Series","16 GB","512 GB",93800,96614,"https://www.cashify.in/sell-old-mobile-phone/used-xiaomi-15-ultra-16-gb-512-gb"
"Xiaomi","Xiaomi 15 Ultra","Xiaomi Series","16 GB","1024 GB",98800,101764,"https://www.cashify.in/sell-old-mobile-phone/used-xiaomi-15-ultra-16-gb-1024-gb"
"Xiaomi","Xiaomi 16","Xiaomi Series","6 GB","128 GB",17500,18025,"https://www.cashify.in/sell-old-mobile-phone/used-xiaomi-16-6-gb-128-gb"
"Xiaomi","Xiaomi 16","Xiaomi Series","6 GB","256 GB",23500,24205,"https://www.cashify.in/sell-old-mobile-phone/used-xiaomi-16-6-gb-256-gb"
"Xiaomi","Xiaomi 16","Xiaomi Series","6 GB","512 GB",29000,29870,"https://www.cashify.in/sell-old-mobile-phone/used-xiaomi-16-6-gb-512-gb"
"Xiaomi","Xiaomi 16","Xiaomi Series","8 GB","128 GB",18700,19261,"https://www.cashify.in/sell-old-mobile-phone/used-xiaomi-16-8-gb-128-gb"
"Xiaomi","Xiaomi 16","Xiaomi Series","8 GB","256 GB",24700,25441,"https://www.cashify.in/sell-old-mobile-phone/used-xiaomi-16-8-gb-256-gb"
"Xiaomi","Xiaomi 16","Xiaomi Series","8 GB","512 GB",30200,31106,"https://www.cashify.in/sell-old-mobile-phone/used-xiaomi-16-8-gb-512-gb"
"Xiaomi","Xiaomi 16","Xiaomi Series","12 GB","128 GB",21100,21733,"https://www.cashify.in/sell-old-mobile-phone/used-xiaomi-16-12-gb-128-gb"
"Xiaomi","Xiaomi 16","Xiaomi Series","12 GB","256 GB",27100,27913,"https://www.cashify.in/sell-old-mobile-phone/used-xiaomi-16-12-gb-256-gb"
"Xiaomi","Xiaomi 16","Xiaomi Series","12 GB","512 GB",32600,33578,"https://www.cashify.in/sell-old-mobile-phone/used-xiaomi-16-12-gb-512-gb"
"Xiaomi","Xiaomi 16 Ultra","Xiaomi Series","8 GB","256 GB",83500,86005,"https://www.cashify.in/sell-old-mobile-phone/used-xiaomi-16-ultra-8-gb-256-gb"
"Xiaomi","Xiaomi 16 Ultra","Xiaomi Series","8 GB","512 GB",89000,91670,"https://www.cashify.in/sell-old-mobile-phone/used-xiaomi-16-ultra-8-gb-512-gb"
"Xiaomi","Xiaomi 16 Ultra","Xiaomi Series","8 GB","1024 GB",94000,96820,"https://www.cashify.in/sell-old-mobile-phone/used-xiaomi-16-ultra-8-gb-1024-gb"
"Xiaomi","Xiaomi 16 Ultra","Xiaomi Series","12 GB","256 GB",85900,88477,"https://www.cashify.in/sell-old-mobile-phone/used-xiaomi-16-ultra-12-gb-256-gb"
"Xiaomi","Xiaomi 16 Ultra","Xiaomi Series","12 GB","512 GB",91400,94142,"https://www.cashify.in/sell-old-mobile-phone/used-xiaomi-16-ultra-12-gb-512-gb"
"Xiaomi","Xiaomi 16 Ultra","Xiaomi Series","12 GB","1024 GB",96400,99292,"https://www.cashify.in/sell-old-mobile-phone/used-xiaomi-16-ultra-12-gb-1024-gb"
"Xiaomi","Xiaomi 16 Ultra","Xiaomi Series","16 GB","256 GB",88300,90949,"https://www.cashify.in/sell-old-mobile-phone/used-xiaomi-16-ultra-16-gb-256-gb"
"Xiaomi","Xiaomi 16 Ultra","Xiaomi Series","16 GB","512 GB",93800,96614,"https://www.cashify.in/sell-old-mobile-phone/used-xiaomi-16-ultra-16-gb-512-gb"
"Xiaomi","Xiaomi 16 Ultra","Xiaomi Series","16 GB","1024 GB",98800,101764,"https://www.cashify.in/sell-old-mobile-phone/used-xiaomi-16-ultra-16-gb-1024-gb"
"Xiaomi","Xiaomi 17","Xiaomi Series","6 GB","128 GB",17500,18025,"https://www.cashify.in/sell-old-mobile-phone/used-xiaomi-17-6-gb-128-gb"
"Xiaomi","Xiaomi 17","Xiaomi Series","6 GB","256 GB",23500,24205,"https://www.cashify.in/sell-old-mobile-phone/used-xiaomi-17-6-gb-256-gb"
"Xiaomi","Xiaomi 17","Xiaomi Series","6 GB","512 GB",29000,29870,"https://www.cashify.in/sell-old-mobile-phone/used-xiaomi-17-6-gb-512-gb"
"Xiaomi","Xiaomi 17","Xiaomi Series","8 GB","128 GB",18700,19261,"https://www.cashify.in/sell-old-mobile-phone/used-xiaomi-17-8-gb-128-gb"
"Xiaomi","Xiaomi 17","Xiaomi Series","8 GB","256 GB",24700,25441,"https://www.cashify.in/sell-old-mobile-phone/used-xiaomi-17-8-gb-256-gb"
"Xiaomi","Xiaomi 17","Xiaomi Series","8 GB","512 GB",30200,31106,"https://www.cashify.in/sell-old-mobile-phone/used-xiaomi-17-8-gb-512-gb"
"Xiaomi","Xiaomi 17","Xiaomi Series","12 GB","128 GB",21100,21733,"https://www.cashify.in/sell-old-mobile-phone/used-xiaomi-17-12-gb-128-gb"
"Xiaomi","Xiaomi 17","Xiaomi Series","12 GB","256 GB",27100,27913,"https://www.cashify.in/sell-old-mobile-phone/used-xiaomi-17-12-gb-256-gb"
"Xiaomi","Xiaomi 17","Xiaomi Series","12 GB","512 GB",32600,33578,"https://www.cashify.in/sell-old-mobile-phone/used-xiaomi-17-12-gb-512-gb"
"Xiaomi","Xiaomi 17T","Xiaomi Series","6 GB","128 GB",17500,18025,"https://www.cashify.in/sell-old-mobile-phone/used-xiaomi-17t-6-gb-128-gb"
"Xiaomi","Xiaomi 17T","Xiaomi Series","6 GB","256 GB",23500,24205,"https://www.cashify.in/sell-old-mobile-phone/used-xiaomi-17t-6-gb-256-gb"
"Xiaomi","Xiaomi 17T","Xiaomi Series","6 GB","512 GB",29000,29870,"https://www.cashify.in/sell-old-mobile-phone/used-xiaomi-17t-6-gb-512-gb"
"Xiaomi","Xiaomi 17T","Xiaomi Series","8 GB","128 GB",18700,19261,"https://www.cashify.in/sell-old-mobile-phone/used-xiaomi-17t-8-gb-128-gb"
"Xiaomi","Xiaomi 17T","Xiaomi Series","8 GB","256 GB",24700,25441,"https://www.cashify.in/sell-old-mobile-phone/used-xiaomi-17t-8-gb-256-gb"
"Xiaomi","Xiaomi 17T","Xiaomi Series","8 GB","512 GB",30200,31106,"https://www.cashify.in/sell-old-mobile-phone/used-xiaomi-17t-8-gb-512-gb"
"Xiaomi","Xiaomi 17T","Xiaomi Series","12 GB","128 GB",21100,21733,"https://www.cashify.in/sell-old-mobile-phone/used-xiaomi-17t-12-gb-128-gb"
"Xiaomi","Xiaomi 17T","Xiaomi Series","12 GB","256 GB",27100,27913,"https://www.cashify.in/sell-old-mobile-phone/used-xiaomi-17t-12-gb-256-gb"
"Xiaomi","Xiaomi 17T","Xiaomi Series","12 GB","512 GB",32600,33578,"https://www.cashify.in/sell-old-mobile-phone/used-xiaomi-17t-12-gb-512-gb"
"Xiaomi","Xiaomi 17 Ultra","Xiaomi Series","8 GB","256 GB",83500,86005,"https://www.cashify.in/sell-old-mobile-phone/used-xiaomi-17-ultra-8-gb-256-gb"
"Xiaomi","Xiaomi 17 Ultra","Xiaomi Series","8 GB","512 GB",89000,91670,"https://www.cashify.in/sell-old-mobile-phone/used-xiaomi-17-ultra-8-gb-512-gb"
"Xiaomi","Xiaomi 17 Ultra","Xiaomi Series","8 GB","1024 GB",94000,96820,"https://www.cashify.in/sell-old-mobile-phone/used-xiaomi-17-ultra-8-gb-1024-gb"
"Xiaomi","Xiaomi 17 Ultra","Xiaomi Series","8 GB","2048 GB",99500,102485,"https://www.cashify.in/sell-old-mobile-phone/used-xiaomi-17-ultra-8-gb-2048-gb"
"Xiaomi","Xiaomi 17 Ultra","Xiaomi Series","12 GB","256 GB",85900,88477,"https://www.cashify.in/sell-old-mobile-phone/used-xiaomi-17-ultra-12-gb-256-gb"
"Xiaomi","Xiaomi 17 Ultra","Xiaomi Series","12 GB","512 GB",91400,94142,"https://www.cashify.in/sell-old-mobile-phone/used-xiaomi-17-ultra-12-gb-512-gb"
"Xiaomi","Xiaomi 17 Ultra","Xiaomi Series","12 GB","1024 GB",96400,99292,"https://www.cashify.in/sell-old-mobile-phone/used-xiaomi-17-ultra-12-gb-1024-gb"
"Xiaomi","Xiaomi 17 Ultra","Xiaomi Series","12 GB","2048 GB",101900,104957,"https://www.cashify.in/sell-old-mobile-phone/used-xiaomi-17-ultra-12-gb-2048-gb"
"Xiaomi","Xiaomi 17 Ultra","Xiaomi Series","16 GB","256 GB",88300,90949,"https://www.cashify.in/sell-old-mobile-phone/used-xiaomi-17-ultra-16-gb-256-gb"
"Xiaomi","Xiaomi 17 Ultra","Xiaomi Series","16 GB","512 GB",93800,96614,"https://www.cashify.in/sell-old-mobile-phone/used-xiaomi-17-ultra-16-gb-512-gb"
"Xiaomi","Xiaomi 17 Ultra","Xiaomi Series","16 GB","1024 GB",98800,101764,"https://www.cashify.in/sell-old-mobile-phone/used-xiaomi-17-ultra-16-gb-1024-gb"
"Xiaomi","Xiaomi 17 Ultra","Xiaomi Series","16 GB","2048 GB",104300,107429,"https://www.cashify.in/sell-old-mobile-phone/used-xiaomi-17-ultra-16-gb-2048-gb"
"Xiaomi","POCO M6","POCO Series","2 GB","32 GB",11500,11845,"https://www.cashify.in/sell-old-mobile-phone/used-xiaomi-poco-m6-2-gb-32-gb"
"Xiaomi","POCO M6","POCO Series","2 GB","64 GB",11500,11845,"https://www.cashify.in/sell-old-mobile-phone/used-xiaomi-poco-m6-2-gb-64-gb"
"Xiaomi","POCO M6","POCO Series","2 GB","128 GB",5500,5665,"https://www.cashify.in/sell-old-mobile-phone/used-xiaomi-poco-m6-2-gb-128-gb"
"Xiaomi","POCO M6","POCO Series","2 GB","256 GB",11500,11845,"https://www.cashify.in/sell-old-mobile-phone/used-xiaomi-poco-m6-2-gb-256-gb"
"Xiaomi","POCO M6","POCO Series","4 GB","32 GB",12700,13081,"https://www.cashify.in/sell-old-mobile-phone/used-xiaomi-poco-m6-4-gb-32-gb"
"Xiaomi","POCO M6","POCO Series","4 GB","64 GB",12700,13081,"https://www.cashify.in/sell-old-mobile-phone/used-xiaomi-poco-m6-4-gb-64-gb"
"Xiaomi","POCO M6","POCO Series","4 GB","128 GB",6700,6901,"https://www.cashify.in/sell-old-mobile-phone/used-xiaomi-poco-m6-4-gb-128-gb"
"Xiaomi","POCO M6","POCO Series","4 GB","256 GB",12700,13081,"https://www.cashify.in/sell-old-mobile-phone/used-xiaomi-poco-m6-4-gb-256-gb"
"Xiaomi","POCO M6","POCO Series","6 GB","32 GB",13900,14317,"https://www.cashify.in/sell-old-mobile-phone/used-xiaomi-poco-m6-6-gb-32-gb"
"Xiaomi","POCO M6","POCO Series","6 GB","64 GB",13900,14317,"https://www.cashify.in/sell-old-mobile-phone/used-xiaomi-poco-m6-6-gb-64-gb"
"Xiaomi","POCO M6","POCO Series","6 GB","128 GB",7900,8137,"https://www.cashify.in/sell-old-mobile-phone/used-xiaomi-poco-m6-6-gb-128-gb"
"Xiaomi","POCO M6","POCO Series","6 GB","256 GB",13900,14317,"https://www.cashify.in/sell-old-mobile-phone/used-xiaomi-poco-m6-6-gb-256-gb"
"Xiaomi","POCO M6","POCO Series","8 GB","32 GB",15100,15553,"https://www.cashify.in/sell-old-mobile-phone/used-xiaomi-poco-m6-8-gb-32-gb"
"Xiaomi","POCO M6","POCO Series","8 GB","64 GB",15100,15553,"https://www.cashify.in/sell-old-mobile-phone/used-xiaomi-poco-m6-8-gb-64-gb"
"Xiaomi","POCO M6","POCO Series","8 GB","128 GB",9100,9373,"https://www.cashify.in/sell-old-mobile-phone/used-xiaomi-poco-m6-8-gb-128-gb"
"Xiaomi","POCO M6","POCO Series","8 GB","256 GB",15100,15553,"https://www.cashify.in/sell-old-mobile-phone/used-xiaomi-poco-m6-8-gb-256-gb"
"Xiaomi","POCO M6 Pro","POCO Series","8 GB","128 GB",64500,66435,"https://www.cashify.in/sell-old-mobile-phone/used-xiaomi-poco-m6-pro-8-gb-128-gb"
"Xiaomi","POCO M6 Pro","POCO Series","8 GB","256 GB",70500,72615,"https://www.cashify.in/sell-old-mobile-phone/used-xiaomi-poco-m6-pro-8-gb-256-gb"
"Xiaomi","POCO M6 Pro","POCO Series","8 GB","512 GB",75500,77765,"https://www.cashify.in/sell-old-mobile-phone/used-xiaomi-poco-m6-pro-8-gb-512-gb"
"Xiaomi","POCO M6 Pro","POCO Series","8 GB","1024 GB",80500,82915,"https://www.cashify.in/sell-old-mobile-phone/used-xiaomi-poco-m6-pro-8-gb-1024-gb"
"Xiaomi","POCO M6 Pro","POCO Series","12 GB","128 GB",66900,68907,"https://www.cashify.in/sell-old-mobile-phone/used-xiaomi-poco-m6-pro-12-gb-128-gb"
"Xiaomi","POCO M6 Pro","POCO Series","12 GB","256 GB",72900,75087,"https://www.cashify.in/sell-old-mobile-phone/used-xiaomi-poco-m6-pro-12-gb-256-gb"
"Xiaomi","POCO M6 Pro","POCO Series","12 GB","512 GB",77900,80237,"https://www.cashify.in/sell-old-mobile-phone/used-xiaomi-poco-m6-pro-12-gb-512-gb"
"Xiaomi","POCO M6 Pro","POCO Series","12 GB","1024 GB",82900,85387,"https://www.cashify.in/sell-old-mobile-phone/used-xiaomi-poco-m6-pro-12-gb-1024-gb"
"Xiaomi","POCO M6 Pro","POCO Series","16 GB","128 GB",69300,71379,"https://www.cashify.in/sell-old-mobile-phone/used-xiaomi-poco-m6-pro-16-gb-128-gb"
"Xiaomi","POCO M6 Pro","POCO Series","16 GB","256 GB",75300,77559,"https://www.cashify.in/sell-old-mobile-phone/used-xiaomi-poco-m6-pro-16-gb-256-gb"
"Xiaomi","POCO M6 Pro","POCO Series","16 GB","512 GB",80300,82709,"https://www.cashify.in/sell-old-mobile-phone/used-xiaomi-poco-m6-pro-16-gb-512-gb"
"Xiaomi","POCO M6 Pro","POCO Series","16 GB","1024 GB",85300,87859,"https://www.cashify.in/sell-old-mobile-phone/used-xiaomi-poco-m6-pro-16-gb-1024-gb"
"Xiaomi","POCO M7","POCO Series","2 GB","32 GB",11500,11845,"https://www.cashify.in/sell-old-mobile-phone/used-xiaomi-poco-m7-2-gb-32-gb"
"Xiaomi","POCO M7","POCO Series","2 GB","64 GB",11500,11845,"https://www.cashify.in/sell-old-mobile-phone/used-xiaomi-poco-m7-2-gb-64-gb"
"Xiaomi","POCO M7","POCO Series","2 GB","128 GB",5500,5665,"https://www.cashify.in/sell-old-mobile-phone/used-xiaomi-poco-m7-2-gb-128-gb"
"Xiaomi","POCO M7","POCO Series","2 GB","256 GB",11500,11845,"https://www.cashify.in/sell-old-mobile-phone/used-xiaomi-poco-m7-2-gb-256-gb"
"Xiaomi","POCO M7","POCO Series","4 GB","32 GB",12700,13081,"https://www.cashify.in/sell-old-mobile-phone/used-xiaomi-poco-m7-4-gb-32-gb"
"Xiaomi","POCO M7","POCO Series","4 GB","64 GB",12700,13081,"https://www.cashify.in/sell-old-mobile-phone/used-xiaomi-poco-m7-4-gb-64-gb"
"Xiaomi","POCO M7","POCO Series","4 GB","128 GB",6700,6901,"https://www.cashify.in/sell-old-mobile-phone/used-xiaomi-poco-m7-4-gb-128-gb"
"Xiaomi","POCO M7","POCO Series","4 GB","256 GB",12700,13081,"https://www.cashify.in/sell-old-mobile-phone/used-xiaomi-poco-m7-4-gb-256-gb"
"Xiaomi","POCO M7","POCO Series","6 GB","32 GB",13900,14317,"https://www.cashify.in/sell-old-mobile-phone/used-xiaomi-poco-m7-6-gb-32-gb"
"Xiaomi","POCO M7","POCO Series","6 GB","64 GB",13900,14317,"https://www.cashify.in/sell-old-mobile-phone/used-xiaomi-poco-m7-6-gb-64-gb"
"Xiaomi","POCO M7","POCO Series","6 GB","128 GB",7900,8137,"https://www.cashify.in/sell-old-mobile-phone/used-xiaomi-poco-m7-6-gb-128-gb"
"Xiaomi","POCO M7","POCO Series","6 GB","256 GB",13900,14317,"https://www.cashify.in/sell-old-mobile-phone/used-xiaomi-poco-m7-6-gb-256-gb"
"Xiaomi","POCO M7","POCO Series","8 GB","32 GB",15100,15553,"https://www.cashify.in/sell-old-mobile-phone/used-xiaomi-poco-m7-8-gb-32-gb"
"Xiaomi","POCO M7","POCO Series","8 GB","64 GB",15100,15553,"https://www.cashify.in/sell-old-mobile-phone/used-xiaomi-poco-m7-8-gb-64-gb"
"Xiaomi","POCO M7","POCO Series","8 GB","128 GB",9100,9373,"https://www.cashify.in/sell-old-mobile-phone/used-xiaomi-poco-m7-8-gb-128-gb"
"Xiaomi","POCO M7","POCO Series","8 GB","256 GB",15100,15553,"https://www.cashify.in/sell-old-mobile-phone/used-xiaomi-poco-m7-8-gb-256-gb"
"Xiaomi","POCO M7 Pro","POCO Series","8 GB","128 GB",64500,66435,"https://www.cashify.in/sell-old-mobile-phone/used-xiaomi-poco-m7-pro-8-gb-128-gb"
"Xiaomi","POCO M7 Pro","POCO Series","8 GB","256 GB",70500,72615,"https://www.cashify.in/sell-old-mobile-phone/used-xiaomi-poco-m7-pro-8-gb-256-gb"
"Xiaomi","POCO M7 Pro","POCO Series","8 GB","512 GB",75500,77765,"https://www.cashify.in/sell-old-mobile-phone/used-xiaomi-poco-m7-pro-8-gb-512-gb"
"Xiaomi","POCO M7 Pro","POCO Series","8 GB","1024 GB",80500,82915,"https://www.cashify.in/sell-old-mobile-phone/used-xiaomi-poco-m7-pro-8-gb-1024-gb"
"Xiaomi","POCO M7 Pro","POCO Series","12 GB","128 GB",66900,68907,"https://www.cashify.in/sell-old-mobile-phone/used-xiaomi-poco-m7-pro-12-gb-128-gb"
"Xiaomi","POCO M7 Pro","POCO Series","12 GB","256 GB",72900,75087,"https://www.cashify.in/sell-old-mobile-phone/used-xiaomi-poco-m7-pro-12-gb-256-gb"
"Xiaomi","POCO M7 Pro","POCO Series","12 GB","512 GB",77900,80237,"https://www.cashify.in/sell-old-mobile-phone/used-xiaomi-poco-m7-pro-12-gb-512-gb"
"Xiaomi","POCO M7 Pro","POCO Series","12 GB","1024 GB",82900,85387,"https://www.cashify.in/sell-old-mobile-phone/used-xiaomi-poco-m7-pro-12-gb-1024-gb"
"Xiaomi","POCO M7 Pro","POCO Series","16 GB","128 GB",69300,71379,"https://www.cashify.in/sell-old-mobile-phone/used-xiaomi-poco-m7-pro-16-gb-128-gb"
"Xiaomi","POCO M7 Pro","POCO Series","16 GB","256 GB",75300,77559,"https://www.cashify.in/sell-old-mobile-phone/used-xiaomi-poco-m7-pro-16-gb-256-gb"
"Xiaomi","POCO M7 Pro","POCO Series","16 GB","512 GB",80300,82709,"https://www.cashify.in/sell-old-mobile-phone/used-xiaomi-poco-m7-pro-16-gb-512-gb"
"Xiaomi","POCO M7 Pro","POCO Series","16 GB","1024 GB",85300,87859,"https://www.cashify.in/sell-old-mobile-phone/used-xiaomi-poco-m7-pro-16-gb-1024-gb"
"Xiaomi","POCO M7 Pro+","POCO Series","8 GB","128 GB",64500,66435,"https://www.cashify.in/sell-old-mobile-phone/used-xiaomi-poco-m7-pro-8-gb-128-gb"
"Xiaomi","POCO M7 Pro+","POCO Series","8 GB","256 GB",70500,72615,"https://www.cashify.in/sell-old-mobile-phone/used-xiaomi-poco-m7-pro-8-gb-256-gb"
"Xiaomi","POCO M7 Pro+","POCO Series","8 GB","512 GB",75500,77765,"https://www.cashify.in/sell-old-mobile-phone/used-xiaomi-poco-m7-pro-8-gb-512-gb"
"Xiaomi","POCO M7 Pro+","POCO Series","8 GB","1024 GB",80500,82915,"https://www.cashify.in/sell-old-mobile-phone/used-xiaomi-poco-m7-pro-8-gb-1024-gb"
"Xiaomi","POCO M7 Pro+","POCO Series","12 GB","128 GB",66900,68907,"https://www.cashify.in/sell-old-mobile-phone/used-xiaomi-poco-m7-pro-12-gb-128-gb"
"Xiaomi","POCO M7 Pro+","POCO Series","12 GB","256 GB",72900,75087,"https://www.cashify.in/sell-old-mobile-phone/used-xiaomi-poco-m7-pro-12-gb-256-gb"
"Xiaomi","POCO M7 Pro+","POCO Series","12 GB","512 GB",77900,80237,"https://www.cashify.in/sell-old-mobile-phone/used-xiaomi-poco-m7-pro-12-gb-512-gb"
"Xiaomi","POCO M7 Pro+","POCO Series","12 GB","1024 GB",82900,85387,"https://www.cashify.in/sell-old-mobile-phone/used-xiaomi-poco-m7-pro-12-gb-1024-gb"
"Xiaomi","POCO M7 Pro+","POCO Series","16 GB","128 GB",69300,71379,"https://www.cashify.in/sell-old-mobile-phone/used-xiaomi-poco-m7-pro-16-gb-128-gb"
"Xiaomi","POCO M7 Pro+","POCO Series","16 GB","256 GB",75300,77559,"https://www.cashify.in/sell-old-mobile-phone/used-xiaomi-poco-m7-pro-16-gb-256-gb"
"Xiaomi","POCO M7 Pro+","POCO Series","16 GB","512 GB",80300,82709,"https://www.cashify.in/sell-old-mobile-phone/used-xiaomi-poco-m7-pro-16-gb-512-gb"
"Xiaomi","POCO M7 Pro+","POCO Series","16 GB","1024 GB",85300,87859,"https://www.cashify.in/sell-old-mobile-phone/used-xiaomi-poco-m7-pro-16-gb-1024-gb"
"Xiaomi","POCO M8","POCO Series","2 GB","32 GB",11500,11845,"https://www.cashify.in/sell-old-mobile-phone/used-xiaomi-poco-m8-2-gb-32-gb"
"Xiaomi","POCO M8","POCO Series","2 GB","64 GB",11500,11845,"https://www.cashify.in/sell-old-mobile-phone/used-xiaomi-poco-m8-2-gb-64-gb"
"Xiaomi","POCO M8","POCO Series","2 GB","128 GB",5500,5665,"https://www.cashify.in/sell-old-mobile-phone/used-xiaomi-poco-m8-2-gb-128-gb"
"Xiaomi","POCO M8","POCO Series","2 GB","256 GB",11500,11845,"https://www.cashify.in/sell-old-mobile-phone/used-xiaomi-poco-m8-2-gb-256-gb"
"Xiaomi","POCO M8","POCO Series","4 GB","32 GB",12700,13081,"https://www.cashify.in/sell-old-mobile-phone/used-xiaomi-poco-m8-4-gb-32-gb"
"Xiaomi","POCO M8","POCO Series","4 GB","64 GB",12700,13081,"https://www.cashify.in/sell-old-mobile-phone/used-xiaomi-poco-m8-4-gb-64-gb"
"Xiaomi","POCO M8","POCO Series","4 GB","128 GB",6700,6901,"https://www.cashify.in/sell-old-mobile-phone/used-xiaomi-poco-m8-4-gb-128-gb"
"Xiaomi","POCO M8","POCO Series","4 GB","256 GB",12700,13081,"https://www.cashify.in/sell-old-mobile-phone/used-xiaomi-poco-m8-4-gb-256-gb"
"Xiaomi","POCO M8","POCO Series","6 GB","32 GB",13900,14317,"https://www.cashify.in/sell-old-mobile-phone/used-xiaomi-poco-m8-6-gb-32-gb"
"Xiaomi","POCO M8","POCO Series","6 GB","64 GB",13900,14317,"https://www.cashify.in/sell-old-mobile-phone/used-xiaomi-poco-m8-6-gb-64-gb"
"Xiaomi","POCO M8","POCO Series","6 GB","128 GB",7900,8137,"https://www.cashify.in/sell-old-mobile-phone/used-xiaomi-poco-m8-6-gb-128-gb"
"Xiaomi","POCO M8","POCO Series","6 GB","256 GB",13900,14317,"https://www.cashify.in/sell-old-mobile-phone/used-xiaomi-poco-m8-6-gb-256-gb"
"Xiaomi","POCO M8","POCO Series","8 GB","32 GB",15100,15553,"https://www.cashify.in/sell-old-mobile-phone/used-xiaomi-poco-m8-8-gb-32-gb"
"Xiaomi","POCO M8","POCO Series","8 GB","64 GB",15100,15553,"https://www.cashify.in/sell-old-mobile-phone/used-xiaomi-poco-m8-8-gb-64-gb"
"Xiaomi","POCO M8","POCO Series","8 GB","128 GB",9100,9373,"https://www.cashify.in/sell-old-mobile-phone/used-xiaomi-poco-m8-8-gb-128-gb"
"Xiaomi","POCO M8","POCO Series","8 GB","256 GB",15100,15553,"https://www.cashify.in/sell-old-mobile-phone/used-xiaomi-poco-m8-8-gb-256-gb"
"Xiaomi","POCO M8 Pro","POCO Series","8 GB","128 GB",64500,66435,"https://www.cashify.in/sell-old-mobile-phone/used-xiaomi-poco-m8-pro-8-gb-128-gb"
"Xiaomi","POCO M8 Pro","POCO Series","8 GB","256 GB",70500,72615,"https://www.cashify.in/sell-old-mobile-phone/used-xiaomi-poco-m8-pro-8-gb-256-gb"
"Xiaomi","POCO M8 Pro","POCO Series","8 GB","512 GB",75500,77765,"https://www.cashify.in/sell-old-mobile-phone/used-xiaomi-poco-m8-pro-8-gb-512-gb"
"Xiaomi","POCO M8 Pro","POCO Series","8 GB","1024 GB",80500,82915,"https://www.cashify.in/sell-old-mobile-phone/used-xiaomi-poco-m8-pro-8-gb-1024-gb"
"Xiaomi","POCO M8 Pro","POCO Series","12 GB","128 GB",66900,68907,"https://www.cashify.in/sell-old-mobile-phone/used-xiaomi-poco-m8-pro-12-gb-128-gb"
"Xiaomi","POCO M8 Pro","POCO Series","12 GB","256 GB",72900,75087,"https://www.cashify.in/sell-old-mobile-phone/used-xiaomi-poco-m8-pro-12-gb-256-gb"
"Xiaomi","POCO M8 Pro","POCO Series","12 GB","512 GB",77900,80237,"https://www.cashify.in/sell-old-mobile-phone/used-xiaomi-poco-m8-pro-12-gb-512-gb"
"Xiaomi","POCO M8 Pro","POCO Series","12 GB","1024 GB",82900,85387,"https://www.cashify.in/sell-old-mobile-phone/used-xiaomi-poco-m8-pro-12-gb-1024-gb"
"Xiaomi","POCO M8 Pro","POCO Series","16 GB","128 GB",69300,71379,"https://www.cashify.in/sell-old-mobile-phone/used-xiaomi-poco-m8-pro-16-gb-128-gb"
"Xiaomi","POCO M8 Pro","POCO Series","16 GB","256 GB",75300,77559,"https://www.cashify.in/sell-old-mobile-phone/used-xiaomi-poco-m8-pro-16-gb-256-gb"
"Xiaomi","POCO M8 Pro","POCO Series","16 GB","512 GB",80300,82709,"https://www.cashify.in/sell-old-mobile-phone/used-xiaomi-poco-m8-pro-16-gb-512-gb"
"Xiaomi","POCO M8 Pro","POCO Series","16 GB","1024 GB",85300,87859,"https://www.cashify.in/sell-old-mobile-phone/used-xiaomi-poco-m8-pro-16-gb-1024-gb"
"Xiaomi","POCO M8 Pro+","POCO Series","8 GB","128 GB",64500,66435,"https://www.cashify.in/sell-old-mobile-phone/used-xiaomi-poco-m8-pro-8-gb-128-gb"
"Xiaomi","POCO M8 Pro+","POCO Series","8 GB","256 GB",70500,72615,"https://www.cashify.in/sell-old-mobile-phone/used-xiaomi-poco-m8-pro-8-gb-256-gb"
"Xiaomi","POCO M8 Pro+","POCO Series","8 GB","512 GB",75500,77765,"https://www.cashify.in/sell-old-mobile-phone/used-xiaomi-poco-m8-pro-8-gb-512-gb"
"Xiaomi","POCO M8 Pro+","POCO Series","8 GB","1024 GB",80500,82915,"https://www.cashify.in/sell-old-mobile-phone/used-xiaomi-poco-m8-pro-8-gb-1024-gb"
"Xiaomi","POCO M8 Pro+","POCO Series","12 GB","128 GB",66900,68907,"https://www.cashify.in/sell-old-mobile-phone/used-xiaomi-poco-m8-pro-12-gb-128-gb"
"Xiaomi","POCO M8 Pro+","POCO Series","12 GB","256 GB",72900,75087,"https://www.cashify.in/sell-old-mobile-phone/used-xiaomi-poco-m8-pro-12-gb-256-gb"
"Xiaomi","POCO M8 Pro+","POCO Series","12 GB","512 GB",77900,80237,"https://www.cashify.in/sell-old-mobile-phone/used-xiaomi-poco-m8-pro-12-gb-512-gb"
"Xiaomi","POCO M8 Pro+","POCO Series","12 GB","1024 GB",82900,85387,"https://www.cashify.in/sell-old-mobile-phone/used-xiaomi-poco-m8-pro-12-gb-1024-gb"
"Xiaomi","POCO M8 Pro+","POCO Series","16 GB","128 GB",69300,71379,"https://www.cashify.in/sell-old-mobile-phone/used-xiaomi-poco-m8-pro-16-gb-128-gb"
"Xiaomi","POCO M8 Pro+","POCO Series","16 GB","256 GB",75300,77559,"https://www.cashify.in/sell-old-mobile-phone/used-xiaomi-poco-m8-pro-16-gb-256-gb"
"Xiaomi","POCO M8 Pro+","POCO Series","16 GB","512 GB",80300,82709,"https://www.cashify.in/sell-old-mobile-phone/used-xiaomi-poco-m8-pro-16-gb-512-gb"
"Xiaomi","POCO M8 Pro+","POCO Series","16 GB","1024 GB",85300,87859,"https://www.cashify.in/sell-old-mobile-phone/used-xiaomi-poco-m8-pro-16-gb-1024-gb"
"Xiaomi","POCO X4","POCO Series","6 GB","128 GB",14500,14935,"https://www.cashify.in/sell-old-mobile-phone/used-xiaomi-poco-x4-6-gb-128-gb"
"Xiaomi","POCO X4","POCO Series","6 GB","256 GB",20500,21115,"https://www.cashify.in/sell-old-mobile-phone/used-xiaomi-poco-x4-6-gb-256-gb"
"Xiaomi","POCO X4","POCO Series","6 GB","512 GB",26000,26780,"https://www.cashify.in/sell-old-mobile-phone/used-xiaomi-poco-x4-6-gb-512-gb"
"Xiaomi","POCO X4","POCO Series","8 GB","128 GB",15700,16171,"https://www.cashify.in/sell-old-mobile-phone/used-xiaomi-poco-x4-8-gb-128-gb"
"Xiaomi","POCO X4","POCO Series","8 GB","256 GB",21700,22351,"https://www.cashify.in/sell-old-mobile-phone/used-xiaomi-poco-x4-8-gb-256-gb"
"Xiaomi","POCO X4","POCO Series","8 GB","512 GB",27200,28016,"https://www.cashify.in/sell-old-mobile-phone/used-xiaomi-poco-x4-8-gb-512-gb"
"Xiaomi","POCO X4","POCO Series","12 GB","128 GB",18100,18643,"https://www.cashify.in/sell-old-mobile-phone/used-xiaomi-poco-x4-12-gb-128-gb"
"Xiaomi","POCO X4","POCO Series","12 GB","256 GB",24100,24823,"https://www.cashify.in/sell-old-mobile-phone/used-xiaomi-poco-x4-12-gb-256-gb"
"Xiaomi","POCO X4","POCO Series","12 GB","512 GB",29600,30488,"https://www.cashify.in/sell-old-mobile-phone/used-xiaomi-poco-x4-12-gb-512-gb"
"Xiaomi","POCO X4 Pro","POCO Series","8 GB","128 GB",64500,66435,"https://www.cashify.in/sell-old-mobile-phone/used-xiaomi-poco-x4-pro-8-gb-128-gb"
"Xiaomi","POCO X4 Pro","POCO Series","8 GB","256 GB",70500,72615,"https://www.cashify.in/sell-old-mobile-phone/used-xiaomi-poco-x4-pro-8-gb-256-gb"
"Xiaomi","POCO X4 Pro","POCO Series","8 GB","512 GB",75500,77765,"https://www.cashify.in/sell-old-mobile-phone/used-xiaomi-poco-x4-pro-8-gb-512-gb"
"Xiaomi","POCO X4 Pro","POCO Series","8 GB","1024 GB",80500,82915,"https://www.cashify.in/sell-old-mobile-phone/used-xiaomi-poco-x4-pro-8-gb-1024-gb"
"Xiaomi","POCO X4 Pro","POCO Series","12 GB","128 GB",66900,68907,"https://www.cashify.in/sell-old-mobile-phone/used-xiaomi-poco-x4-pro-12-gb-128-gb"
"Xiaomi","POCO X4 Pro","POCO Series","12 GB","256 GB",72900,75087,"https://www.cashify.in/sell-old-mobile-phone/used-xiaomi-poco-x4-pro-12-gb-256-gb"
"Xiaomi","POCO X4 Pro","POCO Series","12 GB","512 GB",77900,80237,"https://www.cashify.in/sell-old-mobile-phone/used-xiaomi-poco-x4-pro-12-gb-512-gb"
"Xiaomi","POCO X4 Pro","POCO Series","12 GB","1024 GB",82900,85387,"https://www.cashify.in/sell-old-mobile-phone/used-xiaomi-poco-x4-pro-12-gb-1024-gb"
"Xiaomi","POCO X4 Pro","POCO Series","16 GB","128 GB",69300,71379,"https://www.cashify.in/sell-old-mobile-phone/used-xiaomi-poco-x4-pro-16-gb-128-gb"
"Xiaomi","POCO X4 Pro","POCO Series","16 GB","256 GB",75300,77559,"https://www.cashify.in/sell-old-mobile-phone/used-xiaomi-poco-x4-pro-16-gb-256-gb"
"Xiaomi","POCO X4 Pro","POCO Series","16 GB","512 GB",80300,82709,"https://www.cashify.in/sell-old-mobile-phone/used-xiaomi-poco-x4-pro-16-gb-512-gb"
"Xiaomi","POCO X4 Pro","POCO Series","16 GB","1024 GB",85300,87859,"https://www.cashify.in/sell-old-mobile-phone/used-xiaomi-poco-x4-pro-16-gb-1024-gb"
"Xiaomi","POCO X5","POCO Series","6 GB","128 GB",14500,14935,"https://www.cashify.in/sell-old-mobile-phone/used-xiaomi-poco-x5-6-gb-128-gb"
"Xiaomi","POCO X5","POCO Series","6 GB","256 GB",20500,21115,"https://www.cashify.in/sell-old-mobile-phone/used-xiaomi-poco-x5-6-gb-256-gb"
"Xiaomi","POCO X5","POCO Series","6 GB","512 GB",26000,26780,"https://www.cashify.in/sell-old-mobile-phone/used-xiaomi-poco-x5-6-gb-512-gb"
"Xiaomi","POCO X5","POCO Series","8 GB","128 GB",15700,16171,"https://www.cashify.in/sell-old-mobile-phone/used-xiaomi-poco-x5-8-gb-128-gb"
"Xiaomi","POCO X5","POCO Series","8 GB","256 GB",21700,22351,"https://www.cashify.in/sell-old-mobile-phone/used-xiaomi-poco-x5-8-gb-256-gb"
"Xiaomi","POCO X5","POCO Series","8 GB","512 GB",27200,28016,"https://www.cashify.in/sell-old-mobile-phone/used-xiaomi-poco-x5-8-gb-512-gb"
"Xiaomi","POCO X5","POCO Series","12 GB","128 GB",18100,18643,"https://www.cashify.in/sell-old-mobile-phone/used-xiaomi-poco-x5-12-gb-128-gb"
"Xiaomi","POCO X5","POCO Series","12 GB","256 GB",24100,24823,"https://www.cashify.in/sell-old-mobile-phone/used-xiaomi-poco-x5-12-gb-256-gb"
"Xiaomi","POCO X5","POCO Series","12 GB","512 GB",29600,30488,"https://www.cashify.in/sell-old-mobile-phone/used-xiaomi-poco-x5-12-gb-512-gb"
"Xiaomi","POCO X5 Pro","POCO Series","8 GB","128 GB",64500,66435,"https://www.cashify.in/sell-old-mobile-phone/used-xiaomi-poco-x5-pro-8-gb-128-gb"
"Xiaomi","POCO X5 Pro","POCO Series","8 GB","256 GB",70500,72615,"https://www.cashify.in/sell-old-mobile-phone/used-xiaomi-poco-x5-pro-8-gb-256-gb"
"Xiaomi","POCO X5 Pro","POCO Series","8 GB","512 GB",75500,77765,"https://www.cashify.in/sell-old-mobile-phone/used-xiaomi-poco-x5-pro-8-gb-512-gb"
"Xiaomi","POCO X5 Pro","POCO Series","8 GB","1024 GB",80500,82915,"https://www.cashify.in/sell-old-mobile-phone/used-xiaomi-poco-x5-pro-8-gb-1024-gb"
"Xiaomi","POCO X5 Pro","POCO Series","12 GB","128 GB",66900,68907,"https://www.cashify.in/sell-old-mobile-phone/used-xiaomi-poco-x5-pro-12-gb-128-gb"
"Xiaomi","POCO X5 Pro","POCO Series","12 GB","256 GB",72900,75087,"https://www.cashify.in/sell-old-mobile-phone/used-xiaomi-poco-x5-pro-12-gb-256-gb"
"Xiaomi","POCO X5 Pro","POCO Series","12 GB","512 GB",77900,80237,"https://www.cashify.in/sell-old-mobile-phone/used-xiaomi-poco-x5-pro-12-gb-512-gb"
"Xiaomi","POCO X5 Pro","POCO Series","12 GB","1024 GB",82900,85387,"https://www.cashify.in/sell-old-mobile-phone/used-xiaomi-poco-x5-pro-12-gb-1024-gb"
"Xiaomi","POCO X5 Pro","POCO Series","16 GB","128 GB",69300,71379,"https://www.cashify.in/sell-old-mobile-phone/used-xiaomi-poco-x5-pro-16-gb-128-gb"
"Xiaomi","POCO X5 Pro","POCO Series","16 GB","256 GB",75300,77559,"https://www.cashify.in/sell-old-mobile-phone/used-xiaomi-poco-x5-pro-16-gb-256-gb"
"Xiaomi","POCO X5 Pro","POCO Series","16 GB","512 GB",80300,82709,"https://www.cashify.in/sell-old-mobile-phone/used-xiaomi-poco-x5-pro-16-gb-512-gb"
"Xiaomi","POCO X5 Pro","POCO Series","16 GB","1024 GB",85300,87859,"https://www.cashify.in/sell-old-mobile-phone/used-xiaomi-poco-x5-pro-16-gb-1024-gb"
"Xiaomi","POCO X6","POCO Series","6 GB","128 GB",14500,14935,"https://www.cashify.in/sell-old-mobile-phone/used-xiaomi-poco-x6-6-gb-128-gb"
"Xiaomi","POCO X6","POCO Series","6 GB","256 GB",20500,21115,"https://www.cashify.in/sell-old-mobile-phone/used-xiaomi-poco-x6-6-gb-256-gb"
"Xiaomi","POCO X6","POCO Series","6 GB","512 GB",26000,26780,"https://www.cashify.in/sell-old-mobile-phone/used-xiaomi-poco-x6-6-gb-512-gb"
"Xiaomi","POCO X6","POCO Series","8 GB","128 GB",15700,16171,"https://www.cashify.in/sell-old-mobile-phone/used-xiaomi-poco-x6-8-gb-128-gb"
"Xiaomi","POCO X6","POCO Series","8 GB","256 GB",21700,22351,"https://www.cashify.in/sell-old-mobile-phone/used-xiaomi-poco-x6-8-gb-256-gb"
"Xiaomi","POCO X6","POCO Series","8 GB","512 GB",27200,28016,"https://www.cashify.in/sell-old-mobile-phone/used-xiaomi-poco-x6-8-gb-512-gb"
"Xiaomi","POCO X6","POCO Series","12 GB","128 GB",18100,18643,"https://www.cashify.in/sell-old-mobile-phone/used-xiaomi-poco-x6-12-gb-128-gb"
"Xiaomi","POCO X6","POCO Series","12 GB","256 GB",24100,24823,"https://www.cashify.in/sell-old-mobile-phone/used-xiaomi-poco-x6-12-gb-256-gb"
"Xiaomi","POCO X6","POCO Series","12 GB","512 GB",29600,30488,"https://www.cashify.in/sell-old-mobile-phone/used-xiaomi-poco-x6-12-gb-512-gb"
"Xiaomi","POCO X6 Pro","POCO Series","8 GB","128 GB",64500,66435,"https://www.cashify.in/sell-old-mobile-phone/used-xiaomi-poco-x6-pro-8-gb-128-gb"
"Xiaomi","POCO X6 Pro","POCO Series","8 GB","256 GB",70500,72615,"https://www.cashify.in/sell-old-mobile-phone/used-xiaomi-poco-x6-pro-8-gb-256-gb"
"Xiaomi","POCO X6 Pro","POCO Series","8 GB","512 GB",75500,77765,"https://www.cashify.in/sell-old-mobile-phone/used-xiaomi-poco-x6-pro-8-gb-512-gb"
"Xiaomi","POCO X6 Pro","POCO Series","8 GB","1024 GB",80500,82915,"https://www.cashify.in/sell-old-mobile-phone/used-xiaomi-poco-x6-pro-8-gb-1024-gb"
"Xiaomi","POCO X6 Pro","POCO Series","12 GB","128 GB",66900,68907,"https://www.cashify.in/sell-old-mobile-phone/used-xiaomi-poco-x6-pro-12-gb-128-gb"
"Xiaomi","POCO X6 Pro","POCO Series","12 GB","256 GB",72900,75087,"https://www.cashify.in/sell-old-mobile-phone/used-xiaomi-poco-x6-pro-12-gb-256-gb"
"Xiaomi","POCO X6 Pro","POCO Series","12 GB","512 GB",77900,80237,"https://www.cashify.in/sell-old-mobile-phone/used-xiaomi-poco-x6-pro-12-gb-512-gb"
"Xiaomi","POCO X6 Pro","POCO Series","12 GB","1024 GB",82900,85387,"https://www.cashify.in/sell-old-mobile-phone/used-xiaomi-poco-x6-pro-12-gb-1024-gb"
"Xiaomi","POCO X6 Pro","POCO Series","16 GB","128 GB",69300,71379,"https://www.cashify.in/sell-old-mobile-phone/used-xiaomi-poco-x6-pro-16-gb-128-gb"
"Xiaomi","POCO X6 Pro","POCO Series","16 GB","256 GB",75300,77559,"https://www.cashify.in/sell-old-mobile-phone/used-xiaomi-poco-x6-pro-16-gb-256-gb"
"Xiaomi","POCO X6 Pro","POCO Series","16 GB","512 GB",80300,82709,"https://www.cashify.in/sell-old-mobile-phone/used-xiaomi-poco-x6-pro-16-gb-512-gb"
"Xiaomi","POCO X6 Pro","POCO Series","16 GB","1024 GB",85300,87859,"https://www.cashify.in/sell-old-mobile-phone/used-xiaomi-poco-x6-pro-16-gb-1024-gb"
"Xiaomi","POCO X7","POCO Series","6 GB","128 GB",14500,14935,"https://www.cashify.in/sell-old-mobile-phone/used-xiaomi-poco-x7-6-gb-128-gb"
"Xiaomi","POCO X7","POCO Series","6 GB","256 GB",20500,21115,"https://www.cashify.in/sell-old-mobile-phone/used-xiaomi-poco-x7-6-gb-256-gb"
"Xiaomi","POCO X7","POCO Series","6 GB","512 GB",26000,26780,"https://www.cashify.in/sell-old-mobile-phone/used-xiaomi-poco-x7-6-gb-512-gb"
"Xiaomi","POCO X7","POCO Series","8 GB","128 GB",15700,16171,"https://www.cashify.in/sell-old-mobile-phone/used-xiaomi-poco-x7-8-gb-128-gb"
"Xiaomi","POCO X7","POCO Series","8 GB","256 GB",21700,22351,"https://www.cashify.in/sell-old-mobile-phone/used-xiaomi-poco-x7-8-gb-256-gb"
"Xiaomi","POCO X7","POCO Series","8 GB","512 GB",27200,28016,"https://www.cashify.in/sell-old-mobile-phone/used-xiaomi-poco-x7-8-gb-512-gb"
"Xiaomi","POCO X7","POCO Series","12 GB","128 GB",18100,18643,"https://www.cashify.in/sell-old-mobile-phone/used-xiaomi-poco-x7-12-gb-128-gb"
"Xiaomi","POCO X7","POCO Series","12 GB","256 GB",24100,24823,"https://www.cashify.in/sell-old-mobile-phone/used-xiaomi-poco-x7-12-gb-256-gb"
"Xiaomi","POCO X7","POCO Series","12 GB","512 GB",29600,30488,"https://www.cashify.in/sell-old-mobile-phone/used-xiaomi-poco-x7-12-gb-512-gb"
"Xiaomi","POCO X7 Pro","POCO Series","8 GB","128 GB",64500,66435,"https://www.cashify.in/sell-old-mobile-phone/used-xiaomi-poco-x7-pro-8-gb-128-gb"
"Xiaomi","POCO X7 Pro","POCO Series","8 GB","256 GB",70500,72615,"https://www.cashify.in/sell-old-mobile-phone/used-xiaomi-poco-x7-pro-8-gb-256-gb"
"Xiaomi","POCO X7 Pro","POCO Series","8 GB","512 GB",75500,77765,"https://www.cashify.in/sell-old-mobile-phone/used-xiaomi-poco-x7-pro-8-gb-512-gb"
"Xiaomi","POCO X7 Pro","POCO Series","8 GB","1024 GB",80500,82915,"https://www.cashify.in/sell-old-mobile-phone/used-xiaomi-poco-x7-pro-8-gb-1024-gb"
"Xiaomi","POCO X7 Pro","POCO Series","12 GB","128 GB",66900,68907,"https://www.cashify.in/sell-old-mobile-phone/used-xiaomi-poco-x7-pro-12-gb-128-gb"
"Xiaomi","POCO X7 Pro","POCO Series","12 GB","256 GB",72900,75087,"https://www.cashify.in/sell-old-mobile-phone/used-xiaomi-poco-x7-pro-12-gb-256-gb"
"Xiaomi","POCO X7 Pro","POCO Series","12 GB","512 GB",77900,80237,"https://www.cashify.in/sell-old-mobile-phone/used-xiaomi-poco-x7-pro-12-gb-512-gb"
"Xiaomi","POCO X7 Pro","POCO Series","12 GB","1024 GB",82900,85387,"https://www.cashify.in/sell-old-mobile-phone/used-xiaomi-poco-x7-pro-12-gb-1024-gb"
"Xiaomi","POCO X7 Pro","POCO Series","16 GB","128 GB",69300,71379,"https://www.cashify.in/sell-old-mobile-phone/used-xiaomi-poco-x7-pro-16-gb-128-gb"
"Xiaomi","POCO X7 Pro","POCO Series","16 GB","256 GB",75300,77559,"https://www.cashify.in/sell-old-mobile-phone/used-xiaomi-poco-x7-pro-16-gb-256-gb"
"Xiaomi","POCO X7 Pro","POCO Series","16 GB","512 GB",80300,82709,"https://www.cashify.in/sell-old-mobile-phone/used-xiaomi-poco-x7-pro-16-gb-512-gb"
"Xiaomi","POCO X7 Pro","POCO Series","16 GB","1024 GB",85300,87859,"https://www.cashify.in/sell-old-mobile-phone/used-xiaomi-poco-x7-pro-16-gb-1024-gb"
"Xiaomi","POCO X8 Pro","POCO Series","8 GB","128 GB",64500,66435,"https://www.cashify.in/sell-old-mobile-phone/used-xiaomi-poco-x8-pro-8-gb-128-gb"
"Xiaomi","POCO X8 Pro","POCO Series","8 GB","256 GB",70500,72615,"https://www.cashify.in/sell-old-mobile-phone/used-xiaomi-poco-x8-pro-8-gb-256-gb"
"Xiaomi","POCO X8 Pro","POCO Series","8 GB","512 GB",75500,77765,"https://www.cashify.in/sell-old-mobile-phone/used-xiaomi-poco-x8-pro-8-gb-512-gb"
"Xiaomi","POCO X8 Pro","POCO Series","8 GB","1024 GB",80500,82915,"https://www.cashify.in/sell-old-mobile-phone/used-xiaomi-poco-x8-pro-8-gb-1024-gb"
"Xiaomi","POCO X8 Pro","POCO Series","12 GB","128 GB",66900,68907,"https://www.cashify.in/sell-old-mobile-phone/used-xiaomi-poco-x8-pro-12-gb-128-gb"
"Xiaomi","POCO X8 Pro","POCO Series","12 GB","256 GB",72900,75087,"https://www.cashify.in/sell-old-mobile-phone/used-xiaomi-poco-x8-pro-12-gb-256-gb"
"Xiaomi","POCO X8 Pro","POCO Series","12 GB","512 GB",77900,80237,"https://www.cashify.in/sell-old-mobile-phone/used-xiaomi-poco-x8-pro-12-gb-512-gb"
"Xiaomi","POCO X8 Pro","POCO Series","12 GB","1024 GB",82900,85387,"https://www.cashify.in/sell-old-mobile-phone/used-xiaomi-poco-x8-pro-12-gb-1024-gb"
"Xiaomi","POCO X8 Pro","POCO Series","16 GB","128 GB",69300,71379,"https://www.cashify.in/sell-old-mobile-phone/used-xiaomi-poco-x8-pro-16-gb-128-gb"
"Xiaomi","POCO X8 Pro","POCO Series","16 GB","256 GB",75300,77559,"https://www.cashify.in/sell-old-mobile-phone/used-xiaomi-poco-x8-pro-16-gb-256-gb"
"Xiaomi","POCO X8 Pro","POCO Series","16 GB","512 GB",80300,82709,"https://www.cashify.in/sell-old-mobile-phone/used-xiaomi-poco-x8-pro-16-gb-512-gb"
"Xiaomi","POCO X8 Pro","POCO Series","16 GB","1024 GB",85300,87859,"https://www.cashify.in/sell-old-mobile-phone/used-xiaomi-poco-x8-pro-16-gb-1024-gb"
"Xiaomi","POCO X8 Pro Ultra","POCO Series","8 GB","256 GB",74500,76735,"https://www.cashify.in/sell-old-mobile-phone/used-xiaomi-poco-x8-pro-ultra-8-gb-256-gb"
"Xiaomi","POCO X8 Pro Ultra","POCO Series","8 GB","512 GB",79500,81885,"https://www.cashify.in/sell-old-mobile-phone/used-xiaomi-poco-x8-pro-ultra-8-gb-512-gb"
"Xiaomi","POCO X8 Pro Ultra","POCO Series","8 GB","1024 GB",84500,87035,"https://www.cashify.in/sell-old-mobile-phone/used-xiaomi-poco-x8-pro-ultra-8-gb-1024-gb"
"Xiaomi","POCO X8 Pro Ultra","POCO Series","12 GB","256 GB",76900,79207,"https://www.cashify.in/sell-old-mobile-phone/used-xiaomi-poco-x8-pro-ultra-12-gb-256-gb"
"Xiaomi","POCO X8 Pro Ultra","POCO Series","12 GB","512 GB",81900,84357,"https://www.cashify.in/sell-old-mobile-phone/used-xiaomi-poco-x8-pro-ultra-12-gb-512-gb"
"Xiaomi","POCO X8 Pro Ultra","POCO Series","12 GB","1024 GB",86900,89507,"https://www.cashify.in/sell-old-mobile-phone/used-xiaomi-poco-x8-pro-ultra-12-gb-1024-gb"
"Xiaomi","POCO X8 Pro Ultra","POCO Series","16 GB","256 GB",79300,81679,"https://www.cashify.in/sell-old-mobile-phone/used-xiaomi-poco-x8-pro-ultra-16-gb-256-gb"
"Xiaomi","POCO X8 Pro Ultra","POCO Series","16 GB","512 GB",84300,86829,"https://www.cashify.in/sell-old-mobile-phone/used-xiaomi-poco-x8-pro-ultra-16-gb-512-gb"
"Xiaomi","POCO X8 Pro Ultra","POCO Series","16 GB","1024 GB",89300,91979,"https://www.cashify.in/sell-old-mobile-phone/used-xiaomi-poco-x8-pro-ultra-16-gb-1024-gb"
"Xiaomi","POCO F7","POCO Series","2 GB","32 GB",11500,11845,"https://www.cashify.in/sell-old-mobile-phone/used-xiaomi-poco-f7-2-gb-32-gb"
"Xiaomi","POCO F7","POCO Series","2 GB","64 GB",11500,11845,"https://www.cashify.in/sell-old-mobile-phone/used-xiaomi-poco-f7-2-gb-64-gb"
"Xiaomi","POCO F7","POCO Series","2 GB","128 GB",5500,5665,"https://www.cashify.in/sell-old-mobile-phone/used-xiaomi-poco-f7-2-gb-128-gb"
"Xiaomi","POCO F7","POCO Series","2 GB","256 GB",11500,11845,"https://www.cashify.in/sell-old-mobile-phone/used-xiaomi-poco-f7-2-gb-256-gb"
"Xiaomi","POCO F7","POCO Series","4 GB","32 GB",12700,13081,"https://www.cashify.in/sell-old-mobile-phone/used-xiaomi-poco-f7-4-gb-32-gb"
"Xiaomi","POCO F7","POCO Series","4 GB","64 GB",12700,13081,"https://www.cashify.in/sell-old-mobile-phone/used-xiaomi-poco-f7-4-gb-64-gb"
"Xiaomi","POCO F7","POCO Series","4 GB","128 GB",6700,6901,"https://www.cashify.in/sell-old-mobile-phone/used-xiaomi-poco-f7-4-gb-128-gb"
"Xiaomi","POCO F7","POCO Series","4 GB","256 GB",12700,13081,"https://www.cashify.in/sell-old-mobile-phone/used-xiaomi-poco-f7-4-gb-256-gb"
"Xiaomi","POCO F7","POCO Series","6 GB","32 GB",13900,14317,"https://www.cashify.in/sell-old-mobile-phone/used-xiaomi-poco-f7-6-gb-32-gb"
"Xiaomi","POCO F7","POCO Series","6 GB","64 GB",13900,14317,"https://www.cashify.in/sell-old-mobile-phone/used-xiaomi-poco-f7-6-gb-64-gb"
"Xiaomi","POCO F7","POCO Series","6 GB","128 GB",7900,8137,"https://www.cashify.in/sell-old-mobile-phone/used-xiaomi-poco-f7-6-gb-128-gb"
"Xiaomi","POCO F7","POCO Series","6 GB","256 GB",13900,14317,"https://www.cashify.in/sell-old-mobile-phone/used-xiaomi-poco-f7-6-gb-256-gb"
"Xiaomi","POCO F7","POCO Series","8 GB","32 GB",15100,15553,"https://www.cashify.in/sell-old-mobile-phone/used-xiaomi-poco-f7-8-gb-32-gb"
"Xiaomi","POCO F7","POCO Series","8 GB","64 GB",15100,15553,"https://www.cashify.in/sell-old-mobile-phone/used-xiaomi-poco-f7-8-gb-64-gb"
"Xiaomi","POCO F7","POCO Series","8 GB","128 GB",9100,9373,"https://www.cashify.in/sell-old-mobile-phone/used-xiaomi-poco-f7-8-gb-128-gb"
"Xiaomi","POCO F7","POCO Series","8 GB","256 GB",15100,15553,"https://www.cashify.in/sell-old-mobile-phone/used-xiaomi-poco-f7-8-gb-256-gb"
"Motorola","Motorola G06","G Series","2 GB","32 GB",11500,11845,"https://www.cashify.in/sell-old-mobile-phone/used-motorola-g06-2-gb-32-gb"
"Motorola","Motorola G06","G Series","2 GB","64 GB",11500,11845,"https://www.cashify.in/sell-old-mobile-phone/used-motorola-g06-2-gb-64-gb"
"Motorola","Motorola G06","G Series","2 GB","128 GB",5500,5665,"https://www.cashify.in/sell-old-mobile-phone/used-motorola-g06-2-gb-128-gb"
"Motorola","Motorola G06","G Series","2 GB","256 GB",11500,11845,"https://www.cashify.in/sell-old-mobile-phone/used-motorola-g06-2-gb-256-gb"
"Motorola","Motorola G06","G Series","4 GB","32 GB",12700,13081,"https://www.cashify.in/sell-old-mobile-phone/used-motorola-g06-4-gb-32-gb"
"Motorola","Motorola G06","G Series","4 GB","64 GB",12700,13081,"https://www.cashify.in/sell-old-mobile-phone/used-motorola-g06-4-gb-64-gb"
"Motorola","Motorola G06","G Series","4 GB","128 GB",6700,6901,"https://www.cashify.in/sell-old-mobile-phone/used-motorola-g06-4-gb-128-gb"
"Motorola","Motorola G06","G Series","4 GB","256 GB",12700,13081,"https://www.cashify.in/sell-old-mobile-phone/used-motorola-g06-4-gb-256-gb"
"Motorola","Motorola G06","G Series","6 GB","32 GB",13900,14317,"https://www.cashify.in/sell-old-mobile-phone/used-motorola-g06-6-gb-32-gb"
"Motorola","Motorola G06","G Series","6 GB","64 GB",13900,14317,"https://www.cashify.in/sell-old-mobile-phone/used-motorola-g06-6-gb-64-gb"
"Motorola","Motorola G06","G Series","6 GB","128 GB",7900,8137,"https://www.cashify.in/sell-old-mobile-phone/used-motorola-g06-6-gb-128-gb"
"Motorola","Motorola G06","G Series","6 GB","256 GB",13900,14317,"https://www.cashify.in/sell-old-mobile-phone/used-motorola-g06-6-gb-256-gb"
"Motorola","Motorola G06","G Series","8 GB","32 GB",15100,15553,"https://www.cashify.in/sell-old-mobile-phone/used-motorola-g06-8-gb-32-gb"
"Motorola","Motorola G06","G Series","8 GB","64 GB",15100,15553,"https://www.cashify.in/sell-old-mobile-phone/used-motorola-g06-8-gb-64-gb"
"Motorola","Motorola G06","G Series","8 GB","128 GB",9100,9373,"https://www.cashify.in/sell-old-mobile-phone/used-motorola-g06-8-gb-128-gb"
"Motorola","Motorola G06","G Series","8 GB","256 GB",15100,15553,"https://www.cashify.in/sell-old-mobile-phone/used-motorola-g06-8-gb-256-gb"
"Motorola","Motorola G36","G Series","2 GB","32 GB",11500,11845,"https://www.cashify.in/sell-old-mobile-phone/used-motorola-g36-2-gb-32-gb"
"Motorola","Motorola G36","G Series","2 GB","64 GB",11500,11845,"https://www.cashify.in/sell-old-mobile-phone/used-motorola-g36-2-gb-64-gb"
"Motorola","Motorola G36","G Series","2 GB","128 GB",5500,5665,"https://www.cashify.in/sell-old-mobile-phone/used-motorola-g36-2-gb-128-gb"
"Motorola","Motorola G36","G Series","2 GB","256 GB",11500,11845,"https://www.cashify.in/sell-old-mobile-phone/used-motorola-g36-2-gb-256-gb"
"Motorola","Motorola G36","G Series","4 GB","32 GB",12700,13081,"https://www.cashify.in/sell-old-mobile-phone/used-motorola-g36-4-gb-32-gb"
"Motorola","Motorola G36","G Series","4 GB","64 GB",12700,13081,"https://www.cashify.in/sell-old-mobile-phone/used-motorola-g36-4-gb-64-gb"
"Motorola","Motorola G36","G Series","4 GB","128 GB",6700,6901,"https://www.cashify.in/sell-old-mobile-phone/used-motorola-g36-4-gb-128-gb"
"Motorola","Motorola G36","G Series","4 GB","256 GB",12700,13081,"https://www.cashify.in/sell-old-mobile-phone/used-motorola-g36-4-gb-256-gb"
"Motorola","Motorola G36","G Series","6 GB","32 GB",13900,14317,"https://www.cashify.in/sell-old-mobile-phone/used-motorola-g36-6-gb-32-gb"
"Motorola","Motorola G36","G Series","6 GB","64 GB",13900,14317,"https://www.cashify.in/sell-old-mobile-phone/used-motorola-g36-6-gb-64-gb"
"Motorola","Motorola G36","G Series","6 GB","128 GB",7900,8137,"https://www.cashify.in/sell-old-mobile-phone/used-motorola-g36-6-gb-128-gb"
"Motorola","Motorola G36","G Series","6 GB","256 GB",13900,14317,"https://www.cashify.in/sell-old-mobile-phone/used-motorola-g36-6-gb-256-gb"
"Motorola","Motorola G36","G Series","8 GB","32 GB",15100,15553,"https://www.cashify.in/sell-old-mobile-phone/used-motorola-g36-8-gb-32-gb"
"Motorola","Motorola G36","G Series","8 GB","64 GB",15100,15553,"https://www.cashify.in/sell-old-mobile-phone/used-motorola-g36-8-gb-64-gb"
"Motorola","Motorola G36","G Series","8 GB","128 GB",9100,9373,"https://www.cashify.in/sell-old-mobile-phone/used-motorola-g36-8-gb-128-gb"
"Motorola","Motorola G36","G Series","8 GB","256 GB",15100,15553,"https://www.cashify.in/sell-old-mobile-phone/used-motorola-g36-8-gb-256-gb"
"Motorola","Motorola G56","G Series","2 GB","32 GB",11500,11845,"https://www.cashify.in/sell-old-mobile-phone/used-motorola-g56-2-gb-32-gb"
"Motorola","Motorola G56","G Series","2 GB","64 GB",11500,11845,"https://www.cashify.in/sell-old-mobile-phone/used-motorola-g56-2-gb-64-gb"
"Motorola","Motorola G56","G Series","2 GB","128 GB",5500,5665,"https://www.cashify.in/sell-old-mobile-phone/used-motorola-g56-2-gb-128-gb"
"Motorola","Motorola G56","G Series","2 GB","256 GB",11500,11845,"https://www.cashify.in/sell-old-mobile-phone/used-motorola-g56-2-gb-256-gb"
"Motorola","Motorola G56","G Series","4 GB","32 GB",12700,13081,"https://www.cashify.in/sell-old-mobile-phone/used-motorola-g56-4-gb-32-gb"
"Motorola","Motorola G56","G Series","4 GB","64 GB",12700,13081,"https://www.cashify.in/sell-old-mobile-phone/used-motorola-g56-4-gb-64-gb"
"Motorola","Motorola G56","G Series","4 GB","128 GB",6700,6901,"https://www.cashify.in/sell-old-mobile-phone/used-motorola-g56-4-gb-128-gb"
"Motorola","Motorola G56","G Series","4 GB","256 GB",12700,13081,"https://www.cashify.in/sell-old-mobile-phone/used-motorola-g56-4-gb-256-gb"
"Motorola","Motorola G56","G Series","6 GB","32 GB",13900,14317,"https://www.cashify.in/sell-old-mobile-phone/used-motorola-g56-6-gb-32-gb"
"Motorola","Motorola G56","G Series","6 GB","64 GB",13900,14317,"https://www.cashify.in/sell-old-mobile-phone/used-motorola-g56-6-gb-64-gb"
"Motorola","Motorola G56","G Series","6 GB","128 GB",7900,8137,"https://www.cashify.in/sell-old-mobile-phone/used-motorola-g56-6-gb-128-gb"
"Motorola","Motorola G56","G Series","6 GB","256 GB",13900,14317,"https://www.cashify.in/sell-old-mobile-phone/used-motorola-g56-6-gb-256-gb"
"Motorola","Motorola G56","G Series","8 GB","32 GB",15100,15553,"https://www.cashify.in/sell-old-mobile-phone/used-motorola-g56-8-gb-32-gb"
"Motorola","Motorola G56","G Series","8 GB","64 GB",15100,15553,"https://www.cashify.in/sell-old-mobile-phone/used-motorola-g56-8-gb-64-gb"
"Motorola","Motorola G56","G Series","8 GB","128 GB",9100,9373,"https://www.cashify.in/sell-old-mobile-phone/used-motorola-g56-8-gb-128-gb"
"Motorola","Motorola G56","G Series","8 GB","256 GB",15100,15553,"https://www.cashify.in/sell-old-mobile-phone/used-motorola-g56-8-gb-256-gb"
"Motorola","Motorola G57","G Series","2 GB","32 GB",11500,11845,"https://www.cashify.in/sell-old-mobile-phone/used-motorola-g57-2-gb-32-gb"
"Motorola","Motorola G57","G Series","2 GB","64 GB",11500,11845,"https://www.cashify.in/sell-old-mobile-phone/used-motorola-g57-2-gb-64-gb"
"Motorola","Motorola G57","G Series","2 GB","128 GB",5500,5665,"https://www.cashify.in/sell-old-mobile-phone/used-motorola-g57-2-gb-128-gb"
"Motorola","Motorola G57","G Series","2 GB","256 GB",11500,11845,"https://www.cashify.in/sell-old-mobile-phone/used-motorola-g57-2-gb-256-gb"
"Motorola","Motorola G57","G Series","4 GB","32 GB",12700,13081,"https://www.cashify.in/sell-old-mobile-phone/used-motorola-g57-4-gb-32-gb"
"Motorola","Motorola G57","G Series","4 GB","64 GB",12700,13081,"https://www.cashify.in/sell-old-mobile-phone/used-motorola-g57-4-gb-64-gb"
"Motorola","Motorola G57","G Series","4 GB","128 GB",6700,6901,"https://www.cashify.in/sell-old-mobile-phone/used-motorola-g57-4-gb-128-gb"
"Motorola","Motorola G57","G Series","4 GB","256 GB",12700,13081,"https://www.cashify.in/sell-old-mobile-phone/used-motorola-g57-4-gb-256-gb"
"Motorola","Motorola G57","G Series","6 GB","32 GB",13900,14317,"https://www.cashify.in/sell-old-mobile-phone/used-motorola-g57-6-gb-32-gb"
"Motorola","Motorola G57","G Series","6 GB","64 GB",13900,14317,"https://www.cashify.in/sell-old-mobile-phone/used-motorola-g57-6-gb-64-gb"
"Motorola","Motorola G57","G Series","6 GB","128 GB",7900,8137,"https://www.cashify.in/sell-old-mobile-phone/used-motorola-g57-6-gb-128-gb"
"Motorola","Motorola G57","G Series","6 GB","256 GB",13900,14317,"https://www.cashify.in/sell-old-mobile-phone/used-motorola-g57-6-gb-256-gb"
"Motorola","Motorola G57","G Series","8 GB","32 GB",15100,15553,"https://www.cashify.in/sell-old-mobile-phone/used-motorola-g57-8-gb-32-gb"
"Motorola","Motorola G57","G Series","8 GB","64 GB",15100,15553,"https://www.cashify.in/sell-old-mobile-phone/used-motorola-g57-8-gb-64-gb"
"Motorola","Motorola G57","G Series","8 GB","128 GB",9100,9373,"https://www.cashify.in/sell-old-mobile-phone/used-motorola-g57-8-gb-128-gb"
"Motorola","Motorola G57","G Series","8 GB","256 GB",15100,15553,"https://www.cashify.in/sell-old-mobile-phone/used-motorola-g57-8-gb-256-gb"
"Motorola","Motorola G60","G Series","2 GB","32 GB",11500,11845,"https://www.cashify.in/sell-old-mobile-phone/used-motorola-g60-2-gb-32-gb"
"Motorola","Motorola G60","G Series","2 GB","64 GB",11500,11845,"https://www.cashify.in/sell-old-mobile-phone/used-motorola-g60-2-gb-64-gb"
"Motorola","Motorola G60","G Series","2 GB","128 GB",5500,5665,"https://www.cashify.in/sell-old-mobile-phone/used-motorola-g60-2-gb-128-gb"
"Motorola","Motorola G60","G Series","2 GB","256 GB",11500,11845,"https://www.cashify.in/sell-old-mobile-phone/used-motorola-g60-2-gb-256-gb"
"Motorola","Motorola G60","G Series","4 GB","32 GB",12700,13081,"https://www.cashify.in/sell-old-mobile-phone/used-motorola-g60-4-gb-32-gb"
"Motorola","Motorola G60","G Series","4 GB","64 GB",12700,13081,"https://www.cashify.in/sell-old-mobile-phone/used-motorola-g60-4-gb-64-gb"
"Motorola","Motorola G60","G Series","4 GB","128 GB",6700,6901,"https://www.cashify.in/sell-old-mobile-phone/used-motorola-g60-4-gb-128-gb"
"Motorola","Motorola G60","G Series","4 GB","256 GB",12700,13081,"https://www.cashify.in/sell-old-mobile-phone/used-motorola-g60-4-gb-256-gb"
"Motorola","Motorola G60","G Series","6 GB","32 GB",13900,14317,"https://www.cashify.in/sell-old-mobile-phone/used-motorola-g60-6-gb-32-gb"
"Motorola","Motorola G60","G Series","6 GB","64 GB",13900,14317,"https://www.cashify.in/sell-old-mobile-phone/used-motorola-g60-6-gb-64-gb"
"Motorola","Motorola G60","G Series","6 GB","128 GB",7900,8137,"https://www.cashify.in/sell-old-mobile-phone/used-motorola-g60-6-gb-128-gb"
"Motorola","Motorola G60","G Series","6 GB","256 GB",13900,14317,"https://www.cashify.in/sell-old-mobile-phone/used-motorola-g60-6-gb-256-gb"
"Motorola","Motorola G60","G Series","8 GB","32 GB",15100,15553,"https://www.cashify.in/sell-old-mobile-phone/used-motorola-g60-8-gb-32-gb"
"Motorola","Motorola G60","G Series","8 GB","64 GB",15100,15553,"https://www.cashify.in/sell-old-mobile-phone/used-motorola-g60-8-gb-64-gb"
"Motorola","Motorola G60","G Series","8 GB","128 GB",9100,9373,"https://www.cashify.in/sell-old-mobile-phone/used-motorola-g60-8-gb-128-gb"
"Motorola","Motorola G60","G Series","8 GB","256 GB",15100,15553,"https://www.cashify.in/sell-old-mobile-phone/used-motorola-g60-8-gb-256-gb"
"Motorola","Motorola G67","G Series","2 GB","32 GB",11500,11845,"https://www.cashify.in/sell-old-mobile-phone/used-motorola-g67-2-gb-32-gb"
"Motorola","Motorola G67","G Series","2 GB","64 GB",11500,11845,"https://www.cashify.in/sell-old-mobile-phone/used-motorola-g67-2-gb-64-gb"
"Motorola","Motorola G67","G Series","2 GB","128 GB",5500,5665,"https://www.cashify.in/sell-old-mobile-phone/used-motorola-g67-2-gb-128-gb"
"Motorola","Motorola G67","G Series","2 GB","256 GB",11500,11845,"https://www.cashify.in/sell-old-mobile-phone/used-motorola-g67-2-gb-256-gb"
"Motorola","Motorola G67","G Series","4 GB","32 GB",12700,13081,"https://www.cashify.in/sell-old-mobile-phone/used-motorola-g67-4-gb-32-gb"
"Motorola","Motorola G67","G Series","4 GB","64 GB",12700,13081,"https://www.cashify.in/sell-old-mobile-phone/used-motorola-g67-4-gb-64-gb"
"Motorola","Motorola G67","G Series","4 GB","128 GB",6700,6901,"https://www.cashify.in/sell-old-mobile-phone/used-motorola-g67-4-gb-128-gb"
"Motorola","Motorola G67","G Series","4 GB","256 GB",12700,13081,"https://www.cashify.in/sell-old-mobile-phone/used-motorola-g67-4-gb-256-gb"
"Motorola","Motorola G67","G Series","6 GB","32 GB",13900,14317,"https://www.cashify.in/sell-old-mobile-phone/used-motorola-g67-6-gb-32-gb"
"Motorola","Motorola G67","G Series","6 GB","64 GB",13900,14317,"https://www.cashify.in/sell-old-mobile-phone/used-motorola-g67-6-gb-64-gb"
"Motorola","Motorola G67","G Series","6 GB","128 GB",7900,8137,"https://www.cashify.in/sell-old-mobile-phone/used-motorola-g67-6-gb-128-gb"
"Motorola","Motorola G67","G Series","6 GB","256 GB",13900,14317,"https://www.cashify.in/sell-old-mobile-phone/used-motorola-g67-6-gb-256-gb"
"Motorola","Motorola G67","G Series","8 GB","32 GB",15100,15553,"https://www.cashify.in/sell-old-mobile-phone/used-motorola-g67-8-gb-32-gb"
"Motorola","Motorola G67","G Series","8 GB","64 GB",15100,15553,"https://www.cashify.in/sell-old-mobile-phone/used-motorola-g67-8-gb-64-gb"
"Motorola","Motorola G67","G Series","8 GB","128 GB",9100,9373,"https://www.cashify.in/sell-old-mobile-phone/used-motorola-g67-8-gb-128-gb"
"Motorola","Motorola G67","G Series","8 GB","256 GB",15100,15553,"https://www.cashify.in/sell-old-mobile-phone/used-motorola-g67-8-gb-256-gb"
"Motorola","Motorola Edge 40","Edge Series","8 GB","128 GB",35500,36565,"https://www.cashify.in/sell-old-mobile-phone/used-motorola-edge-40-8-gb-128-gb"
"Motorola","Motorola Edge 40","Edge Series","8 GB","256 GB",41500,42745,"https://www.cashify.in/sell-old-mobile-phone/used-motorola-edge-40-8-gb-256-gb"
"Motorola","Motorola Edge 40","Edge Series","8 GB","512 GB",47000,48410,"https://www.cashify.in/sell-old-mobile-phone/used-motorola-edge-40-8-gb-512-gb"
"Motorola","Motorola Edge 40","Edge Series","8 GB","1024 GB",52000,53560,"https://www.cashify.in/sell-old-mobile-phone/used-motorola-edge-40-8-gb-1024-gb"
"Motorola","Motorola Edge 40","Edge Series","12 GB","128 GB",37900,39037,"https://www.cashify.in/sell-old-mobile-phone/used-motorola-edge-40-12-gb-128-gb"
"Motorola","Motorola Edge 40","Edge Series","12 GB","256 GB",43900,45217,"https://www.cashify.in/sell-old-mobile-phone/used-motorola-edge-40-12-gb-256-gb"
"Motorola","Motorola Edge 40","Edge Series","12 GB","512 GB",49400,50882,"https://www.cashify.in/sell-old-mobile-phone/used-motorola-edge-40-12-gb-512-gb"
"Motorola","Motorola Edge 40","Edge Series","12 GB","1024 GB",54400,56032,"https://www.cashify.in/sell-old-mobile-phone/used-motorola-edge-40-12-gb-1024-gb"
"Motorola","Motorola Edge 40 Fusion","Edge Series","8 GB","128 GB",35500,36565,"https://www.cashify.in/sell-old-mobile-phone/used-motorola-edge-40-fusion-8-gb-128-gb"
"Motorola","Motorola Edge 40 Fusion","Edge Series","8 GB","256 GB",41500,42745,"https://www.cashify.in/sell-old-mobile-phone/used-motorola-edge-40-fusion-8-gb-256-gb"
"Motorola","Motorola Edge 40 Fusion","Edge Series","8 GB","512 GB",47000,48410,"https://www.cashify.in/sell-old-mobile-phone/used-motorola-edge-40-fusion-8-gb-512-gb"
"Motorola","Motorola Edge 40 Fusion","Edge Series","8 GB","1024 GB",52000,53560,"https://www.cashify.in/sell-old-mobile-phone/used-motorola-edge-40-fusion-8-gb-1024-gb"
"Motorola","Motorola Edge 40 Fusion","Edge Series","12 GB","128 GB",37900,39037,"https://www.cashify.in/sell-old-mobile-phone/used-motorola-edge-40-fusion-12-gb-128-gb"
"Motorola","Motorola Edge 40 Fusion","Edge Series","12 GB","256 GB",43900,45217,"https://www.cashify.in/sell-old-mobile-phone/used-motorola-edge-40-fusion-12-gb-256-gb"
"Motorola","Motorola Edge 40 Fusion","Edge Series","12 GB","512 GB",49400,50882,"https://www.cashify.in/sell-old-mobile-phone/used-motorola-edge-40-fusion-12-gb-512-gb"
"Motorola","Motorola Edge 40 Fusion","Edge Series","12 GB","1024 GB",54400,56032,"https://www.cashify.in/sell-old-mobile-phone/used-motorola-edge-40-fusion-12-gb-1024-gb"
"Motorola","Motorola Edge 50","Edge Series","8 GB","128 GB",35500,36565,"https://www.cashify.in/sell-old-mobile-phone/used-motorola-edge-50-8-gb-128-gb"
"Motorola","Motorola Edge 50","Edge Series","8 GB","256 GB",41500,42745,"https://www.cashify.in/sell-old-mobile-phone/used-motorola-edge-50-8-gb-256-gb"
"Motorola","Motorola Edge 50","Edge Series","8 GB","512 GB",47000,48410,"https://www.cashify.in/sell-old-mobile-phone/used-motorola-edge-50-8-gb-512-gb"
"Motorola","Motorola Edge 50","Edge Series","8 GB","1024 GB",52000,53560,"https://www.cashify.in/sell-old-mobile-phone/used-motorola-edge-50-8-gb-1024-gb"
"Motorola","Motorola Edge 50","Edge Series","12 GB","128 GB",37900,39037,"https://www.cashify.in/sell-old-mobile-phone/used-motorola-edge-50-12-gb-128-gb"
"Motorola","Motorola Edge 50","Edge Series","12 GB","256 GB",43900,45217,"https://www.cashify.in/sell-old-mobile-phone/used-motorola-edge-50-12-gb-256-gb"
"Motorola","Motorola Edge 50","Edge Series","12 GB","512 GB",49400,50882,"https://www.cashify.in/sell-old-mobile-phone/used-motorola-edge-50-12-gb-512-gb"
"Motorola","Motorola Edge 50","Edge Series","12 GB","1024 GB",54400,56032,"https://www.cashify.in/sell-old-mobile-phone/used-motorola-edge-50-12-gb-1024-gb"
"Motorola","Motorola Edge 60","Edge Series","8 GB","128 GB",35500,36565,"https://www.cashify.in/sell-old-mobile-phone/used-motorola-edge-60-8-gb-128-gb"
"Motorola","Motorola Edge 60","Edge Series","8 GB","256 GB",41500,42745,"https://www.cashify.in/sell-old-mobile-phone/used-motorola-edge-60-8-gb-256-gb"
"Motorola","Motorola Edge 60","Edge Series","8 GB","512 GB",47000,48410,"https://www.cashify.in/sell-old-mobile-phone/used-motorola-edge-60-8-gb-512-gb"
"Motorola","Motorola Edge 60","Edge Series","8 GB","1024 GB",52000,53560,"https://www.cashify.in/sell-old-mobile-phone/used-motorola-edge-60-8-gb-1024-gb"
"Motorola","Motorola Edge 60","Edge Series","12 GB","128 GB",37900,39037,"https://www.cashify.in/sell-old-mobile-phone/used-motorola-edge-60-12-gb-128-gb"
"Motorola","Motorola Edge 60","Edge Series","12 GB","256 GB",43900,45217,"https://www.cashify.in/sell-old-mobile-phone/used-motorola-edge-60-12-gb-256-gb"
"Motorola","Motorola Edge 60","Edge Series","12 GB","512 GB",49400,50882,"https://www.cashify.in/sell-old-mobile-phone/used-motorola-edge-60-12-gb-512-gb"
"Motorola","Motorola Edge 60","Edge Series","12 GB","1024 GB",54400,56032,"https://www.cashify.in/sell-old-mobile-phone/used-motorola-edge-60-12-gb-1024-gb"
"Motorola","Motorola Edge 60 Fusion","Edge Series","8 GB","128 GB",35500,36565,"https://www.cashify.in/sell-old-mobile-phone/used-motorola-edge-60-fusion-8-gb-128-gb"
"Motorola","Motorola Edge 60 Fusion","Edge Series","8 GB","256 GB",41500,42745,"https://www.cashify.in/sell-old-mobile-phone/used-motorola-edge-60-fusion-8-gb-256-gb"
"Motorola","Motorola Edge 60 Fusion","Edge Series","8 GB","512 GB",47000,48410,"https://www.cashify.in/sell-old-mobile-phone/used-motorola-edge-60-fusion-8-gb-512-gb"
"Motorola","Motorola Edge 60 Fusion","Edge Series","8 GB","1024 GB",52000,53560,"https://www.cashify.in/sell-old-mobile-phone/used-motorola-edge-60-fusion-8-gb-1024-gb"
"Motorola","Motorola Edge 60 Fusion","Edge Series","12 GB","128 GB",37900,39037,"https://www.cashify.in/sell-old-mobile-phone/used-motorola-edge-60-fusion-12-gb-128-gb"
"Motorola","Motorola Edge 60 Fusion","Edge Series","12 GB","256 GB",43900,45217,"https://www.cashify.in/sell-old-mobile-phone/used-motorola-edge-60-fusion-12-gb-256-gb"
"Motorola","Motorola Edge 60 Fusion","Edge Series","12 GB","512 GB",49400,50882,"https://www.cashify.in/sell-old-mobile-phone/used-motorola-edge-60-fusion-12-gb-512-gb"
"Motorola","Motorola Edge 60 Fusion","Edge Series","12 GB","1024 GB",54400,56032,"https://www.cashify.in/sell-old-mobile-phone/used-motorola-edge-60-fusion-12-gb-1024-gb"
"Motorola","Motorola Edge 60 Pro","Edge Series","8 GB","128 GB",64500,66435,"https://www.cashify.in/sell-old-mobile-phone/used-motorola-edge-60-pro-8-gb-128-gb"
"Motorola","Motorola Edge 60 Pro","Edge Series","8 GB","256 GB",70500,72615,"https://www.cashify.in/sell-old-mobile-phone/used-motorola-edge-60-pro-8-gb-256-gb"
"Motorola","Motorola Edge 60 Pro","Edge Series","8 GB","512 GB",75500,77765,"https://www.cashify.in/sell-old-mobile-phone/used-motorola-edge-60-pro-8-gb-512-gb"
"Motorola","Motorola Edge 60 Pro","Edge Series","8 GB","1024 GB",80500,82915,"https://www.cashify.in/sell-old-mobile-phone/used-motorola-edge-60-pro-8-gb-1024-gb"
"Motorola","Motorola Edge 60 Pro","Edge Series","12 GB","128 GB",66900,68907,"https://www.cashify.in/sell-old-mobile-phone/used-motorola-edge-60-pro-12-gb-128-gb"
"Motorola","Motorola Edge 60 Pro","Edge Series","12 GB","256 GB",72900,75087,"https://www.cashify.in/sell-old-mobile-phone/used-motorola-edge-60-pro-12-gb-256-gb"
"Motorola","Motorola Edge 60 Pro","Edge Series","12 GB","512 GB",77900,80237,"https://www.cashify.in/sell-old-mobile-phone/used-motorola-edge-60-pro-12-gb-512-gb"
"Motorola","Motorola Edge 60 Pro","Edge Series","12 GB","1024 GB",82900,85387,"https://www.cashify.in/sell-old-mobile-phone/used-motorola-edge-60-pro-12-gb-1024-gb"
"Motorola","Motorola Edge 60 Pro","Edge Series","16 GB","128 GB",69300,71379,"https://www.cashify.in/sell-old-mobile-phone/used-motorola-edge-60-pro-16-gb-128-gb"
"Motorola","Motorola Edge 60 Pro","Edge Series","16 GB","256 GB",75300,77559,"https://www.cashify.in/sell-old-mobile-phone/used-motorola-edge-60-pro-16-gb-256-gb"
"Motorola","Motorola Edge 60 Pro","Edge Series","16 GB","512 GB",80300,82709,"https://www.cashify.in/sell-old-mobile-phone/used-motorola-edge-60-pro-16-gb-512-gb"
"Motorola","Motorola Edge 60 Pro","Edge Series","16 GB","1024 GB",85300,87859,"https://www.cashify.in/sell-old-mobile-phone/used-motorola-edge-60-pro-16-gb-1024-gb"
"Motorola","Motorola Edge 70","Edge Series","8 GB","128 GB",35500,36565,"https://www.cashify.in/sell-old-mobile-phone/used-motorola-edge-70-8-gb-128-gb"
"Motorola","Motorola Edge 70","Edge Series","8 GB","256 GB",41500,42745,"https://www.cashify.in/sell-old-mobile-phone/used-motorola-edge-70-8-gb-256-gb"
"Motorola","Motorola Edge 70","Edge Series","8 GB","512 GB",47000,48410,"https://www.cashify.in/sell-old-mobile-phone/used-motorola-edge-70-8-gb-512-gb"
"Motorola","Motorola Edge 70","Edge Series","8 GB","1024 GB",52000,53560,"https://www.cashify.in/sell-old-mobile-phone/used-motorola-edge-70-8-gb-1024-gb"
"Motorola","Motorola Edge 70","Edge Series","12 GB","128 GB",37900,39037,"https://www.cashify.in/sell-old-mobile-phone/used-motorola-edge-70-12-gb-128-gb"
"Motorola","Motorola Edge 70","Edge Series","12 GB","256 GB",43900,45217,"https://www.cashify.in/sell-old-mobile-phone/used-motorola-edge-70-12-gb-256-gb"
"Motorola","Motorola Edge 70","Edge Series","12 GB","512 GB",49400,50882,"https://www.cashify.in/sell-old-mobile-phone/used-motorola-edge-70-12-gb-512-gb"
"Motorola","Motorola Edge 70","Edge Series","12 GB","1024 GB",54400,56032,"https://www.cashify.in/sell-old-mobile-phone/used-motorola-edge-70-12-gb-1024-gb"
"Motorola","Motorola Edge 70 Fusion","Edge Series","8 GB","128 GB",35500,36565,"https://www.cashify.in/sell-old-mobile-phone/used-motorola-edge-70-fusion-8-gb-128-gb"
"Motorola","Motorola Edge 70 Fusion","Edge Series","8 GB","256 GB",41500,42745,"https://www.cashify.in/sell-old-mobile-phone/used-motorola-edge-70-fusion-8-gb-256-gb"
"Motorola","Motorola Edge 70 Fusion","Edge Series","8 GB","512 GB",47000,48410,"https://www.cashify.in/sell-old-mobile-phone/used-motorola-edge-70-fusion-8-gb-512-gb"
"Motorola","Motorola Edge 70 Fusion","Edge Series","8 GB","1024 GB",52000,53560,"https://www.cashify.in/sell-old-mobile-phone/used-motorola-edge-70-fusion-8-gb-1024-gb"
"Motorola","Motorola Edge 70 Fusion","Edge Series","12 GB","128 GB",37900,39037,"https://www.cashify.in/sell-old-mobile-phone/used-motorola-edge-70-fusion-12-gb-128-gb"
"Motorola","Motorola Edge 70 Fusion","Edge Series","12 GB","256 GB",43900,45217,"https://www.cashify.in/sell-old-mobile-phone/used-motorola-edge-70-fusion-12-gb-256-gb"
"Motorola","Motorola Edge 70 Fusion","Edge Series","12 GB","512 GB",49400,50882,"https://www.cashify.in/sell-old-mobile-phone/used-motorola-edge-70-fusion-12-gb-512-gb"
"Motorola","Motorola Edge 70 Fusion","Edge Series","12 GB","1024 GB",54400,56032,"https://www.cashify.in/sell-old-mobile-phone/used-motorola-edge-70-fusion-12-gb-1024-gb"
"Motorola","Motorola Edge 70 Pro","Edge Series","8 GB","128 GB",64500,66435,"https://www.cashify.in/sell-old-mobile-phone/used-motorola-edge-70-pro-8-gb-128-gb"
"Motorola","Motorola Edge 70 Pro","Edge Series","8 GB","256 GB",70500,72615,"https://www.cashify.in/sell-old-mobile-phone/used-motorola-edge-70-pro-8-gb-256-gb"
"Motorola","Motorola Edge 70 Pro","Edge Series","8 GB","512 GB",75500,77765,"https://www.cashify.in/sell-old-mobile-phone/used-motorola-edge-70-pro-8-gb-512-gb"
"Motorola","Motorola Edge 70 Pro","Edge Series","8 GB","1024 GB",80500,82915,"https://www.cashify.in/sell-old-mobile-phone/used-motorola-edge-70-pro-8-gb-1024-gb"
"Motorola","Motorola Edge 70 Pro","Edge Series","12 GB","128 GB",66900,68907,"https://www.cashify.in/sell-old-mobile-phone/used-motorola-edge-70-pro-12-gb-128-gb"
"Motorola","Motorola Edge 70 Pro","Edge Series","12 GB","256 GB",72900,75087,"https://www.cashify.in/sell-old-mobile-phone/used-motorola-edge-70-pro-12-gb-256-gb"
"Motorola","Motorola Edge 70 Pro","Edge Series","12 GB","512 GB",77900,80237,"https://www.cashify.in/sell-old-mobile-phone/used-motorola-edge-70-pro-12-gb-512-gb"
"Motorola","Motorola Edge 70 Pro","Edge Series","12 GB","1024 GB",82900,85387,"https://www.cashify.in/sell-old-mobile-phone/used-motorola-edge-70-pro-12-gb-1024-gb"
"Motorola","Motorola Edge 70 Pro","Edge Series","16 GB","128 GB",69300,71379,"https://www.cashify.in/sell-old-mobile-phone/used-motorola-edge-70-pro-16-gb-128-gb"
"Motorola","Motorola Edge 70 Pro","Edge Series","16 GB","256 GB",75300,77559,"https://www.cashify.in/sell-old-mobile-phone/used-motorola-edge-70-pro-16-gb-256-gb"
"Motorola","Motorola Edge 70 Pro","Edge Series","16 GB","512 GB",80300,82709,"https://www.cashify.in/sell-old-mobile-phone/used-motorola-edge-70-pro-16-gb-512-gb"
"Motorola","Motorola Edge 70 Pro","Edge Series","16 GB","1024 GB",85300,87859,"https://www.cashify.in/sell-old-mobile-phone/used-motorola-edge-70-pro-16-gb-1024-gb"
"Motorola","Motorola Razr 50","Razr Series","8 GB","128 GB",35500,36565,"https://www.cashify.in/sell-old-mobile-phone/used-motorola-razr-50-8-gb-128-gb"
"Motorola","Motorola Razr 50","Razr Series","8 GB","256 GB",41500,42745,"https://www.cashify.in/sell-old-mobile-phone/used-motorola-razr-50-8-gb-256-gb"
"Motorola","Motorola Razr 50","Razr Series","8 GB","512 GB",47000,48410,"https://www.cashify.in/sell-old-mobile-phone/used-motorola-razr-50-8-gb-512-gb"
"Motorola","Motorola Razr 50","Razr Series","8 GB","1024 GB",52000,53560,"https://www.cashify.in/sell-old-mobile-phone/used-motorola-razr-50-8-gb-1024-gb"
"Motorola","Motorola Razr 50","Razr Series","12 GB","128 GB",37900,39037,"https://www.cashify.in/sell-old-mobile-phone/used-motorola-razr-50-12-gb-128-gb"
"Motorola","Motorola Razr 50","Razr Series","12 GB","256 GB",43900,45217,"https://www.cashify.in/sell-old-mobile-phone/used-motorola-razr-50-12-gb-256-gb"
"Motorola","Motorola Razr 50","Razr Series","12 GB","512 GB",49400,50882,"https://www.cashify.in/sell-old-mobile-phone/used-motorola-razr-50-12-gb-512-gb"
"Motorola","Motorola Razr 50","Razr Series","12 GB","1024 GB",54400,56032,"https://www.cashify.in/sell-old-mobile-phone/used-motorola-razr-50-12-gb-1024-gb"
"Motorola","Motorola Razr 60","Razr Series","8 GB","128 GB",35500,36565,"https://www.cashify.in/sell-old-mobile-phone/used-motorola-razr-60-8-gb-128-gb"
"Motorola","Motorola Razr 60","Razr Series","8 GB","256 GB",41500,42745,"https://www.cashify.in/sell-old-mobile-phone/used-motorola-razr-60-8-gb-256-gb"
"Motorola","Motorola Razr 60","Razr Series","8 GB","512 GB",47000,48410,"https://www.cashify.in/sell-old-mobile-phone/used-motorola-razr-60-8-gb-512-gb"
"Motorola","Motorola Razr 60","Razr Series","8 GB","1024 GB",52000,53560,"https://www.cashify.in/sell-old-mobile-phone/used-motorola-razr-60-8-gb-1024-gb"
"Motorola","Motorola Razr 60","Razr Series","12 GB","128 GB",37900,39037,"https://www.cashify.in/sell-old-mobile-phone/used-motorola-razr-60-12-gb-128-gb"
"Motorola","Motorola Razr 60","Razr Series","12 GB","256 GB",43900,45217,"https://www.cashify.in/sell-old-mobile-phone/used-motorola-razr-60-12-gb-256-gb"
"Motorola","Motorola Razr 60","Razr Series","12 GB","512 GB",49400,50882,"https://www.cashify.in/sell-old-mobile-phone/used-motorola-razr-60-12-gb-512-gb"
"Motorola","Motorola Razr 60","Razr Series","12 GB","1024 GB",54400,56032,"https://www.cashify.in/sell-old-mobile-phone/used-motorola-razr-60-12-gb-1024-gb"
"Motorola","Motorola Razr 60 Ultra","Razr Series","8 GB","256 GB",74500,76735,"https://www.cashify.in/sell-old-mobile-phone/used-motorola-razr-60-ultra-8-gb-256-gb"
"Motorola","Motorola Razr 60 Ultra","Razr Series","8 GB","512 GB",80000,82400,"https://www.cashify.in/sell-old-mobile-phone/used-motorola-razr-60-ultra-8-gb-512-gb"
"Motorola","Motorola Razr 60 Ultra","Razr Series","8 GB","1024 GB",85000,87550,"https://www.cashify.in/sell-old-mobile-phone/used-motorola-razr-60-ultra-8-gb-1024-gb"
"Motorola","Motorola Razr 60 Ultra","Razr Series","12 GB","256 GB",76900,79207,"https://www.cashify.in/sell-old-mobile-phone/used-motorola-razr-60-ultra-12-gb-256-gb"
"Motorola","Motorola Razr 60 Ultra","Razr Series","12 GB","512 GB",82400,84872,"https://www.cashify.in/sell-old-mobile-phone/used-motorola-razr-60-ultra-12-gb-512-gb"
"Motorola","Motorola Razr 60 Ultra","Razr Series","12 GB","1024 GB",87400,90022,"https://www.cashify.in/sell-old-mobile-phone/used-motorola-razr-60-ultra-12-gb-1024-gb"
"Motorola","Motorola Razr 60 Ultra","Razr Series","16 GB","256 GB",79300,81679,"https://www.cashify.in/sell-old-mobile-phone/used-motorola-razr-60-ultra-16-gb-256-gb"
"Motorola","Motorola Razr 60 Ultra","Razr Series","16 GB","512 GB",84800,87344,"https://www.cashify.in/sell-old-mobile-phone/used-motorola-razr-60-ultra-16-gb-512-gb"
"Motorola","Motorola Razr 60 Ultra","Razr Series","16 GB","1024 GB",89800,92494,"https://www.cashify.in/sell-old-mobile-phone/used-motorola-razr-60-ultra-16-gb-1024-gb"
"Apple","iPad Pro 13" (M4)","iPad Pro","N/A","256 GB",82500,84975,"https://www.cashify.in/sell-old-mobile-phone/used-apple-ipad-pro-13-m4-256-gb"
"Apple","iPad Pro 13" (M4)","iPad Pro","N/A","512 GB",87500,90125,"https://www.cashify.in/sell-old-mobile-phone/used-apple-ipad-pro-13-m4-512-gb"
"Apple","iPad Pro 13" (M4)","iPad Pro","N/A","1024 GB",92500,95275,"https://www.cashify.in/sell-old-mobile-phone/used-apple-ipad-pro-13-m4-1024-gb"
"Apple","iPad Pro 13" (M4)","iPad Pro","N/A","2048 GB",98000,100940,"https://www.cashify.in/sell-old-mobile-phone/used-apple-ipad-pro-13-m4-2048-gb"
"Apple","iPad Pro 11" (M4)","iPad Pro","N/A","256 GB",82500,84975,"https://www.cashify.in/sell-old-mobile-phone/used-apple-ipad-pro-11-m4-256-gb"
"Apple","iPad Pro 11" (M4)","iPad Pro","N/A","512 GB",87500,90125,"https://www.cashify.in/sell-old-mobile-phone/used-apple-ipad-pro-11-m4-512-gb"
"Apple","iPad Pro 11" (M4)","iPad Pro","N/A","1024 GB",92500,95275,"https://www.cashify.in/sell-old-mobile-phone/used-apple-ipad-pro-11-m4-1024-gb"
"Apple","iPad Pro 11" (M4)","iPad Pro","N/A","2048 GB",98000,100940,"https://www.cashify.in/sell-old-mobile-phone/used-apple-ipad-pro-11-m4-2048-gb"
"Apple","iPad Air 13" (M2)","iPad Air","N/A","128 GB",46500,47895,"https://www.cashify.in/sell-old-mobile-phone/used-apple-ipad-air-13-m2-128-gb"
"Apple","iPad Air 13" (M2)","iPad Air","N/A","256 GB",52500,54075,"https://www.cashify.in/sell-old-mobile-phone/used-apple-ipad-air-13-m2-256-gb"
"Apple","iPad Air 13" (M2)","iPad Air","N/A","512 GB",57500,59225,"https://www.cashify.in/sell-old-mobile-phone/used-apple-ipad-air-13-m2-512-gb"
"Apple","iPad Air 13" (M2)","iPad Air","N/A","1024 GB",62500,64375,"https://www.cashify.in/sell-old-mobile-phone/used-apple-ipad-air-13-m2-1024-gb"
"Apple","iPad Air 11" (M2)","iPad Air","N/A","128 GB",46500,47895,"https://www.cashify.in/sell-old-mobile-phone/used-apple-ipad-air-11-m2-128-gb"
"Apple","iPad Air 11" (M2)","iPad Air","N/A","256 GB",52500,54075,"https://www.cashify.in/sell-old-mobile-phone/used-apple-ipad-air-11-m2-256-gb"
"Apple","iPad Air 11" (M2)","iPad Air","N/A","512 GB",57500,59225,"https://www.cashify.in/sell-old-mobile-phone/used-apple-ipad-air-11-m2-512-gb"
"Apple","iPad Air 11" (M2)","iPad Air","N/A","1024 GB",62500,64375,"https://www.cashify.in/sell-old-mobile-phone/used-apple-ipad-air-11-m2-1024-gb"
"Apple","iPad (10th Generation)","iPad","N/A","64 GB",14500,14935,"https://www.cashify.in/sell-old-mobile-phone/used-apple-ipad-10th-generation-64-gb"
"Apple","iPad (10th Generation)","iPad","N/A","256 GB",14500,14935,"https://www.cashify.in/sell-old-mobile-phone/used-apple-ipad-10th-generation-256-gb"
"Apple","iPad mini 7 (A17 Pro)","iPad mini","N/A","256 GB",50000,51500,"https://www.cashify.in/sell-old-mobile-phone/used-apple-ipad-mini-7-a17-pro-256-gb"
"Apple","iPad mini 7 (A17 Pro)","iPad mini","N/A","512 GB",55000,56650,"https://www.cashify.in/sell-old-mobile-phone/used-apple-ipad-mini-7-a17-pro-512-gb"
"Samsung","Galaxy Tab S10 Ultra","Galaxy Tab S","12 GB","256 GB",74500,76735,"https://www.cashify.in/sell-old-mobile-phone/used-samsung-galaxy-tab-s10-ultra-12-gb-256-gb"
"Samsung","Galaxy Tab S10 Ultra","Galaxy Tab S","12 GB","512 GB",80000,82400,"https://www.cashify.in/sell-old-mobile-phone/used-samsung-galaxy-tab-s10-ultra-12-gb-512-gb"
"Samsung","Galaxy Tab S10 Ultra","Galaxy Tab S","12 GB","1024 GB",85000,87550,"https://www.cashify.in/sell-old-mobile-phone/used-samsung-galaxy-tab-s10-ultra-12-gb-1024-gb"
"Samsung","Galaxy Tab S10 Ultra","Galaxy Tab S","16 GB","256 GB",76900,79207,"https://www.cashify.in/sell-old-mobile-phone/used-samsung-galaxy-tab-s10-ultra-16-gb-256-gb"
"Samsung","Galaxy Tab S10 Ultra","Galaxy Tab S","16 GB","512 GB",82400,84872,"https://www.cashify.in/sell-old-mobile-phone/used-samsung-galaxy-tab-s10-ultra-16-gb-512-gb"
"Samsung","Galaxy Tab S10 Ultra","Galaxy Tab S","16 GB","1024 GB",87400,90022,"https://www.cashify.in/sell-old-mobile-phone/used-samsung-galaxy-tab-s10-ultra-16-gb-1024-gb"
"Samsung","Galaxy Tab S10+","Galaxy Tab S","12 GB","256 GB",52000,53560,"https://www.cashify.in/sell-old-mobile-phone/used-samsung-galaxy-tab-s10-12-gb-256-gb"
"Samsung","Galaxy Tab S10+","Galaxy Tab S","12 GB","512 GB",57500,59225,"https://www.cashify.in/sell-old-mobile-phone/used-samsung-galaxy-tab-s10-12-gb-512-gb"
"Samsung","Galaxy Tab S9 Ultra","Galaxy Tab S","12 GB","256 GB",62500,64375,"https://www.cashify.in/sell-old-mobile-phone/used-samsung-galaxy-tab-s9-ultra-12-gb-256-gb"
"Samsung","Galaxy Tab S9 Ultra","Galaxy Tab S","12 GB","512 GB",68000,70040,"https://www.cashify.in/sell-old-mobile-phone/used-samsung-galaxy-tab-s9-ultra-12-gb-512-gb"
"Samsung","Galaxy Tab S9 Ultra","Galaxy Tab S","12 GB","1024 GB",73000,75190,"https://www.cashify.in/sell-old-mobile-phone/used-samsung-galaxy-tab-s9-ultra-12-gb-1024-gb"
"Samsung","Galaxy Tab S9 Ultra","Galaxy Tab S","16 GB","256 GB",64900,66847,"https://www.cashify.in/sell-old-mobile-phone/used-samsung-galaxy-tab-s9-ultra-16-gb-256-gb"
"Samsung","Galaxy Tab S9 Ultra","Galaxy Tab S","16 GB","512 GB",70400,72512,"https://www.cashify.in/sell-old-mobile-phone/used-samsung-galaxy-tab-s9-ultra-16-gb-512-gb"
"Samsung","Galaxy Tab S9 Ultra","Galaxy Tab S","16 GB","1024 GB",75400,77662,"https://www.cashify.in/sell-old-mobile-phone/used-samsung-galaxy-tab-s9-ultra-16-gb-1024-gb"
"Samsung","Galaxy Tab S9 FE+","Galaxy Tab FE","8 GB","128 GB",7500,7725,"https://www.cashify.in/sell-old-mobile-phone/used-samsung-galaxy-tab-s9-fe-8-gb-128-gb"
"Samsung","Galaxy Tab S9 FE+","Galaxy Tab FE","8 GB","256 GB",13500,13905,"https://www.cashify.in/sell-old-mobile-phone/used-samsung-galaxy-tab-s9-fe-8-gb-256-gb"
"Samsung","Galaxy Tab S9 FE+","Galaxy Tab FE","12 GB","128 GB",9900,10197,"https://www.cashify.in/sell-old-mobile-phone/used-samsung-galaxy-tab-s9-fe-12-gb-128-gb"
"Samsung","Galaxy Tab S9 FE+","Galaxy Tab FE","12 GB","256 GB",15900,16377,"https://www.cashify.in/sell-old-mobile-phone/used-samsung-galaxy-tab-s9-fe-12-gb-256-gb"
"Samsung","Galaxy Tab A9+","Galaxy Tab A","4 GB","64 GB",7500,7725,"https://www.cashify.in/sell-old-mobile-phone/used-samsung-galaxy-tab-a9-4-gb-64-gb"
"Samsung","Galaxy Tab A9+","Galaxy Tab A","4 GB","128 GB",3500,3605,"https://www.cashify.in/sell-old-mobile-phone/used-samsung-galaxy-tab-a9-4-gb-128-gb"
"Samsung","Galaxy Tab A9+","Galaxy Tab A","8 GB","64 GB",9900,10197,"https://www.cashify.in/sell-old-mobile-phone/used-samsung-galaxy-tab-a9-8-gb-64-gb"
"Samsung","Galaxy Tab A9+","Galaxy Tab A","8 GB","128 GB",5900,6077,"https://www.cashify.in/sell-old-mobile-phone/used-samsung-galaxy-tab-a9-8-gb-128-gb"
"Apple","Apple Watch Ultra 2","Apple Watch Ultra","N/A","256 GB",86500,89095,"https://www.cashify.in/sell-old-mobile-phone/used-apple-watch-ultra-2-256-gb"
"Apple","Apple Watch Ultra 2","Apple Watch Ultra","N/A","512 GB",92000,94760,"https://www.cashify.in/sell-old-mobile-phone/used-apple-watch-ultra-2-512-gb"
"Apple","Apple Watch Ultra 2","Apple Watch Ultra","N/A","1024 GB",97000,99910,"https://www.cashify.in/sell-old-mobile-phone/used-apple-watch-ultra-2-1024-gb"
"Apple","Apple Watch Series 10","Apple Watch Series 10","N/A","64 GB",78500,80855,"https://www.cashify.in/sell-old-mobile-phone/used-apple-watch-series-10-64-gb"
"Apple","Apple Watch Series 9","Apple Watch Series 9","N/A","64 GB",40000,41200,"https://www.cashify.in/sell-old-mobile-phone/used-apple-watch-series-9-64-gb"
"Apple","Apple Watch SE (2nd Gen)","Apple Watch SE","N/A","32 GB",20000,20600,"https://www.cashify.in/sell-old-mobile-phone/used-apple-watch-se-2nd-gen-32-gb"
"Samsung","Galaxy Watch Ultra","Galaxy Watch Ultra","N/A","256 GB",74500,76735,"https://www.cashify.in/sell-old-mobile-phone/used-samsung-galaxy-watch-ultra-256-gb"
"Samsung","Galaxy Watch Ultra","Galaxy Watch Ultra","N/A","512 GB",80000,82400,"https://www.cashify.in/sell-old-mobile-phone/used-samsung-galaxy-watch-ultra-512-gb"
"Samsung","Galaxy Watch Ultra","Galaxy Watch Ultra","N/A","1024 GB",85000,87550,"https://www.cashify.in/sell-old-mobile-phone/used-samsung-galaxy-watch-ultra-1024-gb"
"Samsung","Galaxy Watch 7","Galaxy Watch 7","N/A","32 GB",32500,33475,"https://www.cashify.in/sell-old-mobile-phone/used-samsung-galaxy-watch-7-32-gb"
"Samsung","Galaxy Watch 6 Classic","Galaxy Watch 6","N/A","16 GB",26500,27295,"https://www.cashify.in/sell-old-mobile-phone/used-samsung-galaxy-watch-6-classic-16-gb"
"Samsung","Galaxy Watch 6","Galaxy Watch 6","N/A","16 GB",13500,13905,"https://www.cashify.in/sell-old-mobile-phone/used-samsung-galaxy-watch-6-16-gb"